time,x,y,z,vx,vy,vz,psi,theta,phi,omega_x,omega_y,omega_z,q1,q2,q3,q4,q5,q6,q7,qdot1,qdot2,qdot3,qdot4,qdot5,qdot6,qdot7,qddot1,qddot2,qddot3,qddot4,qddot5,qddot6,qddot7,tau1,tau2,tau3,tau4,tau5,tau6,tau7,r1,r2,r3,r4,r5,r6,r7,r8,r9
0.000000,1.104033,-1.269496,0.471935,-0.000000,0.000000,-0.000000,-0.785400,-0.349100,3.141600,0.000000,0.000000,-0.000000,-0.785398,2.356194,0.000000,-1.570796,0.000000,2.705260,0.000000,0.000000,0.000000,0.000000,0.000000,0.000000,0.000000,0.000000,0.000000,0.000000,0.000000,0.000000,0.000000,0.000000,0.000000,0.000000,82.778172,3.819877,-35.072462,-1.063257,17.703573,0.000044,0.664454,-0.707106,0.241872,-0.664456,-0.707107,-0.241863,0.342052,-0.000007,-0.939681
0.010000,1.104033,-1.269496,0.471935,-0.000000,0.000001,-0.000001,-0.785400,-0.349100,3.141600,0.000000,0.000001,-0.000002,-0.784123,2.356376,-0.001096,-1.570653,0.001318,2.705222,-0.000460,0.127487,0.018124,-0.109588,0.014337,0.131834,-0.003788,-0.045996,12.748723,1.812369,-10.958766,1.433701,13.183398,-0.378774,-4.599595,24.147435,82.277882,9.980414,-35.718754,-1.055877,17.735118,0.000046,0.664454,-0.707106,0.241872,-0.664456,-0.707107,-0.241863,0.342052,-0.000007,-0.939681
0.020000,1.104033,-1.269496,0.471935,-0.000001,0.000002,-0.000003,-0.785400,-0.349100,3.141600,0.000000,0.000006,-0.000006,-0.782856,2.356555,-0.002186,-1.570511,0.002629,2.705184,-0.000917,0.126761,0.017928,-0.108974,0.014162,0.131033,-0.003893,-0.045721,-0.072628,-0.019593,0.061410,-0.017481,-0.080091,-0.010575,0.027488,-0.141301,82.771915,3.741371,-35.067927,-1.066068,17.702934,0.000044,0.664454,-0.707106,0.241872,-0.664456,-0.707107,-0.241863,0.342052,-0.000007,-0.939681
0.030000,1.104033,-1.269496,0.471935,-0.000003,0.000005,-0.000006,-0.785400,-0.349100,3.141600,0.000000,0.000013,-0.000014,-0.781595,2.356732,-0.003269,-1.570371,0.003931,2.705144,-0.001372,0.126039,0.017737,-0.108365,0.013994,0.130235,-0.003997,-0.045444,-0.072196,-0.019093,0.060819,-0.016789,-0.079838,-0.010379,0.027728,-0.140529,82.767069,3.700146,-35.066639,-1.068789,17.702753,0.000045,0.664453,-0.707106,0.241872,-0.664456,-0.707107,-0.241863,0.342052,-0.000007,-0.939681
0.040000,1.104033,-1.269496,0.471935,-0.000005,0.000008,-0.000011,-0.785400,-0.349100,3.141600,0.000000,0.000023,-0.000026,-0.780342,2.356908,-0.004347,-1.570233,0.005225,2.705103,-0.001823,0.125321,0.017551,-0.107763,0.013833,0.129439,-0.004099,-0.045164,-0.071763,-0.018596,0.060229,-0.016098,-0.079587,-0.010184,0.027968,-0.139756,82.762216,3.659171,-35.065329,-1.071493,17.702572,0.000045,0.664453,-0.707107,0.241872,-0.664456,-0.707107,-0.241863,0.342052,-0.000007,-0.939681
0.050000,1.104033,-1.269496,0.471934,-0.000008,0.000013,-0.000017,-0.785401,-0.349100,3.141600,0.000001,0.000037,-0.000040,-0.779096,2.357082,-0.005419,-1.570096,0.006512,2.705061,-0.002272,0.124608,0.017370,-0.107167,0.013679,0.128645,-0.004199,-0.044882,-0.071327,-0.018102,0.059639,-0.015408,-0.079338,-0.009992,0.028207,-0.138983,82.757355,3.618446,-35.063998,-1.074181,17.702392,0.000045,0.664453,-0.707107,0.241871,-0.664456,-0.707107,-0.241863,0.342052,-0.000006,-0.939681
0.060000,1.104033,-1.269496,0.471934,-0.000011,0.000018,-0.000024,-0.785401,-0.349099,3.141599,0.000001,0.000053,-0.000057,-0.777857,2.357254,-0.006484,-1.569961,0.007790,2.705018,-0.002718,0.123899,0.017194,-0.106576,0.013532,0.127855,-0.004297,-0.044598,-0.070891,-0.017612,0.059050,-0.014720,-0.079091,-0.009802,0.028447,-0.138209,82.752486,3.577968,-35.062646,-1.076852,17.702212,0.000045,0.664453,-0.707107,0.241871,-0.664457,-0.707106,-0.241863,0.342052,-0.000006,-0.939681
0.070000,1.104033,-1.269496,0.471934,-0.000015,0.000025,-0.000033,-0.785401,-0.349099,3.141599,0.000001,0.000072,-0.000078,-0.776625,2.357424,-0.007544,-1.569827,0.009061,2.704974,-0.003161,0.123195,0.017023,-0.105992,0.013392,0.127066,-0.004393,-0.044311,-0.070452,-0.017124,0.058461,-0.014034,-0.078846,-0.009614,0.028687,-0.137435,82.747607,3.537736,-35.061274,-1.079506,17.702032,0.000045,0.664453,-0.707108,0.241870,-0.664457,-0.707106,-0.241863,0.342051,-0.000006,-0.939681
0.080000,1.104033,-1.269496,0.471934,-0.000019,0.000033,-0.000043,-0.785402,-0.349098,3.141598,0.000002,0.000094,-0.000102,-0.775400,2.357592,-0.008598,-1.569694,0.010324,2.704929,-0.003601,0.122495,0.016856,-0.105413,0.013258,0.126280,-0.004487,-0.044021,-0.070013,-0.016640,0.057874,-0.013349,-0.078602,-0.009427,0.028927,-0.136660,82.742717,3.497748,-35.059881,-1.082141,17.701854,0.000045,0.664453,-0.707108,0.241869,-0.664458,-0.707105,-0.241863,0.342051,-0.000005,-0.939682
0.090000,1.104033,-1.269495,0.471933,-0.000025,0.000041,-0.000054,-0.785403,-0.349097,3.141597,0.000002,0.000119,-0.000129,-0.774182,2.357759,-0.009647,-1.569563,0.011579,2.704883,-0.004039,0.121799,0.016695,-0.104840,0.013132,0.125496,-0.004580,-0.043730,-0.069572,-0.016159,0.057287,-0.012666,-0.078361,-0.009243,0.029167,-0.135885,82.737815,3.458000,-35.058469,-1.084757,17.701676,0.000045,0.664452,-0.707109,0.241868,-0.664459,-0.707105,-0.241864,0.342050,-0.000004,-0.939682
0.100000,1.104032,-1.269495,0.471933,-0.000030,0.000051,-0.000066,-0.785404,-0.349096,3.141596,0.000003,0.000147,-0.000160,-0.772971,2.357925,-0.010689,-1.569433,0.012826,2.704836,-0.004473,0.121108,0.016538,-0.104273,0.013012,0.124715,-0.004671,-0.043436,-0.069129,-0.015681,0.056700,-0.011985,-0.078121,-0.009061,0.029407,-0.135110,82.732900,3.418493,-35.057036,-1.087355,17.701499,0.000045,0.664452,-0.707110,0.241866,-0.664460,-0.707103,-0.241864,0.342049,-0.000004,-0.939682
0.110000,1.104032,-1.269494,0.471932,-0.000037,0.000062,-0.000080,-0.785405,-0.349095,3.141595,0.000004,0.000178,-0.000193,-0.771767,2.358088,-0.011727,-1.569304,0.014065,2.704789,-0.004904,0.120421,0.016386,-0.103712,0.012899,0.123936,-0.004759,-0.043139,-0.068686,-0.015205,0.056115,-0.011305,-0.077883,-0.008881,0.029647,-0.134335,82.727972,3.379223,-35.055584,-1.089932,17.701324,0.000046,0.664451,-0.707111,0.241864,-0.664461,-0.707102,-0.241864,0.342048,-0.000002,-0.939683
0.120000,1.104032,-1.269493,0.471931,-0.000044,0.000074,-0.000096,-0.785407,-0.349094,3.141594,0.000004,0.000211,-0.000230,-0.770569,2.358251,-0.012758,-1.569176,0.015297,2.704740,-0.005333,0.119738,0.016238,-0.103157,0.012792,0.123160,-0.004846,-0.042840,-0.068241,-0.014733,0.055530,-0.010627,-0.077647,-0.008702,0.029888,-0.133560,82.723028,3.340189,-35.054112,-1.092490,17.701150,0.000046,0.664450,-0.707113,0.241862,-0.664462,-0.707101,-0.241865,0.342047,-0.000001,-0.939683
0.130000,1.104031,-1.269493,0.471930,-0.000051,0.000087,-0.000112,-0.785409,-0.349092,3.141592,0.000005,0.000248,-0.000270,-0.769379,2.358412,-0.013784,-1.569049,0.016521,2.704691,-0.005758,0.119060,0.016096,-0.102607,0.012693,0.122386,-0.004932,-0.042539,-0.067795,-0.014264,0.054946,-0.009950,-0.077413,-0.008526,0.030128,-0.132785,82.718067,3.301389,-35.052621,-1.095026,17.700977,0.000046,0.664449,-0.707115,0.241859,-0.664464,-0.707099,-0.241865,0.342045,0.000001,-0.939684
0.140000,1.104031,-1.269492,0.471929,-0.000060,0.000100,-0.000130,-0.785411,-0.349090,3.141590,0.000006,0.000288,-0.000313,-0.768195,2.358571,-0.014805,-1.568923,0.017737,2.704641,-0.006181,0.118387,0.015958,-0.102063,0.012600,0.121614,-0.005015,-0.042235,-0.067348,-0.013798,0.054363,-0.009275,-0.077181,-0.008351,0.030368,-0.132009,82.713090,3.262820,-35.051111,-1.097542,17.700806,0.000046,0.664448,-0.707117,0.241856,-0.664466,-0.707097,-0.241866,0.342043,0.000002,-0.939684
0.150000,1.104030,-1.269491,0.471927,-0.000068,0.000115,-0.000149,-0.785414,-0.349088,3.141588,0.000007,0.000330,-0.000359,-0.767018,2.358730,-0.015820,-1.568798,0.018945,2.704590,-0.006600,0.117718,0.015824,-0.101526,0.012514,0.120844,-0.005097,-0.041929,-0.066900,-0.013335,0.053780,-0.008602,-0.076951,-0.008179,0.030608,-0.131234,82.708094,3.224482,-35.049582,-1.100035,17.700636,0.000046,0.664447,-0.707119,0.241852,-0.664468,-0.707095,-0.241867,0.342041,0.000005,-0.939685
0.160000,1.104029,-1.269489,0.471926,-0.000078,0.000131,-0.000170,-0.785417,-0.349086,3.141585,0.000007,0.000376,-0.000408,-0.765847,2.358887,-0.016830,-1.568674,0.020146,2.704538,-0.007016,0.117053,0.015696,-0.100994,0.012435,0.120077,-0.005177,-0.041621,-0.066451,-0.012874,0.053198,-0.007930,-0.076722,-0.008008,0.030849,-0.130458,82.703079,3.186371,-35.048034,-1.102506,17.700468,0.000046,0.664446,-0.707122,0.241848,-0.664471,-0.707092,-0.241868,0.342039,0.000007,-0.939686
0.170000,1.104028,-1.269488,0.471924,-0.000088,0.000148,-0.000192,-0.785420,-0.349083,3.141582,0.000008,0.000424,-0.000461,-0.764683,2.359042,-0.017835,-1.568550,0.021339,2.704485,-0.007429,0.116393,0.015571,-0.100467,0.012362,0.119312,-0.005255,-0.041310,-0.066000,-0.012417,0.052618,-0.007260,-0.076495,-0.007839,0.031089,-0.129683,82.698043,3.148487,-35.046468,-1.104954,17.700302,0.000046,0.664444,-0.707125,0.241843,-0.664474,-0.707089,-0.241869,0.342036,0.000010,-0.939687
0.180000,1.104028,-1.269486,0.471922,-0.000098,0.000166,-0.000215,-0.785424,-0.349079,3.141579,0.000009,0.000476,-0.000517,-0.763526,2.359197,-0.018834,-1.568427,0.022525,2.704432,-0.007839,0.115738,0.015452,-0.099947,0.012296,0.118550,-0.005332,-0.040997,-0.065549,-0.011962,0.052038,-0.006592,-0.076270,-0.007672,0.031330,-0.128908,82.692985,3.110827,-35.044883,-1.107379,17.700139,0.000046,0.664443,-0.707128,0.241838,-0.664477,-0.707085,-0.241870,0.342033,0.000013,-0.939688
0.190000,1.104026,-1.269485,0.471920,-0.000110,0.000185,-0.000240,-0.785428,-0.349076,3.141575,0.000011,0.000530,-0.000576,-0.762375,2.359350,-0.019829,-1.568305,0.023703,2.704378,-0.008246,0.115087,0.015337,-0.099433,0.012237,0.117789,-0.005407,-0.040681,-0.065097,-0.011510,0.051458,-0.005925,-0.076047,-0.007507,0.031570,-0.128133,82.687905,3.073389,-35.043280,-1.109780,17.699977,0.000046,0.664441,-0.707132,0.241832,-0.664480,-0.707081,-0.241871,0.342029,0.000016,-0.939689
0.200000,1.104025,-1.269483,0.471917,-0.000122,0.000205,-0.000266,-0.785433,-0.349072,3.141571,0.000012,0.000587,-0.000638,-0.761231,2.359502,-0.020818,-1.568183,0.024873,2.704323,-0.008650,0.114440,0.015226,-0.098924,0.012184,0.117031,-0.005481,-0.040363,-0.064645,-0.011061,0.050880,-0.005260,-0.075826,-0.007344,0.031811,-0.127358,82.682801,3.036172,-35.041659,-1.112157,17.699818,0.000047,0.664439,-0.707136,0.241825,-0.664485,-0.707077,-0.241872,0.342026,0.000020,-0.939691
0.210000,1.104024,-1.269481,0.471914,-0.000134,0.000226,-0.000293,-0.785438,-0.349067,3.141567,0.000013,0.000647,-0.000703,-0.760093,2.359654,-0.021802,-1.568061,0.026036,2.704268,-0.009050,0.113798,0.015120,-0.098421,0.012138,0.116275,-0.005552,-0.040042,-0.064191,-0.010615,0.050303,-0.004597,-0.075606,-0.007183,0.032051,-0.126583,82.677671,2.999174,-35.040021,-1.114508,17.699661,0.000047,0.664436,-0.707141,0.241818,-0.664489,-0.707072,-0.241874,0.342022,0.000025,-0.939692
0.220000,1.104023,-1.269478,0.471911,-0.000147,0.000248,-0.000321,-0.785443,-0.349062,3.141562,0.000014,0.000710,-0.000772,-0.758961,2.359804,-0.022781,-1.567941,0.027191,2.704212,-0.009447,0.113161,0.015018,-0.097923,0.012099,0.115521,-0.005623,-0.039719,-0.063737,-0.010171,0.049726,-0.003935,-0.075388,-0.007023,0.032292,-0.125809,82.672516,2.962392,-35.038364,-1.116834,17.699507,0.000047,0.664434,-0.707146,0.241810,-0.664494,-0.707067,-0.241875,0.342017,0.000029,-0.939694
0.230000,1.104021,-1.269476,0.471908,-0.000161,0.000271,-0.000351,-0.785450,-0.349057,3.141556,0.000016,0.000776,-0.000843,-0.757836,2.359953,-0.023756,-1.567820,0.028339,2.704155,-0.009841,0.112528,0.014921,-0.097432,0.012066,0.114769,-0.005691,-0.039394,-0.063282,-0.009730,0.049151,-0.003275,-0.075173,-0.006866,0.032533,-0.125035,82.667333,2.925825,-35.036690,-1.119134,17.699355,0.000047,0.664431,-0.707152,0.241801,-0.664499,-0.707062,-0.241877,0.342012,0.000034,-0.939696
0.240000,1.104019,-1.269473,0.471904,-0.000175,0.000295,-0.000382,-0.785456,-0.349051,3.141550,0.000017,0.000845,-0.000918,-0.756717,2.360101,-0.024725,-1.567699,0.029479,2.704097,-0.010232,0.111900,0.014828,-0.096946,0.012040,0.114020,-0.005758,-0.039066,-0.062826,-0.009292,0.048576,-0.002617,-0.074958,-0.006710,0.032774,-0.124261,82.662122,2.889472,-35.034998,-1.121408,17.699207,0.000047,0.664428,-0.707158,0.241791,-0.664505,-0.707055,-0.241879,0.342006,0.000040,-0.939698
0.250000,1.104018,-1.269470,0.471900,-0.000190,0.000320,-0.000415,-0.785464,-0.349045,3.141544,0.000018,0.000917,-0.000996,-0.755604,2.360249,-0.025690,-1.567579,0.030612,2.704039,-0.010619,0.111276,0.014739,-0.096466,0.012021,0.113272,-0.005824,-0.038736,-0.062370,-0.008856,0.048002,-0.001960,-0.074746,-0.006556,0.033014,-0.123488,82.656881,2.853329,-35.033289,-1.123654,17.699061,0.000047,0.664425,-0.707165,0.241780,-0.664512,-0.707049,-0.241881,0.342000,0.000046,-0.939700
0.260000,1.104016,-1.269466,0.471896,-0.000205,0.000346,-0.000449,-0.785472,-0.349038,3.141537,0.000020,0.000992,-0.001078,-0.754497,2.360395,-0.026650,-1.567459,0.031737,2.703980,-0.011003,0.110657,0.014655,-0.095992,0.012008,0.112527,-0.005888,-0.038404,-0.061913,-0.008424,0.047430,-0.001305,-0.074536,-0.006404,0.033255,-0.122715,82.651610,2.817396,-35.031562,-1.125873,17.698918,0.000047,0.664421,-0.707172,0.241769,-0.664519,-0.707041,-0.241884,0.341994,0.000053,-0.939702
0.270000,1.104013,-1.269463,0.471891,-0.000221,0.000373,-0.000484,-0.785480,-0.349031,3.141529,0.000021,0.001070,-0.001162,-0.753397,2.360541,-0.027605,-1.567339,0.032855,2.703920,-0.011384,0.110043,0.014575,-0.095523,0.012001,0.111784,-0.005951,-0.038069,-0.061455,-0.007993,0.046858,-0.000652,-0.074327,-0.006254,0.033496,-0.121943,82.646307,2.781671,-35.029818,-1.128064,17.698779,0.000047,0.664417,-0.707180,0.241756,-0.664526,-0.707033,-0.241886,0.341987,0.000060,-0.939705
0.280000,1.104011,-1.269459,0.471886,-0.000238,0.000401,-0.000520,-0.785490,-0.349023,3.141521,0.000023,0.001150,-0.001249,-0.752303,2.360686,-0.028555,-1.567219,0.033965,2.703860,-0.011761,0.109433,0.014500,-0.095060,0.012001,0.111042,-0.006012,-0.037731,-0.060997,-0.007565,0.046287,0.000000,-0.074120,-0.006105,0.033737,-0.121171,82.640971,2.746151,-35.028057,-1.130226,17.698643,0.000048,0.664413,-0.707189,0.241743,-0.664534,-0.707025,-0.241889,0.341979,0.000068,-0.939707
0.290000,1.104009,-1.269455,0.471881,-0.000255,0.000430,-0.000558,-0.785500,-0.349014,3.141512,0.000025,0.001234,-0.001340,-0.751214,2.360830,-0.029501,-1.567099,0.035068,2.703800,-0.012135,0.108827,0.014428,-0.094603,0.012008,0.110303,-0.006071,-0.037391,-0.060539,-0.007140,0.045717,0.000650,-0.073915,-0.005959,0.033978,-0.120400,82.635600,2.710836,-35.026279,-1.132359,17.698510,0.000048,0.664408,-0.707198,0.241729,-0.664543,-0.707016,-0.241892,0.341971,0.000076,-0.939710
0.300000,1.104006,-1.269450,0.471875,-0.000273,0.000460,-0.000597,-0.785510,-0.349005,3.141503,0.000026,0.001320,-0.001434,-0.750132,2.360974,-0.030443,-1.566979,0.036164,2.703738,-0.012506,0.108226,0.014361,-0.094152,0.012020,0.109566,-0.006129,-0.037049,-0.060080,-0.006717,0.045148,0.001298,-0.073712,-0.005814,0.034219,-0.119629,82.630195,2.675722,-35.024484,-1.134462,17.698382,0.000048,0.664403,-0.707208,0.241713,-0.664552,-0.707006,-0.241895,0.341963,0.000085,-0.939714
0.310000,1.104003,-1.269446,0.471869,-0.000292,0.000492,-0.000637,-0.785522,-0.348995,3.141493,0.000028,0.001409,-0.001531,-0.749056,2.361117,-0.031380,-1.566858,0.037252,2.703676,-0.012873,0.107630,0.014298,-0.093706,0.012040,0.108831,-0.006186,-0.036705,-0.059621,-0.006297,0.044580,0.001945,-0.073510,-0.005671,0.034460,-0.118859,82.624752,2.640809,-35.022671,-1.136535,17.698256,0.000048,0.664398,-0.707218,0.241697,-0.664562,-0.706995,-0.241898,0.341953,0.000094,-0.939717
0.320000,1.104000,-1.269441,0.471862,-0.000311,0.000524,-0.000679,-0.785534,-0.348984,3.141482,0.000030,0.001502,-0.001631,-0.747985,2.361259,-0.032313,-1.566738,0.038333,2.703614,-0.013236,0.107039,0.014239,-0.093266,0.012066,0.108098,-0.006241,-0.036358,-0.059162,-0.005879,0.044014,0.002590,-0.073310,-0.005529,0.034701,-0.118089,82.619273,2.606095,-35.020842,-1.138578,17.698135,0.000048,0.664393,-0.707229,0.241679,-0.664573,-0.706984,-0.241902,0.341944,0.000104,-0.939720
0.330000,1.103997,-1.269435,0.471855,-0.000331,0.000557,-0.000722,-0.785547,-0.348973,3.141470,0.000032,0.001597,-0.001735,-0.746921,2.361401,-0.033241,-1.566617,0.039407,2.703551,-0.013596,0.106452,0.014185,-0.092831,0.012098,0.107367,-0.006295,-0.036008,-0.058702,-0.005464,0.043448,0.003233,-0.073112,-0.005390,0.034942,-0.117321,82.613754,2.571577,-35.018997,-1.140589,17.698018,0.000048,0.664387,-0.707241,0.241661,-0.664584,-0.706972,-0.241906,0.341933,0.000115,-0.939724
0.340000,1.103994,-1.269429,0.471848,-0.000351,0.000591,-0.000767,-0.785560,-0.348961,3.141458,0.000034,0.001695,-0.001841,-0.745862,2.361542,-0.034165,-1.566495,0.040473,2.703488,-0.013953,0.105869,0.014134,-0.092402,0.012137,0.106638,-0.006348,-0.035656,-0.058242,-0.005051,0.042883,0.003874,-0.072916,-0.005252,0.035183,-0.116553,82.608196,2.537254,-35.017134,-1.142568,17.697905,0.000048,0.664381,-0.707254,0.241641,-0.664596,-0.706960,-0.241910,0.341922,0.000126,-0.939728
0.350000,1.103990,-1.269423,0.471840,-0.000372,0.000626,-0.000812,-0.785575,-0.348949,3.141445,0.000036,0.001796,-0.001951,-0.744809,2.361683,-0.035085,-1.566374,0.041532,2.703424,-0.014306,0.105291,0.014088,-0.091979,0.012182,0.105910,-0.006399,-0.035302,-0.057781,-0.004640,0.042319,0.004514,-0.072721,-0.005116,0.035425,-0.115785,82.602596,2.503125,-35.015255,-1.144515,17.697796,0.000048,0.664374,-0.707267,0.241620,-0.664609,-0.706946,-0.241914,0.341910,0.000138,-0.939733
0.360000,1.103986,-1.269417,0.471832,-0.000393,0.000663,-0.000859,-0.785590,-0.348935,3.141432,0.000038,0.001900,-0.002064,-0.743762,2.361824,-0.036000,-1.566251,0.042584,2.703359,-0.014655,0.104718,0.014045,-0.091562,0.012234,0.105185,-0.006449,-0.034946,-0.057321,-0.004232,0.041757,0.005152,-0.072529,-0.004982,0.035666,-0.115019,82.596954,2.469187,-35.013359,-1.146430,17.697691,0.000048,0.664367,-0.707282,0.241598,-0.664622,-0.706932,-0.241918,0.341898,0.000151,-0.939737
0.370000,1.103982,-1.269410,0.471823,-0.000415,0.000700,-0.000908,-0.785607,-0.348921,3.141417,0.000040,0.002007,-0.002180,-0.742721,2.361964,-0.036912,-1.566128,0.043629,2.703294,-0.015001,0.104150,0.014007,-0.091150,0.012291,0.104462,-0.006497,-0.034586,-0.056860,-0.003826,0.041195,0.005788,-0.072338,-0.004850,0.035907,-0.114253,82.591268,2.435439,-35.011446,-1.148311,17.697591,0.000049,0.664359,-0.707297,0.241574,-0.664636,-0.706917,-0.241923,0.341884,0.000165,-0.939742
0.380000,1.103978,-1.269403,0.471813,-0.000438,0.000738,-0.000957,-0.785624,-0.348907,3.141402,0.000043,0.002116,-0.002299,-0.741685,2.362104,-0.037819,-1.566005,0.044666,2.703229,-0.015343,0.103586,0.013973,-0.090743,0.012356,0.103740,-0.006544,-0.034225,-0.056399,-0.003422,0.040635,0.006423,-0.072149,-0.004720,0.036148,-0.113488,82.585538,2.401879,-35.009517,-1.150158,17.697496,0.000049,0.664352,-0.707312,0.241550,-0.664651,-0.706901,-0.241928,0.341870,0.000179,-0.939747
0.390000,1.103973,-1.269395,0.471804,-0.000462,0.000777,-0.001008,-0.785642,-0.348891,3.141386,0.000045,0.002229,-0.002421,-0.740655,2.362243,-0.038723,-1.565881,0.045696,2.703163,-0.015682,0.103026,0.013943,-0.090343,0.012426,0.103021,-0.006590,-0.033861,-0.055938,-0.003021,0.040075,0.007056,-0.071961,-0.004591,0.036389,-0.112724,82.579761,2.368505,-35.007571,-1.151971,17.697405,0.000049,0.664343,-0.707329,0.241523,-0.664667,-0.706884,-0.241933,0.341856,0.000194,-0.939752
0.400000,1.103969,-1.269387,0.471793,-0.000485,0.000818,-0.001060,-0.785661,-0.348874,3.141369,0.000047,0.002344,-0.002547,-0.739630,2.362382,-0.039622,-1.565756,0.046719,2.703096,-0.016017,0.102471,0.013917,-0.089947,0.012503,0.102303,-0.006635,-0.033495,-0.055477,-0.002622,0.039517,0.007687,-0.071775,-0.004464,0.036631,-0.111961,82.573938,2.335316,-35.005609,-1.153748,17.697320,0.000049,0.664335,-0.707347,0.241496,-0.664684,-0.706867,-0.241939,0.341840,0.000210,-0.939758
0.410000,1.103964,-1.269379,0.471782,-0.000510,0.000859,-0.001114,-0.785681,-0.348857,3.141352,0.000050,0.002463,-0.002675,-0.738611,2.362521,-0.040518,-1.565630,0.047735,2.703030,-0.016348,0.101921,0.013894,-0.089558,0.012586,0.101587,-0.006678,-0.033126,-0.055016,-0.002225,0.038960,0.008316,-0.071592,-0.004339,0.036872,-0.111199,82.568066,2.302310,-35.003630,-1.155491,17.697239,0.000049,0.664326,-0.707365,0.241467,-0.664701,-0.706848,-0.241945,0.341824,0.000227,-0.939764
0.420000,1.103958,-1.269370,0.471771,-0.000535,0.000901,-0.001169,-0.785702,-0.348839,3.141333,0.000052,0.002584,-0.002807,-0.737597,2.362660,-0.041410,-1.565503,0.048744,2.702962,-0.016676,0.101376,0.013876,-0.089174,0.012676,0.100873,-0.006721,-0.032755,-0.054555,-0.001830,0.038404,0.008944,-0.071409,-0.004216,0.037113,-0.110438,82.562145,2.269484,-35.001634,-1.157198,17.697163,0.000049,0.664316,-0.707384,0.241437,-0.664720,-0.706829,-0.241951,0.341807,0.000244,-0.939770
0.430000,1.103953,-1.269361,0.471759,-0.000561,0.000945,-0.001225,-0.785724,-0.348820,3.141313,0.000055,0.002708,-0.002942,-0.736589,2.362799,-0.042298,-1.565375,0.049746,2.702895,-0.017000,0.100835,0.013862,-0.088795,0.012771,0.100161,-0.006762,-0.032381,-0.054094,-0.001438,0.037849,0.009569,-0.071229,-0.004094,0.037354,-0.109678,82.556173,2.236838,-34.999622,-1.158868,17.697093,0.000049,0.664306,-0.707405,0.241405,-0.664739,-0.706809,-0.241957,0.341789,0.000262,-0.939777
0.440000,1.103947,-1.269351,0.471746,-0.000587,0.000989,-0.001282,-0.785747,-0.348800,3.141293,0.000057,0.002835,-0.003080,-0.735586,2.362937,-0.043182,-1.565246,0.050740,2.702827,-0.017320,0.100298,0.013851,-0.088422,0.012873,0.099450,-0.006801,-0.032005,-0.053633,-0.001047,0.037295,0.010193,-0.071050,-0.003975,0.037596,-0.108919,82.550149,2.204370,-34.997594,-1.160501,17.697028,0.000049,0.664295,-0.707426,0.241372,-0.664759,-0.706787,-0.241964,0.341770,0.000282,-0.939784
0.450000,1.103941,-1.269341,0.471733,-0.000614,0.001034,-0.001341,-0.785771,-0.348779,3.141272,0.000060,0.002965,-0.003221,-0.734588,2.363075,-0.044062,-1.565117,0.051727,2.702758,-0.017636,0.099767,0.013845,-0.088055,0.012981,0.098741,-0.006840,-0.031627,-0.053172,-0.000659,0.036742,0.010816,-0.070873,-0.003857,0.037837,-0.108160,82.544071,2.172078,-34.995549,-1.162097,17.696969,0.000050,0.664284,-0.707448,0.241337,-0.664780,-0.706765,-0.241971,0.341750,0.000302,-0.939791
0.460000,1.103935,-1.269331,0.471720,-0.000641,0.001081,-0.001401,-0.785797,-0.348757,3.141249,0.000063,0.003098,-0.003365,-0.733595,2.363214,-0.044939,-1.564986,0.052708,2.702690,-0.017948,0.099240,0.013842,-0.087693,0.013096,0.098034,-0.006877,-0.031246,-0.052711,-0.000273,0.036190,0.011436,-0.070698,-0.003741,0.038078,-0.107403,82.537940,2.139960,-34.993487,-1.163654,17.696915,0.000050,0.664273,-0.707471,0.241300,-0.664803,-0.706742,-0.241979,0.341730,0.000323,-0.939798
0.470000,1.103928,-1.269319,0.471705,-0.000670,0.001128,-0.001463,-0.785823,-0.348734,3.141226,0.000066,0.003234,-0.003512,-0.732608,2.363352,-0.045813,-1.564854,0.053681,2.702621,-0.018257,0.098717,0.013843,-0.087337,0.013216,0.097329,-0.006914,-0.030863,-0.052250,0.000111,0.035640,0.012055,-0.070525,-0.003627,0.038320,-0.106648,82.531753,2.108015,-34.991409,-1.165174,17.696867,0.000050,0.664261,-0.707496,0.241262,-0.664826,-0.706717,-0.241986,0.341708,0.000345,-0.939806
0.480000,1.103922,-1.269308,0.471690,-0.000698,0.001176,-0.001525,-0.785851,-0.348710,3.141202,0.000069,0.003373,-0.003663,-0.731626,2.363491,-0.046682,-1.564720,0.054647,2.702551,-0.018562,0.098199,0.013848,-0.086986,0.013343,0.096626,-0.006949,-0.030477,-0.051789,0.000493,0.035091,0.012672,-0.070353,-0.003515,0.038561,-0.105893,82.525508,2.076241,-34.989314,-1.166654,17.696825,0.000050,0.664248,-0.707521,0.241222,-0.664850,-0.706692,-0.241994,0.341686,0.000368,-0.939814
0.490000,1.103914,-1.269296,0.471675,-0.000728,0.001226,-0.001589,-0.785879,-0.348685,3.141176,0.000071,0.003514,-0.003817,-0.730649,2.363629,-0.047549,-1.564585,0.055607,2.702481,-0.018863,0.097686,0.013857,-0.086640,0.013476,0.095924,-0.006983,-0.030089,-0.051328,0.000874,0.034543,0.013287,-0.070183,-0.003404,0.038802,-0.105139,82.519206,2.044637,-34.987202,-1.168095,17.696789,0.000050,0.664235,-0.707548,0.241181,-0.664875,-0.706666,-0.242003,0.341663,0.000391,-0.939823
0.500000,1.103907,-1.269283,0.471659,-0.000757,0.001276,-0.001655,-0.785909,-0.348660,3.141150,0.000075,0.003658,-0.003973,-0.729678,2.363768,-0.048412,-1.564449,0.056559,2.702411,-0.019160,0.097177,0.013869,-0.086300,0.013615,0.095224,-0.007016,-0.029699,-0.050868,0.001252,0.033996,0.013901,-0.070015,-0.003296,0.039043,-0.104387,82.512844,2.013200,-34.985074,-1.169495,17.696759,0.000050,0.664221,-0.707575,0.241138,-0.664901,-0.706638,-0.242011,0.341638,0.000416,-0.939831
0.510000,1.103899,-1.269270,0.471642,-0.000788,0.001327,-0.001721,-0.785940,-0.348633,3.141122,0.000078,0.003806,-0.004133,-0.728711,2.363907,-0.049272,-1.564312,0.057504,2.702341,-0.019453,0.096673,0.013885,-0.085966,0.013760,0.094525,-0.007048,-0.029306,-0.050408,0.001628,0.033450,0.014512,-0.069848,-0.003189,0.039284,-0.103636,82.506422,1.981928,-34.982929,-1.170855,17.696736,0.000050,0.664207,-0.707604,0.241093,-0.664928,-0.706609,-0.242020,0.341613,0.000442,-0.939841
0.520000,1.103891,-1.269257,0.471624,-0.000819,0.001380,-0.001789,-0.785973,-0.348605,3.141094,0.000081,0.003956,-0.004296,-0.727749,2.364046,-0.050128,-1.564172,0.058442,2.702270,-0.019742,0.096174,0.013905,-0.085637,0.013911,0.093828,-0.007078,-0.028911,-0.049948,0.002002,0.032905,0.015122,-0.069683,-0.003084,0.039526,-0.102886,82.499938,1.950822,-34.980768,-1.172175,17.696719,0.000050,0.664192,-0.707633,0.241046,-0.664956,-0.706580,-0.242030,0.341587,0.000469,-0.939850
0.530000,1.103883,-1.269243,0.471606,-0.000851,0.001433,-0.001858,-0.786006,-0.348576,3.141064,0.000084,0.004109,-0.004462,-0.726792,2.364185,-0.050981,-1.564032,0.059374,2.702199,-0.020027,0.095679,0.013929,-0.085313,0.014069,0.093133,-0.007108,-0.028513,-0.049488,0.002375,0.032362,0.015730,-0.069520,-0.002981,0.039767,-0.102137,82.493391,1.919878,-34.978590,-1.173452,17.696708,0.000050,0.664177,-0.707664,0.240998,-0.664986,-0.706549,-0.242040,0.341559,0.000497,-0.939860
0.540000,1.103874,-1.269228,0.471587,-0.000883,0.001487,-0.001929,-0.786041,-0.348545,3.141033,0.000087,0.004265,-0.004631,-0.725841,2.364325,-0.051831,-1.563889,0.060298,2.702127,-0.020308,0.095189,0.013957,-0.084995,0.014232,0.092439,-0.007137,-0.028113,-0.049029,0.002745,0.031820,0.016336,-0.069359,-0.002880,0.040008,-0.101390,82.486780,1.889095,-34.976394,-1.174687,17.696704,0.000051,0.664161,-0.707696,0.240948,-0.665016,-0.706516,-0.242050,0.341531,0.000526,-0.939870
0.550000,1.103865,-1.269213,0.471567,-0.000916,0.001543,-0.002001,-0.786078,-0.348514,3.141001,0.000091,0.004423,-0.004804,-0.724894,2.364465,-0.052678,-1.563745,0.061216,2.702056,-0.020585,0.094703,0.013988,-0.084682,0.014401,0.091747,-0.007165,-0.027711,-0.048570,0.003114,0.031279,0.016941,-0.069199,-0.002780,0.040249,-0.100644,82.480103,1.858472,-34.974183,-1.175880,17.696707,0.000051,0.664145,-0.707730,0.240895,-0.665048,-0.706483,-0.242060,0.341502,0.000556,-0.939881
0.560000,1.103856,-1.269197,0.471547,-0.000949,0.001599,-0.002074,-0.786115,-0.348482,3.140968,0.000094,0.004585,-0.004979,-0.723951,2.364605,-0.053522,-1.563600,0.062126,2.701984,-0.020858,0.094222,0.014023,-0.084375,0.014577,0.091057,-0.007192,-0.027306,-0.048111,0.003481,0.030739,0.017543,-0.069041,-0.002683,0.040490,-0.099899,82.473359,1.828006,-34.971954,-1.177030,17.696716,0.000051,0.664127,-0.707764,0.240841,-0.665081,-0.706448,-0.242071,0.341471,0.000587,-0.939892
0.570000,1.103846,-1.269181,0.471526,-0.000983,0.001656,-0.002148,-0.786154,-0.348448,3.140933,0.000098,0.004749,-0.005157,-0.723014,2.364746,-0.054362,-1.563452,0.063030,2.701912,-0.021127,0.093745,0.014061,-0.084073,0.014758,0.090368,-0.007217,-0.026898,-0.047652,0.003846,0.030201,0.018144,-0.068885,-0.002587,0.040731,-0.099156,82.466547,1.797697,-34.969708,-1.178136,17.696733,0.000051,0.664110,-0.707800,0.240785,-0.665115,-0.706413,-0.242082,0.341439,0.000620,-0.939904
0.580000,1.103836,-1.269164,0.471504,-0.001018,0.001715,-0.002224,-0.786194,-0.348413,3.140898,0.000101,0.004917,-0.005339,-0.722081,2.364887,-0.055200,-1.563303,0.063927,2.701839,-0.021392,0.093273,0.014103,-0.083776,0.014946,0.089681,-0.007242,-0.026489,-0.047194,0.004209,0.029663,0.018743,-0.068731,-0.002494,0.040972,-0.098414,82.459666,1.767543,-34.967445,-1.179198,17.696756,0.000051,0.664091,-0.707837,0.240727,-0.665150,-0.706375,-0.242094,0.341407,0.000653,-0.939915
0.590000,1.103826,-1.269147,0.471481,-0.001053,0.001774,-0.002301,-0.786236,-0.348377,3.140861,0.000105,0.005087,-0.005524,-0.721153,2.365028,-0.056035,-1.563151,0.064817,2.701767,-0.021653,0.092806,0.014149,-0.083485,0.015139,0.088995,-0.007266,-0.026077,-0.046737,0.004571,0.029127,0.019340,-0.068578,-0.002402,0.041213,-0.097674,82.452714,1.737541,-34.965165,-1.180216,17.696787,0.000051,0.664072,-0.707875,0.240667,-0.665186,-0.706337,-0.242106,0.341373,0.000688,-0.939928
0.600000,1.103815,-1.269129,0.471458,-0.001089,0.001835,-0.002379,-0.786279,-0.348340,3.140823,0.000109,0.005260,-0.005711,-0.720230,2.365170,-0.056867,-1.562998,0.065700,2.701694,-0.021910,0.092343,0.014198,-0.083199,0.015338,0.088311,-0.007290,-0.025662,-0.046279,0.004931,0.028592,0.019935,-0.068427,-0.002312,0.041454,-0.096935,82.445690,1.707692,-34.962868,-1.181188,17.696826,0.000051,0.664053,-0.707915,0.240604,-0.665224,-0.706297,-0.242119,0.341338,0.000724,-0.939940
0.610000,1.103804,-1.269110,0.471434,-0.001125,0.001896,-0.002458,-0.786324,-0.348301,3.140783,0.000113,0.005436,-0.005902,-0.719311,2.365313,-0.057696,-1.562842,0.066576,2.701620,-0.022162,0.091885,0.014251,-0.082918,0.015544,0.087628,-0.007312,-0.025245,-0.045822,0.005289,0.028059,0.020529,-0.068278,-0.002225,0.041694,-0.096197,82.438593,1.677992,-34.960554,-1.182114,17.696872,0.000051,0.664032,-0.707956,0.240540,-0.665263,-0.706256,-0.242132,0.341302,0.000761,-0.939954
0.620000,1.103793,-1.269091,0.471409,-0.001162,0.001958,-0.002539,-0.786370,-0.348261,3.140742,0.000117,0.005615,-0.006096,-0.718396,2.365456,-0.058523,-1.562685,0.067445,2.701547,-0.022410,0.091431,0.014307,-0.082643,0.015755,0.086947,-0.007333,-0.024826,-0.045366,0.005646,0.027526,0.021120,-0.068130,-0.002139,0.041935,-0.095461,82.431422,1.648440,-34.958223,-1.182995,17.696925,0.000051,0.664011,-0.707998,0.240474,-0.665303,-0.706214,-0.242145,0.341264,0.000799,-0.939967
0.630000,1.103781,-1.269071,0.471383,-0.001200,0.002021,-0.002621,-0.786418,-0.348220,3.140700,0.000121,0.005796,-0.006293,-0.717487,2.365599,-0.059346,-1.562525,0.068308,2.701474,-0.022654,0.090982,0.014367,-0.082373,0.015972,0.086267,-0.007354,-0.024404,-0.044910,0.006001,0.026995,0.021710,-0.067984,-0.002055,0.042176,-0.094727,82.424175,1.619035,-34.955874,-1.183829,17.696986,0.000052,0.663989,-0.708042,0.240405,-0.665345,-0.706170,-0.242159,0.341225,0.000839,-0.939981
0.640000,1.103769,-1.269050,0.471356,-0.001238,0.002086,-0.002705,-0.786467,-0.348178,3.140657,0.000125,0.005980,-0.006493,-0.716581,2.365744,-0.060167,-1.562363,0.069164,2.701400,-0.022894,0.090538,0.014431,-0.082109,0.016195,0.085589,-0.007373,-0.023980,-0.044454,0.006354,0.026465,0.022298,-0.067840,-0.001973,0.042416,-0.093994,82.416851,1.589776,-34.953508,-1.184615,17.697055,0.000052,0.663967,-0.708087,0.240334,-0.665387,-0.706125,-0.242173,0.341185,0.000880,-0.939996
0.650000,1.103756,-1.269029,0.471329,-0.001277,0.002151,-0.002789,-0.786517,-0.348134,3.140612,0.000129,0.006168,-0.006696,-0.715680,2.365889,-0.060986,-1.562199,0.070013,2.701326,-0.023130,0.090098,0.014498,-0.081849,0.016424,0.084912,-0.007392,-0.023553,-0.043999,0.006706,0.025937,0.022884,-0.067697,-0.001893,0.042657,-0.093263,82.409449,1.560660,-34.951124,-1.185354,17.697132,0.000052,0.663944,-0.708134,0.240261,-0.665432,-0.706078,-0.242188,0.341144,0.000922,-0.940010
0.660000,1.103743,-1.269007,0.471301,-0.001316,0.002217,-0.002875,-0.786570,-0.348089,3.140566,0.000133,0.006358,-0.006902,-0.714784,2.366034,-0.061802,-1.562032,0.070855,2.701252,-0.023361,0.089662,0.014569,-0.081595,0.016659,0.084236,-0.007411,-0.023124,-0.043544,0.007056,0.025409,0.023468,-0.067557,-0.001815,0.042897,-0.092533,82.401967,1.531686,-34.948722,-1.186045,17.697217,0.000052,0.663920,-0.708182,0.240186,-0.665477,-0.706030,-0.242203,0.341102,0.000965,-0.940026
0.670000,1.103730,-1.268985,0.471271,-0.001356,0.002285,-0.002963,-0.786623,-0.348042,3.140518,0.000137,0.006551,-0.007111,-0.713891,2.366181,-0.062615,-1.561863,0.071691,2.701178,-0.023588,0.089231,0.014643,-0.081346,0.016899,0.083562,-0.007428,-0.022693,-0.043090,0.007405,0.024883,0.024050,-0.067418,-0.001739,0.043138,-0.091805,82.394404,1.502853,-34.946303,-1.186688,17.697310,0.000052,0.663895,-0.708231,0.240108,-0.665524,-0.705980,-0.242218,0.341058,0.001010,-0.940042
0.680000,1.103716,-1.268962,0.471241,-0.001397,0.002353,-0.003051,-0.786679,-0.347994,3.140469,0.000142,0.006746,-0.007323,-0.713003,2.366328,-0.063426,-1.561692,0.072520,2.701103,-0.023810,0.088805,0.014720,-0.081103,0.017145,0.082889,-0.007445,-0.022259,-0.042637,0.007752,0.024358,0.024630,-0.067280,-0.001665,0.043378,-0.091078,82.386759,1.474159,-34.943867,-1.187281,17.697412,0.000052,0.663870,-0.708282,0.240028,-0.665573,-0.705929,-0.242234,0.341013,0.001056,-0.940058
0.690000,1.103702,-1.268938,0.471210,-0.001438,0.002422,-0.003141,-0.786736,-0.347945,3.140419,0.000146,0.006945,-0.007538,-0.712119,2.366476,-0.064235,-1.561518,0.073342,2.701029,-0.024029,0.088383,0.014801,-0.080864,0.017397,0.082218,-0.007461,-0.021823,-0.042184,0.008097,0.023835,0.025208,-0.067144,-0.001593,0.043618,-0.090354,82.379031,1.445602,-34.941412,-1.187824,17.697522,0.000052,0.663844,-0.708334,0.239946,-0.665622,-0.705876,-0.242251,0.340967,0.001103,-0.940075
0.700000,1.103687,-1.268913,0.471178,-0.001479,0.002492,-0.003232,-0.786795,-0.347894,3.140367,0.000151,0.007146,-0.007757,-0.711240,2.366625,-0.065041,-1.561341,0.074158,2.700954,-0.024242,0.087966,0.014886,-0.080631,0.017655,0.081547,-0.007476,-0.021384,-0.041731,0.008442,0.023312,0.025785,-0.067011,-0.001524,0.043858,-0.089631,82.371217,1.417182,-34.938939,-1.188317,17.697640,0.000052,0.663817,-0.708388,0.239861,-0.665674,-0.705822,-0.242268,0.340919,0.001152,-0.940092
0.710000,1.103672,-1.268888,0.471146,-0.001522,0.002563,-0.003324,-0.786855,-0.347842,3.140314,0.000156,0.007350,-0.007978,-0.710364,2.366775,-0.065845,-1.561162,0.074966,2.700879,-0.024452,0.087553,0.014973,-0.080403,0.017919,0.080879,-0.007490,-0.020943,-0.041279,0.008785,0.022791,0.026359,-0.066878,-0.001456,0.044098,-0.088909,82.363318,1.388896,-34.936449,-1.188760,17.697768,0.000052,0.663789,-0.708444,0.239774,-0.665726,-0.705766,-0.242285,0.340870,0.001203,-0.940110
0.720000,1.103657,-1.268862,0.471112,-0.001565,0.002636,-0.003418,-0.786917,-0.347788,3.140259,0.000160,0.007557,-0.008202,-0.709493,2.366925,-0.066647,-1.560980,0.075768,2.700804,-0.024657,0.087145,0.015065,-0.080181,0.018188,0.080211,-0.007504,-0.020500,-0.040828,0.009126,0.022272,0.026932,-0.066748,-0.001390,0.044338,-0.088189,82.355332,1.360743,-34.933940,-1.189152,17.697903,0.000053,0.663761,-0.708501,0.239684,-0.665781,-0.705709,-0.242303,0.340819,0.001254,-0.940128
0.730000,1.103641,-1.268835,0.471077,-0.001608,0.002709,-0.003513,-0.786981,-0.347733,3.140202,0.000165,0.007767,-0.008430,-0.708625,2.367077,-0.067447,-1.560796,0.076564,2.700729,-0.024857,0.086741,0.015159,-0.079963,0.018463,0.079545,-0.007518,-0.020054,-0.040377,0.009466,0.021753,0.027503,-0.066619,-0.001327,0.044578,-0.087471,82.347256,1.332722,-34.931413,-1.189491,17.698048,0.000053,0.663732,-0.708559,0.239592,-0.665836,-0.705650,-0.242322,0.340767,0.001307,-0.940147
0.740000,1.103625,-1.268808,0.471042,-0.001652,0.002783,-0.003609,-0.787047,-0.347676,3.140144,0.000170,0.007980,-0.008660,-0.707762,2.367229,-0.068244,-1.560608,0.077353,2.700653,-0.025054,0.086342,0.015257,-0.079751,0.018744,0.078880,-0.007530,-0.019606,-0.039927,0.009805,0.021236,0.028072,-0.066492,-0.001265,0.044817,-0.086755,82.339091,1.304830,-34.928868,-1.189779,17.698202,0.000053,0.663701,-0.708619,0.239497,-0.665894,-0.705590,-0.242340,0.340714,0.001362,-0.940166
0.750000,1.103608,-1.268780,0.471005,-0.001697,0.002858,-0.003706,-0.787114,-0.347618,3.140084,0.000175,0.008195,-0.008893,-0.706903,2.367383,-0.069040,-1.560418,0.078135,2.700578,-0.025245,0.085947,0.015359,-0.079544,0.019030,0.078216,-0.007542,-0.019156,-0.039477,0.010142,0.020720,0.028638,-0.066366,-0.001206,0.045057,-0.086041,82.330835,1.277068,-34.926304,-1.190014,17.698365,0.000053,0.663671,-0.708681,0.239400,-0.665952,-0.705527,-0.242360,0.340659,0.001418,-0.940186
0.760000,1.103591,-1.268751,0.470968,-0.001742,0.002934,-0.003805,-0.787184,-0.347558,3.140023,0.000180,0.008413,-0.009130,-0.706047,2.367538,-0.069833,-1.560225,0.078910,2.700502,-0.025432,0.085557,0.015464,-0.079341,0.019322,0.077554,-0.007554,-0.018703,-0.039028,0.010478,0.020205,0.029203,-0.066243,-0.001149,0.045296,-0.085328,82.322485,1.249432,-34.923722,-1.190196,17.698537,0.000053,0.663639,-0.708745,0.239300,-0.666013,-0.705464,-0.242380,0.340603,0.001476,-0.940206
0.770000,1.103573,-1.268721,0.470929,-0.001787,0.003011,-0.003905,-0.787255,-0.347497,3.139960,0.000186,0.008634,-0.009369,-0.705195,2.367693,-0.070624,-1.560029,0.079679,2.700427,-0.025615,0.085171,0.015572,-0.079145,0.019620,0.076893,-0.007565,-0.018247,-0.038580,0.010813,0.019692,0.029766,-0.066121,-0.001094,0.045535,-0.084618,82.314042,1.221922,-34.921121,-1.190325,17.698719,0.000053,0.663606,-0.708810,0.239198,-0.666075,-0.705398,-0.242400,0.340545,0.001535,-0.940227
0.780000,1.103555,-1.268690,0.470890,-0.001834,0.003089,-0.004006,-0.787328,-0.347433,3.139896,0.000191,0.008858,-0.009611,-0.704347,2.367850,-0.071414,-1.559829,0.080442,2.700351,-0.025792,0.084789,0.015683,-0.078953,0.019923,0.076233,-0.007575,-0.017789,-0.038132,0.011147,0.019180,0.030327,-0.066000,-0.001041,0.045775,-0.083909,82.305504,1.194536,-34.918501,-1.190399,17.698910,0.000053,0.663573,-0.708877,0.239092,-0.666139,-0.705331,-0.242421,0.340486,0.001595,-0.940248
0.790000,1.103536,-1.268659,0.470849,-0.001881,0.003168,-0.004108,-0.787402,-0.347369,3.139830,0.000196,0.009085,-0.009857,-0.703503,2.368008,-0.072202,-1.559627,0.081197,2.700275,-0.025966,0.084413,0.015798,-0.078766,0.020232,0.075574,-0.007585,-0.017329,-0.037685,0.011479,0.018669,0.030886,-0.065882,-0.000991,0.046013,-0.083202,82.296869,1.167272,-34.915863,-1.190419,17.699110,0.000053,0.663539,-0.708945,0.238984,-0.666204,-0.705262,-0.242442,0.340425,0.001658,-0.940270
0.800000,1.103517,-1.268627,0.470807,-0.001928,0.003248,-0.004212,-0.787479,-0.347302,3.139762,0.000202,0.009314,-0.010105,-0.702663,2.368167,-0.072988,-1.559422,0.081947,2.700199,-0.026134,0.084040,0.015916,-0.078584,0.020547,0.074916,-0.007594,-0.016867,-0.037239,0.011811,0.018159,0.031443,-0.065765,-0.000943,0.046252,-0.082496,82.288136,1.140130,-34.913205,-1.190384,17.699320,0.000053,0.663503,-0.709015,0.238874,-0.666271,-0.705191,-0.242464,0.340363,0.001722,-0.940293
0.810000,1.103498,-1.268594,0.470765,-0.001976,0.003329,-0.004317,-0.787558,-0.347234,3.139692,0.000208,0.009546,-0.010356,-0.701826,2.368328,-0.073772,-1.559213,0.082689,2.700123,-0.026298,0.083672,0.016038,-0.078408,0.020867,0.074260,-0.007603,-0.016402,-0.036793,0.012141,0.017651,0.031999,-0.065650,-0.000897,0.046491,-0.081793,82.279304,1.113108,-34.910528,-1.190293,17.699540,0.000053,0.663467,-0.709087,0.238760,-0.666339,-0.705119,-0.242487,0.340299,0.001787,-0.940316
0.820000,1.103478,-1.268560,0.470721,-0.002025,0.003411,-0.004423,-0.787638,-0.347165,3.139621,0.000214,0.009781,-0.010611,-0.700993,2.368489,-0.074554,-1.559001,0.083425,2.700047,-0.026458,0.083309,0.016162,-0.078237,0.021192,0.073604,-0.007612,-0.015935,-0.036348,0.012470,0.017144,0.032552,-0.065536,-0.000853,0.046729,-0.081092,82.270371,1.086204,-34.907833,-1.190146,17.699770,0.000054,0.663430,-0.709161,0.238644,-0.666409,-0.705044,-0.242510,0.340233,0.001854,-0.940339
0.830000,1.103457,-1.268526,0.470676,-0.002074,0.003494,-0.004530,-0.787721,-0.347093,3.139548,0.000219,0.010019,-0.010868,-0.700164,2.368652,-0.075335,-1.558786,0.084155,2.699971,-0.026612,0.082950,0.016290,-0.078070,0.021523,0.072950,-0.007620,-0.015465,-0.035904,0.012798,0.016639,0.033103,-0.065424,-0.000811,0.046968,-0.080392,82.261336,1.059418,-34.905117,-1.189943,17.700010,0.000054,0.663392,-0.709236,0.238525,-0.666481,-0.704968,-0.242534,0.340166,0.001923,-0.940363
0.840000,1.103436,-1.268491,0.470630,-0.002124,0.003577,-0.004639,-0.787806,-0.347020,3.139473,0.000225,0.010260,-0.011128,-0.699338,2.368816,-0.076114,-1.558567,0.084878,2.699895,-0.026762,0.082595,0.016421,-0.077909,0.021860,0.072297,-0.007628,-0.014993,-0.035460,0.013124,0.016134,0.033652,-0.065314,-0.000772,0.047206,-0.079695,82.252198,1.032746,-34.902383,-1.189682,17.700260,0.000054,0.663354,-0.709314,0.238403,-0.666555,-0.704890,-0.242558,0.340097,0.001993,-0.940388
0.850000,1.103415,-1.268454,0.470583,-0.002174,0.003662,-0.004749,-0.787892,-0.346945,3.139397,0.000232,0.010503,-0.011391,-0.698515,2.368982,-0.076891,-1.558345,0.085594,2.699818,-0.026908,0.082245,0.016556,-0.077752,0.022202,0.071645,-0.007635,-0.014518,-0.035017,0.013450,0.015631,0.034199,-0.065206,-0.000735,0.047444,-0.078999,82.242955,1.006189,-34.899629,-1.189365,17.700520,0.000054,0.663314,-0.709393,0.238278,-0.666631,-0.704810,-0.242582,0.340027,0.002065,-0.940413
0.860000,1.103393,-1.268417,0.470535,-0.002225,0.003748,-0.004860,-0.787981,-0.346869,3.139318,0.000238,0.010749,-0.011657,-0.697696,2.369149,-0.077667,-1.558120,0.086304,2.699742,-0.027048,0.081899,0.016694,-0.077601,0.022549,0.070994,-0.007642,-0.014042,-0.034575,0.013775,0.015129,0.034744,-0.065099,-0.000701,0.047682,-0.078306,82.233607,0.979745,-34.896855,-1.188989,17.700791,0.000054,0.663273,-0.709474,0.238150,-0.666708,-0.704728,-0.242608,0.339955,0.002139,-0.940439
0.870000,1.103370,-1.268379,0.470486,-0.002276,0.003835,-0.004973,-0.788071,-0.346790,3.139238,0.000244,0.010998,-0.011926,-0.696881,2.369317,-0.078442,-1.557891,0.087008,2.699665,-0.027184,0.081558,0.016835,-0.077455,0.022902,0.070344,-0.007649,-0.013562,-0.034133,0.014098,0.014629,0.035287,-0.064994,-0.000669,0.047919,-0.077614,82.224151,0.953411,-34.894062,-1.188555,17.701071,0.000054,0.663232,-0.709557,0.238019,-0.666787,-0.704645,-0.242633,0.339881,0.002214,-0.940466
0.880000,1.103347,-1.268341,0.470436,-0.002328,0.003922,-0.005086,-0.788164,-0.346710,3.139156,0.000251,0.011249,-0.012198,-0.696068,2.369487,-0.079215,-1.557658,0.087704,2.699589,-0.027314,0.081221,0.016979,-0.077314,0.023260,0.069695,-0.007655,-0.013081,-0.033692,0.014421,0.014130,0.035828,-0.064891,-0.000639,0.048157,-0.076925,82.214586,0.927188,-34.891248,-1.188062,17.701363,0.000054,0.663189,-0.709642,0.237885,-0.666868,-0.704559,-0.242660,0.339806,0.002291,-0.940493
0.890000,1.103324,-1.268301,0.470385,-0.002381,0.004011,-0.005201,-0.788259,-0.346628,3.139072,0.000257,0.011503,-0.012473,-0.695259,2.369658,-0.079987,-1.557422,0.088395,2.699512,-0.027440,0.080888,0.017126,-0.077177,0.023624,0.069047,-0.007661,-0.012597,-0.033252,0.014743,0.013632,0.036367,-0.064789,-0.000612,0.048394,-0.076237,82.204911,0.901073,-34.888415,-1.187509,17.701665,0.000054,0.663145,-0.709728,0.237748,-0.666950,-0.704472,-0.242687,0.339729,0.002370,-0.940521
0.900000,1.103300,-1.268260,0.470332,-0.002434,0.004101,-0.005317,-0.788356,-0.346544,3.138987,0.000264,0.011760,-0.012751,-0.694454,2.369831,-0.080757,-1.557182,0.089079,2.699435,-0.027561,0.080560,0.017277,-0.077046,0.023993,0.068400,-0.007667,-0.012111,-0.032813,0.015063,0.013135,0.036904,-0.064690,-0.000587,0.048631,-0.075552,82.195125,0.875066,-34.885561,-1.186897,17.701977,0.000054,0.663101,-0.709817,0.237608,-0.667035,-0.704382,-0.242714,0.339650,0.002451,-0.940549
0.910000,1.103275,-1.268219,0.470278,-0.002488,0.004191,-0.005435,-0.788455,-0.346459,3.138899,0.000271,0.012020,-0.013032,-0.693652,2.370005,-0.081526,-1.556938,0.089757,2.699359,-0.027678,0.080237,0.017431,-0.076920,0.024367,0.067754,-0.007673,-0.011622,-0.032374,0.015383,0.012640,0.037438,-0.064591,-0.000565,0.048868,-0.074869,82.185227,0.849164,-34.882687,-1.186224,17.702301,0.000055,0.663055,-0.709907,0.237465,-0.667121,-0.704291,-0.242742,0.339569,0.002534,-0.940578
0.920000,1.103250,-1.268177,0.470223,-0.002542,0.004282,-0.005553,-0.788556,-0.346371,3.138809,0.000278,0.012283,-0.013316,-0.692852,2.370181,-0.082294,-1.556691,0.090428,2.699282,-0.027789,0.079917,0.017588,-0.076798,0.024747,0.067110,-0.007678,-0.011131,-0.031936,0.015702,0.012146,0.037971,-0.064495,-0.000545,0.049104,-0.074187,82.175213,0.823366,-34.879793,-1.185491,17.702635,0.000055,0.663008,-0.710000,0.237319,-0.667210,-0.704197,-0.242771,0.339487,0.002618,-0.940607
0.930000,1.103224,-1.268133,0.470167,-0.002597,0.004375,-0.005673,-0.788660,-0.346282,3.138718,0.000285,0.012548,-0.013602,-0.692056,2.370359,-0.083061,-1.556439,0.091092,2.699205,-0.027895,0.079602,0.017748,-0.076682,0.025132,0.066466,-0.007684,-0.010637,-0.031499,0.016021,0.011653,0.038502,-0.064400,-0.000527,0.049341,-0.073508,82.165085,0.797672,-34.876878,-1.184696,17.702981,0.000055,0.662961,-0.710094,0.237169,-0.667300,-0.704102,-0.242800,0.339402,0.002704,-0.940637
0.940000,1.103198,-1.268089,0.470110,-0.002652,0.004468,-0.005794,-0.788766,-0.346190,3.138624,0.000292,0.012816,-0.013892,-0.691263,2.370538,-0.083827,-1.556184,0.091750,2.699128,-0.027997,0.079292,0.017911,-0.076570,0.025522,0.065822,-0.007689,-0.010142,-0.031062,0.016338,0.011161,0.039030,-0.064307,-0.000512,0.049577,-0.072831,82.154840,0.772079,-34.873943,-1.183840,17.703337,0.000055,0.662912,-0.710191,0.237017,-0.667392,-0.704004,-0.242830,0.339316,0.002792,-0.940668
0.950000,1.103171,-1.268044,0.470051,-0.002708,0.004563,-0.005917,-0.788874,-0.346097,3.138529,0.000299,0.013087,-0.014184,-0.690474,2.370719,-0.084592,-1.555925,0.092402,2.699051,-0.028093,0.078985,0.018078,-0.076463,0.025918,0.065180,-0.007694,-0.009644,-0.030627,0.016654,0.010671,0.039556,-0.064216,-0.000500,0.049813,-0.072156,82.144476,0.746587,-34.870987,-1.182922,17.703705,0.000055,0.662862,-0.710289,0.236861,-0.667486,-0.703904,-0.242861,0.339229,0.002882,-0.940700
0.960000,1.103144,-1.267998,0.469991,-0.002765,0.004658,-0.006040,-0.788984,-0.346001,3.138431,0.000307,0.013360,-0.014479,-0.689687,2.370901,-0.085355,-1.555662,0.093048,2.698974,-0.028185,0.078683,0.018248,-0.076361,0.026319,0.064539,-0.007699,-0.009143,-0.030192,0.016970,0.010182,0.040081,-0.064127,-0.000490,0.050049,-0.071483,82.133993,0.721194,-34.868010,-1.181940,17.704084,0.000055,0.662811,-0.710390,0.236702,-0.667582,-0.703802,-0.242892,0.339139,0.002974,-0.940732
0.970000,1.103116,-1.267951,0.469930,-0.002822,0.004754,-0.006165,-0.789096,-0.345904,3.138332,0.000314,0.013636,-0.014777,-0.688903,2.371085,-0.086118,-1.555395,0.093687,2.698897,-0.028271,0.078386,0.018420,-0.076264,0.026725,0.063899,-0.007703,-0.008640,-0.029757,0.017285,0.009695,0.040603,-0.064039,-0.000483,0.050284,-0.070813,82.123388,0.695898,-34.865012,-1.180896,17.704475,0.000055,0.662760,-0.710492,0.236539,-0.667680,-0.703699,-0.242924,0.339047,0.003068,-0.940764
0.980000,1.103087,-1.267903,0.469868,-0.002880,0.004851,-0.006291,-0.789211,-0.345805,3.138230,0.000322,0.013915,-0.015078,-0.688122,2.371271,-0.086880,-1.555123,0.094319,2.698820,-0.028352,0.078093,0.018596,-0.076172,0.027136,0.063259,-0.007708,-0.008135,-0.029324,0.017599,0.009208,0.041123,-0.063953,-0.000479,0.050519,-0.070144,82.112662,0.670699,-34.861993,-1.179788,17.704877,0.000055,0.662707,-0.710597,0.236373,-0.667780,-0.703592,-0.242956,0.338954,0.003163,-0.940798
0.990000,1.103058,-1.267854,0.469805,-0.002938,0.004949,-0.006418,-0.789329,-0.345704,3.138127,0.000330,0.014196,-0.015382,-0.687344,2.371459,-0.087640,-1.554848,0.094945,2.698743,-0.028429,0.077804,0.018776,-0.076085,0.027552,0.062620,-0.007713,-0.007627,-0.028891,0.017913,0.008723,0.041641,-0.063868,-0.000477,0.050754,-0.069478,82.101811,0.645595,-34.858953,-1.178616,17.705290,0.000055,0.662653,-0.710703,0.236204,-0.667882,-0.703484,-0.242989,0.338859,0.003261,-0.940832
1.000000,1.103029,-1.267804,0.469740,-0.002997,0.005048,-0.006546,-0.789448,-0.345600,3.138021,0.000338,0.014481,-0.015689,-0.686569,2.371649,-0.088400,-1.554568,0.095565,2.698666,-0.028500,0.077519,0.018958,-0.076003,0.027974,0.061983,-0.007718,-0.007118,-0.028459,0.018226,0.008239,0.042157,-0.063786,-0.000478,0.050989,-0.068814,82.090835,0.620584,-34.855891,-1.177380,17.705716,0.000055,0.662597,-0.710812,0.236031,-0.667986,-0.703374,-0.243022,0.338761,0.003360,-0.940866
1.010000,1.102998,-1.267753,0.469674,-0.003056,0.005148,-0.006676,-0.789570,-0.345495,3.137913,0.000346,0.014768,-0.015998,-0.685796,2.371840,-0.089160,-1.554284,0.096179,2.698589,-0.028566,0.077239,0.019143,-0.075925,0.028401,0.061346,-0.007723,-0.006605,-0.028027,0.018538,0.007757,0.042670,-0.063705,-0.000482,0.051223,-0.068152,82.079733,0.595666,-34.852808,-1.176079,17.706153,0.000055,0.662541,-0.710923,0.235855,-0.668092,-0.703261,-0.243056,0.338662,0.003462,-0.940902
1.020000,1.102967,-1.267701,0.469606,-0.003116,0.005249,-0.006807,-0.789694,-0.345387,3.137803,0.000355,0.015057,-0.016311,-0.685027,2.372033,-0.089918,-1.553996,0.096786,2.698511,-0.028627,0.076963,0.019332,-0.075852,0.028832,0.060709,-0.007727,-0.006091,-0.027597,0.018850,0.007276,0.043181,-0.063626,-0.000488,0.051457,-0.067493,82.068503,0.570839,-34.849703,-1.174712,17.706602,0.000056,0.662484,-0.711036,0.235676,-0.668200,-0.703146,-0.243091,0.338561,0.003565,-0.940938
1.030000,1.102936,-1.267648,0.469538,-0.003176,0.005351,-0.006939,-0.789821,-0.345278,3.137691,0.000363,0.015350,-0.016626,-0.684260,2.372229,-0.090676,-1.553703,0.097387,2.698434,-0.028683,0.076691,0.019523,-0.075784,0.029269,0.060074,-0.007732,-0.005574,-0.027167,0.019160,0.006796,0.043691,-0.063548,-0.000497,0.051691,-0.066835,82.057143,0.546102,-34.846577,-1.173279,17.707063,0.000056,0.662425,-0.711151,0.235493,-0.668311,-0.703029,-0.243127,0.338458,0.003671,-0.940974
1.040000,1.102904,-1.267594,0.469467,-0.003237,0.005454,-0.007072,-0.789950,-0.345166,3.137577,0.000372,0.015645,-0.016944,-0.683496,2.372426,-0.091433,-1.553406,0.097981,2.698357,-0.028733,0.076424,0.019718,-0.075721,0.029711,0.059439,-0.007737,-0.005055,-0.026738,0.019471,0.006317,0.044198,-0.063473,-0.000509,0.051925,-0.066180,82.045652,0.521454,-34.843428,-1.171781,17.707536,0.000056,0.662365,-0.711269,0.235306,-0.668423,-0.702910,-0.243163,0.338353,0.003779,-0.941012
1.050000,1.102871,-1.267539,0.469396,-0.003299,0.005557,-0.007207,-0.790082,-0.345052,3.137461,0.000381,0.015942,-0.017265,-0.682734,2.372625,-0.092190,-1.553104,0.098569,2.698279,-0.028778,0.076161,0.019916,-0.075663,0.030158,0.058805,-0.007743,-0.004533,-0.026310,0.019781,0.005839,0.044702,-0.063399,-0.000524,0.052158,-0.065527,82.034030,0.496892,-34.840258,-1.170215,17.708021,0.000056,0.662304,-0.711388,0.235116,-0.668538,-0.702788,-0.243199,0.338246,0.003888,-0.941050
1.060000,1.102838,-1.267483,0.469323,-0.003361,0.005662,-0.007342,-0.790216,-0.344936,3.137342,0.000390,0.016243,-0.017589,-0.681975,2.372826,-0.092946,-1.552798,0.099151,2.698202,-0.028819,0.075902,0.020117,-0.075609,0.030610,0.058172,-0.007748,-0.004009,-0.025882,0.020090,0.005363,0.045205,-0.063326,-0.000541,0.052391,-0.064877,82.022273,0.472417,-34.837066,-1.168582,17.708518,0.000056,0.662242,-0.711510,0.234922,-0.668654,-0.702664,-0.243237,0.338137,0.004000,-0.941089
1.070000,1.102804,-1.267425,0.469249,-0.003424,0.005768,-0.007479,-0.790353,-0.344818,3.137221,0.000399,0.016546,-0.017915,-0.681218,2.373029,-0.093702,-1.552487,0.099726,2.698124,-0.028853,0.075647,0.020321,-0.075560,0.031067,0.057539,-0.007754,-0.003483,-0.025455,0.020399,0.004888,0.045705,-0.063256,-0.000562,0.052624,-0.064228,82.010382,0.448026,-34.833851,-1.166882,17.709028,0.000056,0.662179,-0.711634,0.234724,-0.668773,-0.702538,-0.243275,0.338025,0.004114,-0.941128
1.080000,1.102770,-1.267367,0.469174,-0.003487,0.005874,-0.007617,-0.790492,-0.344698,3.137098,0.000408,0.016851,-0.018244,-0.680464,2.373235,-0.094457,-1.552172,0.100295,2.698047,-0.028883,0.075397,0.020528,-0.075516,0.031529,0.056907,-0.007760,-0.002954,-0.025029,0.020707,0.004415,0.046203,-0.063187,-0.000585,0.052856,-0.063582,81.998354,0.423719,-34.830615,-1.165113,17.709550,0.000056,0.662115,-0.711761,0.234523,-0.668894,-0.702409,-0.243313,0.337912,0.004230,-0.941168
1.090000,1.102734,-1.267308,0.469097,-0.003551,0.005981,-0.007756,-0.790634,-0.344575,3.136973,0.000418,0.017160,-0.018576,-0.679713,2.373442,-0.095211,-1.551852,0.100858,2.697969,-0.028907,0.075151,0.020738,-0.075477,0.031996,0.056276,-0.007766,-0.002423,-0.024604,0.021015,0.003942,0.046699,-0.063120,-0.000612,0.053088,-0.062939,81.986189,0.399494,-34.827356,-1.163276,17.710084,0.000056,0.662049,-0.711889,0.234318,-0.669018,-0.702278,-0.243353,0.337797,0.004348,-0.941209
1.100000,1.102698,-1.267248,0.469019,-0.003615,0.006090,-0.007897,-0.790778,-0.344450,3.136845,0.000428,0.017471,-0.018911,-0.678964,2.373651,-0.095966,-1.551527,0.101414,2.697891,-0.028926,0.074909,0.020951,-0.075442,0.032468,0.055646,-0.007772,-0.001890,-0.024179,0.021322,0.003471,0.047193,-0.063055,-0.000641,0.053320,-0.062297,81.973884,0.375350,-34.824074,-1.161371,17.710631,0.000056,0.661982,-0.712020,0.234110,-0.669143,-0.702145,-0.243393,0.337679,0.004468,-0.941251
1.110000,1.102662,-1.267186,0.468939,-0.003680,0.006199,-0.008038,-0.790925,-0.344323,3.136715,0.000438,0.017784,-0.019249,-0.678217,2.373863,-0.096720,-1.551198,0.101965,2.697813,-0.028940,0.074672,0.021167,-0.075412,0.032945,0.055016,-0.007779,-0.001355,-0.023755,0.021629,0.003001,0.047684,-0.062991,-0.000673,0.053551,-0.061658,81.961438,0.351286,-34.820769,-1.159395,17.711191,0.000056,0.661914,-0.712153,0.233897,-0.669271,-0.702009,-0.243433,0.337560,0.004591,-0.941293
1.120000,1.102625,-1.267124,0.468858,-0.003745,0.006309,-0.008181,-0.791075,-0.344194,3.136583,0.000448,0.018101,-0.019589,-0.677473,2.374077,-0.097474,-1.550864,0.102508,2.697736,-0.028948,0.074438,0.021387,-0.075387,0.033427,0.054386,-0.007786,-0.000817,-0.023332,0.021936,0.002532,0.048173,-0.062930,-0.000709,0.053782,-0.061022,81.948850,0.327300,-34.817442,-1.157350,17.711763,0.000056,0.661844,-0.712289,0.233681,-0.669401,-0.701871,-0.243474,0.337438,0.004716,-0.941336
1.130000,1.102587,-1.267060,0.468775,-0.003811,0.006420,-0.008325,-0.791227,-0.344062,3.136449,0.000458,0.018420,-0.019932,-0.676731,2.374293,-0.098228,-1.550525,0.103046,2.697658,-0.028951,0.074209,0.021609,-0.075366,0.033914,0.053758,-0.007793,-0.000277,-0.022910,0.022242,0.002065,0.048659,-0.062870,-0.000747,0.054013,-0.060387,81.936118,0.303392,-34.814092,-1.155235,17.712348,0.000057,0.661774,-0.712427,0.233461,-0.669533,-0.701730,-0.243516,0.337314,0.004843,-0.941380
1.140000,1.102549,-1.266995,0.468691,-0.003878,0.006532,-0.008470,-0.791382,-0.343929,3.136312,0.000468,0.018741,-0.020278,-0.675991,2.374511,-0.098981,-1.550181,0.103577,2.697580,-0.028948,0.073984,0.021835,-0.075350,0.034405,0.053130,-0.007801,0.000266,-0.022488,0.022548,0.001599,0.049144,-0.062812,-0.000789,0.054243,-0.059755,81.923242,0.279560,-34.810719,-1.153049,17.712946,0.000057,0.661702,-0.712567,0.233237,-0.669668,-0.701587,-0.243559,0.337188,0.004972,-0.941424
1.150000,1.102510,-1.266929,0.468606,-0.003945,0.006645,-0.008617,-0.791539,-0.343792,3.136172,0.000479,0.019065,-0.020627,-0.675253,2.374732,-0.099734,-1.549832,0.104102,2.697502,-0.028940,0.073764,0.022063,-0.075339,0.034901,0.052502,-0.007810,0.000810,-0.022067,0.022854,0.001134,0.049626,-0.062755,-0.000834,0.054473,-0.059126,81.910219,0.255802,-34.807323,-1.150791,17.713557,0.000057,0.661628,-0.712709,0.233010,-0.669805,-0.701441,-0.243602,0.337060,0.005103,-0.941469
1.160000,1.102470,-1.266862,0.468519,-0.004012,0.006759,-0.008764,-0.791699,-0.343654,3.136031,0.000490,0.019392,-0.020978,-0.674518,2.374955,-0.100488,-1.549478,0.104621,2.697423,-0.028926,0.073547,0.022295,-0.075332,0.035402,0.051875,-0.007818,0.001357,-0.021647,0.023159,0.000670,0.050105,-0.062700,-0.000881,0.054703,-0.058499,81.897048,0.232118,-34.803904,-1.148463,17.714181,0.000057,0.661554,-0.712854,0.232778,-0.669944,-0.701293,-0.243646,0.336929,0.005237,-0.941515
1.170000,1.102429,-1.266794,0.468431,-0.004080,0.006873,-0.008913,-0.791862,-0.343513,3.135887,0.000501,0.019722,-0.021332,-0.673784,2.375180,-0.101241,-1.549118,0.105134,2.697345,-0.028907,0.073335,0.022530,-0.075330,0.035908,0.051249,-0.007828,0.001907,-0.021227,0.023464,0.000207,0.050582,-0.062648,-0.000932,0.054932,-0.057874,81.883727,0.208507,-34.800461,-1.146062,17.714818,0.000057,0.661478,-0.713001,0.232542,-0.670086,-0.701142,-0.243690,0.336797,0.005373,-0.941562
1.180000,1.102388,-1.266725,0.468341,-0.004149,0.006989,-0.009063,-0.792028,-0.343369,3.135740,0.000512,0.020054,-0.021689,-0.673053,2.375408,-0.101994,-1.548754,0.105640,2.697267,-0.028883,0.073127,0.022767,-0.075333,0.036419,0.050623,-0.007838,0.002458,-0.020808,0.023769,-0.000254,0.051057,-0.062596,-0.000987,0.055161,-0.057251,81.870256,0.184966,-34.796995,-1.143589,17.715469,0.000057,0.661401,-0.713151,0.232303,-0.670230,-0.700989,-0.243736,0.336662,0.005511,-0.941610
1.190000,1.102346,-1.266654,0.468249,-0.004218,0.007105,-0.009214,-0.792197,-0.343224,3.135591,0.000524,0.020388,-0.022048,-0.672324,2.375638,-0.102748,-1.548385,0.106140,2.697188,-0.028852,0.072923,0.023008,-0.075340,0.036934,0.049997,-0.007848,0.003012,-0.020390,0.024074,-0.000714,0.051530,-0.062547,-0.001044,0.055389,-0.056632,81.856632,0.161496,-34.793506,-1.141043,17.716132,0.000057,0.661322,-0.713303,0.232059,-0.670376,-0.700833,-0.243782,0.336525,0.005651,-0.941658
1.200000,1.102304,-1.266583,0.468156,-0.004288,0.007223,-0.009366,-0.792368,-0.343076,3.135440,0.000535,0.020726,-0.022410,-0.671597,2.375871,-0.103501,-1.548010,0.106633,2.697110,-0.028817,0.072723,0.023252,-0.075351,0.037454,0.049372,-0.007859,0.003568,-0.019973,0.024378,-0.001173,0.052000,-0.062500,-0.001105,0.055617,-0.056014,81.842855,0.138095,-34.789993,-1.138424,17.716809,0.000057,0.661242,-0.713458,0.231811,-0.670525,-0.700674,-0.243828,0.336385,0.005794,-0.941707
1.210000,1.102261,-1.266510,0.468062,-0.004358,0.007341,-0.009520,-0.792542,-0.342925,3.135286,0.000547,0.021066,-0.022775,-0.670871,2.376106,-0.104255,-1.547631,0.107121,2.697031,-0.028775,0.072528,0.023499,-0.075368,0.037979,0.048748,-0.007871,0.004127,-0.019556,0.024682,-0.001631,0.052468,-0.062454,-0.001169,0.055845,-0.055399,81.828922,0.114761,-34.786456,-1.135731,17.717499,0.000057,0.661161,-0.713615,0.231559,-0.670676,-0.700513,-0.243875,0.336243,0.005940,-0.941756
1.220000,1.102217,-1.266436,0.467966,-0.004429,0.007460,-0.009674,-0.792719,-0.342772,3.135129,0.000559,0.021408,-0.023143,-0.670148,2.376343,-0.105009,-1.547245,0.107602,2.696952,-0.028729,0.072336,0.023748,-0.075389,0.038508,0.048124,-0.007883,0.004688,-0.019140,0.024987,-0.002087,0.052933,-0.062410,-0.001237,0.056072,-0.054786,81.814833,0.091494,-34.782896,-1.132964,17.718203,0.000057,0.661079,-0.713774,0.231303,-0.670830,-0.700349,-0.243923,0.336099,0.006087,-0.941807
1.230000,1.102172,-1.266361,0.467869,-0.004500,0.007580,-0.009830,-0.792899,-0.342617,3.134970,0.000572,0.021753,-0.023513,-0.669426,2.376583,-0.105763,-1.546855,0.108077,2.696873,-0.028676,0.072149,0.024001,-0.075414,0.039042,0.047500,-0.007896,0.005251,-0.018724,0.025291,-0.002543,0.053395,-0.062368,-0.001308,0.056299,-0.054176,81.800585,0.068293,-34.779311,-1.130123,17.718920,0.000057,0.660995,-0.713936,0.231043,-0.670986,-0.700183,-0.243972,0.335953,0.006238,-0.941858
1.240000,1.102127,-1.266284,0.467769,-0.004572,0.007701,-0.009987,-0.793082,-0.342459,3.134809,0.000584,0.022101,-0.023886,-0.668707,2.376826,-0.106517,-1.546459,0.108546,2.696794,-0.028618,0.071966,0.024257,-0.075444,0.039581,0.046877,-0.007910,0.005816,-0.018310,0.025594,-0.002997,0.053856,-0.062327,-0.001382,0.056525,-0.053568,81.786178,0.045155,-34.775703,-1.127207,17.719650,0.000057,0.660909,-0.714101,0.230779,-0.671144,-0.700014,-0.244021,0.335804,0.006390,-0.941910
1.250000,1.102081,-1.266207,0.467669,-0.004644,0.007823,-0.010145,-0.793267,-0.342298,3.134645,0.000597,0.022451,-0.024261,-0.667989,2.377071,-0.107272,-1.546058,0.109009,2.696715,-0.028554,0.071787,0.024516,-0.075478,0.040124,0.046254,-0.007925,0.006383,-0.017896,0.025898,-0.003450,0.054314,-0.062289,-0.001460,0.056751,-0.052963,81.771610,0.022081,-34.772071,-1.124216,17.720395,0.000058,0.660822,-0.714268,0.230510,-0.671305,-0.699842,-0.244071,0.335653,0.006545,-0.941963
1.260000,1.102034,-1.266128,0.467567,-0.004717,0.007946,-0.010304,-0.793456,-0.342135,3.134478,0.000610,0.022804,-0.024639,-0.667273,2.377319,-0.108027,-1.545651,0.109465,2.696635,-0.028485,0.071612,0.024778,-0.075517,0.040671,0.045631,-0.007940,0.006953,-0.017482,0.026202,-0.003901,0.054769,-0.062252,-0.001541,0.056977,-0.052360,81.756878,-0.000931,-34.768414,-1.121149,17.721153,0.000058,0.660734,-0.714438,0.230237,-0.671469,-0.699667,-0.244122,0.335499,0.006702,-0.942017
1.270000,1.101986,-1.266048,0.467463,-0.004790,0.008069,-0.010464,-0.793647,-0.341970,3.134309,0.000623,0.023159,-0.025020,-0.666558,2.377569,-0.108783,-1.545239,0.109915,2.696556,-0.028409,0.071442,0.025043,-0.075561,0.041224,0.045009,-0.007956,0.007525,-0.017069,0.026506,-0.004352,0.055222,-0.062217,-0.001626,0.057202,-0.051760,81.741983,-0.023883,-34.764733,-1.118006,17.721924,0.000058,0.660645,-0.714610,0.229960,-0.671635,-0.699490,-0.244173,0.335343,0.006862,-0.942071
1.280000,1.101938,-1.265966,0.467357,-0.004864,0.008194,-0.010626,-0.793842,-0.341801,3.134137,0.000637,0.023517,-0.025403,-0.665846,2.377822,-0.109539,-1.544821,0.110359,2.696476,-0.028328,0.071275,0.025311,-0.075609,0.041780,0.044387,-0.007974,0.008099,-0.016657,0.026809,-0.004801,0.055672,-0.062184,-0.001714,0.057427,-0.051162,81.726922,-0.046775,-34.761028,-1.114786,17.722710,0.000058,0.660553,-0.714785,0.229679,-0.671804,-0.699309,-0.244225,0.335185,0.007025,-0.942126
1.290000,1.101889,-1.265884,0.467250,-0.004939,0.008319,-0.010788,-0.794039,-0.341631,3.133962,0.000650,0.023877,-0.025789,-0.665135,2.378078,-0.110296,-1.544398,0.110796,2.696396,-0.028242,0.071113,0.025583,-0.075662,0.042341,0.043766,-0.007992,0.008676,-0.016246,0.027113,-0.005250,0.056120,-0.062153,-0.001806,0.057651,-0.050567,81.711694,-0.069608,-34.757299,-1.111490,17.723509,0.000058,0.660461,-0.714962,0.229393,-0.671975,-0.699127,-0.244278,0.335024,0.007190,-0.942182
1.300000,1.101839,-1.265800,0.467141,-0.005014,0.008446,-0.010952,-0.794240,-0.341457,3.133785,0.000664,0.024240,-0.026177,-0.664425,2.378336,-0.111053,-1.543969,0.111228,2.696316,-0.028149,0.070954,0.025857,-0.075718,0.042907,0.043144,-0.008011,0.009255,-0.015835,0.027417,-0.005697,0.056565,-0.062123,-0.001902,0.057874,-0.049974,81.696297,-0.092384,-34.753545,-1.108116,17.724323,0.000058,0.660367,-0.715142,0.229103,-0.672149,-0.698941,-0.244331,0.334861,0.007357,-0.942239
1.310000,1.101789,-1.265715,0.467031,-0.005089,0.008573,-0.011117,-0.794443,-0.341281,3.133605,0.000679,0.024606,-0.026568,-0.663717,2.378598,-0.111811,-1.543534,0.111653,2.696236,-0.028051,0.070800,0.026134,-0.075780,0.043477,0.042523,-0.008031,0.009836,-0.015425,0.027721,-0.006143,0.057007,-0.062096,-0.002001,0.058098,-0.049383,81.680730,-0.115103,-34.749766,-1.104665,17.725150,0.000058,0.660271,-0.715324,0.228808,-0.672325,-0.698752,-0.244385,0.334695,0.007527,-0.942296
1.320000,1.101737,-1.265629,0.466919,-0.005165,0.008701,-0.011283,-0.794650,-0.341103,3.133422,0.000693,0.024974,-0.026962,-0.663010,2.378862,-0.112569,-1.543094,0.112072,2.696155,-0.027946,0.070650,0.026414,-0.075846,0.044052,0.041903,-0.008052,0.010419,-0.015015,0.028025,-0.006587,0.057447,-0.062070,-0.002104,0.058320,-0.048796,81.664992,-0.137768,-34.745963,-1.101136,17.725991,0.000058,0.660174,-0.715509,0.228509,-0.672504,-0.698561,-0.244440,0.334527,0.007700,-0.942355
1.330000,1.101685,-1.265541,0.466805,-0.005242,0.008830,-0.011450,-0.794860,-0.340922,3.133237,0.000708,0.025345,-0.027358,-0.662305,2.379129,-0.113328,-1.542647,0.112485,2.696075,-0.027836,0.070504,0.026697,-0.075916,0.044631,0.041282,-0.008074,0.011004,-0.014606,0.028329,-0.007031,0.057885,-0.062046,-0.002211,0.058543,-0.048210,81.649080,-0.160378,-34.742135,-1.097528,17.726847,0.000058,0.660076,-0.715697,0.228206,-0.672686,-0.698367,-0.244495,0.334356,0.007875,-0.942414
1.340000,1.101633,-1.265452,0.466690,-0.005319,0.008959,-0.011618,-0.795072,-0.340738,3.133049,0.000723,0.025718,-0.027757,-0.661602,2.379399,-0.114088,-1.542195,0.112892,2.695994,-0.027721,0.070362,0.026984,-0.075991,0.045214,0.040662,-0.008097,0.011592,-0.014198,0.028633,-0.007473,0.058319,-0.062024,-0.002322,0.058764,-0.047628,81.632993,-0.182934,-34.738283,-1.093842,17.727716,0.000058,0.659976,-0.715887,0.227898,-0.672870,-0.698169,-0.244551,0.334183,0.008052,-0.942474
1.350000,1.101579,-1.265362,0.466573,-0.005396,0.009090,-0.011788,-0.795288,-0.340551,3.132858,0.000738,0.026094,-0.028158,-0.660900,2.379672,-0.114849,-1.541737,0.113292,2.695912,-0.027599,0.070224,0.027273,-0.076070,0.045801,0.040042,-0.008121,0.012182,-0.013790,0.028938,-0.007915,0.058751,-0.062004,-0.002436,0.058985,-0.047047,81.616731,-0.205439,-34.734406,-1.090076,17.728600,0.000058,0.659874,-0.716080,0.227585,-0.673057,-0.697969,-0.244608,0.334007,0.008233,-0.942535
1.360000,1.101525,-1.265270,0.466454,-0.005474,0.009222,-0.011958,-0.795507,-0.340362,3.132664,0.000754,0.026472,-0.028562,-0.660199,2.379947,-0.115610,-1.541273,0.113686,2.695831,-0.027471,0.070090,0.027566,-0.076154,0.046393,0.039422,-0.008147,0.012774,-0.013383,0.029242,-0.008355,0.059181,-0.061986,-0.002555,0.059206,-0.046470,81.600290,-0.227893,-34.730504,-1.086231,17.729498,0.000058,0.659771,-0.716276,0.227268,-0.673247,-0.697766,-0.244666,0.333828,0.008416,-0.942596
1.370000,1.101470,-1.265177,0.466334,-0.005553,0.009354,-0.012130,-0.795729,-0.340170,3.132468,0.000770,0.026852,-0.028969,-0.659499,2.380226,-0.116373,-1.540803,0.114074,2.695749,-0.027337,0.069960,0.027861,-0.076241,0.046989,0.038802,-0.008174,0.013368,-0.012976,0.029547,-0.008794,0.059607,-0.061969,-0.002677,0.059426,-0.045895,81.583670,-0.250297,-34.726577,-1.082306,17.730410,0.000058,0.659666,-0.716475,0.226946,-0.673439,-0.697560,-0.244724,0.333647,0.008602,-0.942659
1.380000,1.101414,-1.265083,0.466212,-0.005632,0.009487,-0.012303,-0.795954,-0.339975,3.132269,0.000786,0.027236,-0.029378,-0.658801,2.380507,-0.117136,-1.540327,0.114456,2.695667,-0.027198,0.069835,0.028160,-0.076334,0.047589,0.038183,-0.008202,0.013965,-0.012570,0.029852,-0.009232,0.060031,-0.061955,-0.002803,0.059646,-0.045322,81.566869,-0.272652,-34.722625,-1.078301,17.731337,0.000059,0.659560,-0.716676,0.226620,-0.673634,-0.697351,-0.244783,0.333464,0.008790,-0.942722
1.390000,1.101357,-1.264988,0.466088,-0.005711,0.009621,-0.012476,-0.796183,-0.339777,3.132067,0.000803,0.027621,-0.029789,-0.658104,2.380792,-0.117901,-1.539845,0.114832,2.695585,-0.027052,0.069713,0.028461,-0.076430,0.048194,0.037563,-0.008231,0.014563,-0.012164,0.030157,-0.009669,0.060453,-0.061942,-0.002933,0.059865,-0.044752,81.549886,-0.294960,-34.718648,-1.074215,17.732278,0.000059,0.659452,-0.716880,0.226289,-0.673832,-0.697139,-0.244842,0.333277,0.008981,-0.942786
1.400000,1.101299,-1.264891,0.465962,-0.005791,0.009756,-0.012651,-0.796415,-0.339577,3.131862,0.000819,0.028009,-0.030203,-0.657408,2.381080,-0.118666,-1.539357,0.115201,2.695502,-0.026900,0.069595,0.028766,-0.076532,0.048803,0.036944,-0.008262,0.015164,-0.011759,0.030463,-0.010105,0.060871,-0.061931,-0.003067,0.060083,-0.044185,81.532718,-0.317220,-34.714646,-1.070048,17.733233,0.000059,0.659343,-0.717086,0.225953,-0.674032,-0.696924,-0.244902,0.333088,0.009175,-0.942851
1.410000,1.101241,-1.264792,0.465835,-0.005872,0.009892,-0.012827,-0.796650,-0.339374,3.131654,0.000836,0.028400,-0.030619,-0.656713,2.381370,-0.119432,-1.538863,0.115564,2.695419,-0.026743,0.069482,0.029073,-0.076637,0.049416,0.036325,-0.008294,0.015767,-0.011355,0.030768,-0.010540,0.061287,-0.061922,-0.003206,0.060301,-0.043620,81.515365,-0.339435,-34.710619,-1.065800,17.734202,0.000059,0.659231,-0.717295,0.225613,-0.674235,-0.696706,-0.244963,0.332897,0.009371,-0.942917
1.420000,1.101182,-1.264693,0.465706,-0.005953,0.010029,-0.013005,-0.796888,-0.339168,3.131444,0.000854,0.028793,-0.031038,-0.656019,2.381664,-0.120200,-1.538363,0.115921,2.695336,-0.026579,0.069372,0.029384,-0.076747,0.050033,0.035706,-0.008327,0.016372,-0.010951,0.031075,-0.010973,0.061700,-0.061915,-0.003348,0.060519,-0.043058,81.497825,-0.361606,-34.706567,-1.061470,17.735186,0.000059,0.659119,-0.717507,0.225268,-0.674442,-0.696485,-0.245025,0.332703,0.009571,-0.942983
1.430000,1.101122,-1.264592,0.465575,-0.006035,0.010166,-0.013183,-0.797129,-0.338959,3.131230,0.000872,0.029189,-0.031459,-0.655326,2.381961,-0.120968,-1.537856,0.116272,2.695252,-0.026409,0.069267,0.029698,-0.076861,0.050654,0.035087,-0.008362,0.016980,-0.010548,0.031381,-0.011406,0.062110,-0.061910,-0.003494,0.060736,-0.042498,81.480097,-0.383732,-34.702490,-1.057058,17.736185,0.000059,0.659004,-0.717722,0.224918,-0.674650,-0.696261,-0.245087,0.332506,0.009773,-0.943051
1.440000,1.101061,-1.264490,0.465442,-0.006117,0.010304,-0.013362,-0.797374,-0.338748,3.131014,0.000890,0.029587,-0.031883,-0.654635,2.382261,-0.121738,-1.537344,0.116617,2.695168,-0.026233,0.069165,0.030015,-0.076979,0.051279,0.034468,-0.008399,0.017589,-0.010145,0.031688,-0.011837,0.062517,-0.061907,-0.003645,0.060952,-0.041941,81.462178,-0.405816,-34.698388,-1.052563,17.737198,0.000059,0.658888,-0.717940,0.224563,-0.674862,-0.696034,-0.245150,0.332306,0.009977,-0.943119
1.450000,1.101000,-1.264386,0.465308,-0.006200,0.010444,-0.013543,-0.797622,-0.338533,3.130795,0.000908,0.029987,-0.032309,-0.653944,2.382565,-0.122509,-1.536824,0.116955,2.695084,-0.026051,0.069068,0.030335,-0.077102,0.051908,0.033849,-0.008437,0.018201,-0.009742,0.031995,-0.012268,0.062922,-0.061906,-0.003800,0.061168,-0.041386,81.444067,-0.427858,-34.694260,-1.047986,17.738226,0.000059,0.658771,-0.718160,0.224203,-0.675076,-0.695803,-0.245213,0.332104,0.010185,-0.943188
1.460000,1.100937,-1.264281,0.465171,-0.006283,0.010584,-0.013724,-0.797874,-0.338316,3.130572,0.000927,0.030390,-0.032738,-0.653254,2.382871,-0.123281,-1.536299,0.117288,2.694999,-0.025863,0.068975,0.030658,-0.077229,0.052541,0.033230,-0.008476,0.018815,-0.009340,0.032303,-0.012697,0.063323,-0.061906,-0.003959,0.061383,-0.040834,81.425763,-0.449860,-34.690108,-1.043326,17.739268,0.000059,0.658651,-0.718383,0.223839,-0.675294,-0.695570,-0.245278,0.331899,0.010395,-0.943258
1.470000,1.100874,-1.264174,0.465033,-0.006366,0.010724,-0.013907,-0.798128,-0.338096,3.130347,0.000946,0.030796,-0.033169,-0.652566,2.383181,-0.124055,-1.535767,0.117614,2.694914,-0.025669,0.068885,0.030984,-0.077360,0.053178,0.032610,-0.008517,0.019431,-0.008939,0.032611,-0.013125,0.063722,-0.061909,-0.004123,0.061597,-0.040285,81.407263,-0.471822,-34.685930,-1.038582,17.740325,0.000059,0.658530,-0.718609,0.223469,-0.675514,-0.695333,-0.245342,0.331691,0.010609,-0.943328
1.480000,1.100810,-1.264066,0.464893,-0.006450,0.010866,-0.014091,-0.798387,-0.337872,3.130119,0.000965,0.031203,-0.033602,-0.651878,2.383494,-0.124830,-1.535229,0.117934,2.694828,-0.025468,0.068800,0.031313,-0.077496,0.053820,0.031991,-0.008560,0.020049,-0.008537,0.032919,-0.013552,0.064118,-0.061913,-0.004291,0.061811,-0.039738,81.388567,-0.493745,-34.681727,-1.033754,17.741396,0.000059,0.658408,-0.718838,0.223095,-0.675737,-0.695093,-0.245408,0.331480,0.010825,-0.943400
1.490000,1.100745,-1.263957,0.464751,-0.006535,0.011009,-0.014276,-0.798648,-0.337646,3.129888,0.000985,0.031614,-0.034038,-0.651190,2.383811,-0.125606,-1.534684,0.118248,2.694742,-0.025262,0.068718,0.031645,-0.077635,0.054465,0.031372,-0.008605,0.020669,-0.008137,0.033228,-0.013979,0.064511,-0.061920,-0.004463,0.062024,-0.039194,81.369673,-0.515631,-34.677498,-1.028843,17.742482,0.000059,0.658283,-0.719070,0.222716,-0.675963,-0.694850,-0.245474,0.331267,0.011044,-0.943472
1.500000,1.100679,-1.263846,0.464608,-0.006620,0.011152,-0.014461,-0.798913,-0.337417,3.129653,0.001005,0.032026,-0.034476,-0.650504,2.384131,-0.126384,-1.534133,0.118555,2.694656,-0.025049,0.068641,0.031981,-0.077779,0.055114,0.030753,-0.008651,0.021291,-0.007737,0.033538,-0.014404,0.064901,-0.061928,-0.004640,0.062237,-0.038653,81.350579,-0.537480,-34.673245,-1.023847,17.743583,0.000059,0.658157,-0.719304,0.222331,-0.676191,-0.694604,-0.245541,0.331051,0.011266,-0.943546
1.510000,1.100613,-1.263734,0.464462,-0.006706,0.011296,-0.014648,-0.799181,-0.337185,3.129416,0.001025,0.032442,-0.034916,-0.649818,2.384454,-0.127163,-1.533576,0.118856,2.694569,-0.024830,0.068568,0.032319,-0.077928,0.055767,0.030133,-0.008700,0.021916,-0.007337,0.033848,-0.014828,0.065287,-0.061939,-0.004821,0.062449,-0.038114,81.331283,-0.559293,-34.668966,-1.018766,17.744699,0.000059,0.658029,-0.719541,0.221942,-0.676423,-0.694354,-0.245609,0.330832,0.011491,-0.943620
1.520000,1.100545,-1.263620,0.464315,-0.006792,0.011441,-0.014836,-0.799453,-0.336950,3.129176,0.001046,0.032859,-0.035359,-0.649133,2.384780,-0.127944,-1.533011,0.119152,2.694481,-0.024604,0.068498,0.032661,-0.078080,0.056423,0.029514,-0.008750,0.022542,-0.006937,0.034158,-0.015251,0.065671,-0.061951,-0.005006,0.062660,-0.037578,81.311785,-0.581071,-34.664662,-1.013600,17.745829,0.000059,0.657899,-0.719782,0.221548,-0.676658,-0.694102,-0.245677,0.330610,0.011719,-0.943695
1.530000,1.100477,-1.263505,0.464165,-0.006878,0.011587,-0.015026,-0.799729,-0.336712,3.128932,0.001067,0.033279,-0.035804,-0.648449,2.385110,-0.128727,-1.532441,0.119440,2.694393,-0.024372,0.068433,0.033006,-0.078237,0.057084,0.028894,-0.008802,0.023171,-0.006538,0.034469,-0.015673,0.066052,-0.061965,-0.005197,0.062870,-0.037044,81.292082,-0.602816,-34.660333,-1.008349,17.746974,0.000060,0.657768,-0.720025,0.221148,-0.676895,-0.693846,-0.245745,0.330385,0.011949,-0.943770
1.540000,1.100408,-1.263388,0.464014,-0.006965,0.011734,-0.015216,-0.800008,-0.336471,3.128686,0.001089,0.033701,-0.036252,-0.647765,2.385444,-0.129511,-1.531863,0.119723,2.694305,-0.024134,0.068371,0.033353,-0.078398,0.057748,0.028274,-0.008856,0.023802,-0.006140,0.034781,-0.016094,0.066430,-0.061982,-0.005392,0.063080,-0.036514,81.272172,-0.624528,-34.655979,-1.003012,17.748133,0.000060,0.657634,-0.720270,0.220743,-0.677136,-0.693586,-0.245815,0.330158,0.012183,-0.943847
1.550000,1.100337,-1.263270,0.463861,-0.007053,0.011881,-0.015407,-0.800290,-0.336227,3.128436,0.001111,0.034126,-0.036702,-0.647082,2.385781,-0.130296,-1.531279,0.120000,2.694216,-0.023890,0.068314,0.033704,-0.078563,0.058416,0.027654,-0.008911,0.024435,-0.005741,0.035094,-0.016514,0.066805,-0.062000,-0.005591,0.063290,-0.035985,81.252054,-0.646207,-34.651600,-0.997589,17.749308,0.000060,0.657499,-0.720519,0.220334,-0.677379,-0.693324,-0.245885,0.329927,0.012420,-0.943925
1.560000,1.100266,-1.263151,0.463706,-0.007141,0.012029,-0.015599,-0.800576,-0.335980,3.128183,0.001133,0.034553,-0.037154,-0.646399,2.386122,-0.131083,-1.530688,0.120270,2.694126,-0.023639,0.068261,0.034058,-0.078732,0.059088,0.027034,-0.008969,0.025070,-0.005344,0.035406,-0.016933,0.067176,-0.062021,-0.005795,0.063498,-0.035460,81.231727,-0.667856,-34.647195,-0.992080,17.750497,0.000060,0.657362,-0.720771,0.219919,-0.677626,-0.693058,-0.245956,0.329694,0.012659,-0.944003
1.570000,1.100195,-1.263030,0.463549,-0.007229,0.012178,-0.015793,-0.800865,-0.335729,3.127927,0.001156,0.034983,-0.037608,-0.645717,2.386466,-0.131873,-1.530090,0.120534,2.694036,-0.023382,0.068211,0.034416,-0.078906,0.059763,0.026414,-0.009029,0.025707,-0.004946,0.035720,-0.017351,0.067545,-0.062043,-0.006004,0.063706,-0.034937,81.211188,-0.689474,-34.642766,-0.986484,17.751701,0.000060,0.657223,-0.721025,0.219499,-0.677875,-0.692788,-0.246027,0.329458,0.012902,-0.944082
1.580000,1.100122,-1.262907,0.463390,-0.007318,0.012328,-0.015987,-0.801158,-0.335476,3.127668,0.001179,0.035414,-0.038065,-0.645036,2.386813,-0.132663,-1.529486,0.120792,2.693945,-0.023119,0.068166,0.034776,-0.079083,0.060443,0.025793,-0.009092,0.026346,-0.004549,0.036034,-0.017768,0.067910,-0.062067,-0.006218,0.063913,-0.034416,81.190437,-0.711063,-34.638311,-0.980801,17.752919,0.000060,0.657083,-0.721283,0.219073,-0.678128,-0.692516,-0.246099,0.329219,0.013148,-0.944162
1.590000,1.100048,-1.262783,0.463229,-0.007408,0.012479,-0.016182,-0.801455,-0.335219,3.127406,0.001202,0.035849,-0.038524,-0.644354,2.387165,-0.133456,-1.528875,0.121044,2.693853,-0.022849,0.068124,0.035139,-0.079265,0.061125,0.025172,-0.009156,0.026987,-0.004152,0.036349,-0.018184,0.068272,-0.062094,-0.006437,0.064120,-0.033899,81.169471,-0.732624,-34.633832,-0.975031,17.754153,0.000060,0.656940,-0.721543,0.218642,-0.678383,-0.692240,-0.246172,0.328976,0.013397,-0.944243
1.600000,1.099974,-1.262658,0.463066,-0.007498,0.012631,-0.016379,-0.801755,-0.334960,3.127140,0.001226,0.036285,-0.038985,-0.643674,2.387520,-0.134251,-1.528257,0.121289,2.693761,-0.022573,0.068087,0.035506,-0.079451,0.061812,0.024551,-0.009223,0.027630,-0.003755,0.036665,-0.018600,0.068631,-0.062122,-0.006660,0.064325,-0.033384,81.148289,-0.754158,-34.629327,-0.969173,17.755401,0.000060,0.656796,-0.721807,0.218206,-0.678642,-0.691960,-0.246245,0.328731,0.013648,-0.944325
1.610000,1.099898,-1.262531,0.462902,-0.007588,0.012783,-0.016577,-0.802059,-0.334697,3.126872,0.001250,0.036724,-0.039449,-0.642993,2.387879,-0.135047,-1.527632,0.121529,2.693668,-0.022290,0.068053,0.035876,-0.079641,0.062501,0.023929,-0.009291,0.028276,-0.003359,0.036981,-0.019014,0.068987,-0.062153,-0.006889,0.064530,-0.032872,81.126888,-0.775664,-34.624798,-0.963228,17.756664,0.000060,0.656650,-0.722073,0.217765,-0.678903,-0.691677,-0.246318,0.328483,0.013903,-0.944408
1.620000,1.099822,-1.262402,0.462735,-0.007679,0.012936,-0.016775,-0.802367,-0.334431,3.126600,0.001275,0.037165,-0.039914,-0.642313,2.388241,-0.135845,-1.527000,0.121762,2.693575,-0.022001,0.068023,0.036249,-0.079836,0.063195,0.023308,-0.009363,0.028923,-0.002963,0.037299,-0.019427,0.069339,-0.062185,-0.007122,0.064735,-0.032362,81.105268,-0.797146,-34.620244,-0.957195,17.757941,0.000060,0.656502,-0.722342,0.217318,-0.679168,-0.691391,-0.246393,0.328232,0.014162,-0.944491
1.630000,1.099745,-1.262272,0.462566,-0.007771,0.013090,-0.016975,-0.802678,-0.334162,3.126325,0.001300,0.037609,-0.040382,-0.641633,2.388607,-0.136646,-1.526361,0.121989,2.693480,-0.021705,0.067998,0.036625,-0.080034,0.063892,0.022685,-0.009436,0.029572,-0.002567,0.037616,-0.019839,0.069688,-0.062220,-0.007360,0.064938,-0.031855,81.083427,-0.818602,-34.615665,-0.951073,17.759234,0.000060,0.656352,-0.722614,0.216866,-0.679436,-0.691101,-0.246468,0.327978,0.014423,-0.944575
1.640000,1.099667,-1.262140,0.462395,-0.007862,0.013245,-0.017175,-0.802993,-0.333890,3.126046,0.001326,0.038055,-0.040853,-0.640953,2.388977,-0.137448,-1.525715,0.122209,2.693385,-0.021403,0.067976,0.037004,-0.080237,0.064592,0.022063,-0.009512,0.030224,-0.002171,0.037935,-0.020251,0.070034,-0.062257,-0.007604,0.065141,-0.031351,81.061363,-0.840035,-34.611062,-0.944863,17.760541,0.000060,0.656200,-0.722890,0.216409,-0.679707,-0.690808,-0.246543,0.327721,0.014687,-0.944661
1.650000,1.099587,-1.262007,0.462223,-0.007955,0.013400,-0.017377,-0.803311,-0.333614,3.125765,0.001352,0.038503,-0.041325,-0.640274,2.389351,-0.138252,-1.525062,0.122424,2.693289,-0.021094,0.067958,0.037387,-0.080443,0.065296,0.021440,-0.009591,0.030877,-0.001776,0.038255,-0.020661,0.070376,-0.062296,-0.007852,0.065343,-0.030849,81.039074,-0.861444,-34.606434,-0.938563,17.761863,0.000060,0.656046,-0.723168,0.215946,-0.679981,-0.690511,-0.246620,0.327460,0.014955,-0.944747
1.660000,1.099507,-1.261872,0.462048,-0.008048,0.013557,-0.017580,-0.803634,-0.333336,3.125480,0.001379,0.038954,-0.041799,-0.639594,2.389729,-0.139059,-1.524402,0.122632,2.693192,-0.020779,0.067944,0.037773,-0.080654,0.066003,0.020816,-0.009672,0.031533,-0.001381,0.038575,-0.021071,0.070715,-0.062337,-0.008106,0.065544,-0.030350,81.016558,-0.882831,-34.601781,-0.932175,17.763200,0.000060,0.655890,-0.723449,0.215478,-0.680258,-0.690210,-0.246696,0.327197,0.015225,-0.944833
1.670000,1.099427,-1.261736,0.461871,-0.008141,0.013714,-0.017783,-0.803960,-0.333054,3.125191,0.001405,0.039406,-0.042276,-0.638915,2.390111,-0.139868,-1.523735,0.122834,2.693095,-0.020457,0.067935,0.038162,-0.080869,0.066713,0.020193,-0.009756,0.032190,-0.000986,0.038896,-0.021479,0.071051,-0.062380,-0.008365,0.065745,-0.029854,80.993814,-0.904197,-34.597104,-0.925697,17.764551,0.000060,0.655732,-0.723733,0.215004,-0.680538,-0.689906,-0.246774,0.326931,0.015499,-0.944921
1.680000,1.099345,-1.261598,0.461692,-0.008234,0.013872,-0.017988,-0.804290,-0.332769,3.124900,0.001433,0.039862,-0.042755,-0.638235,2.390496,-0.140679,-1.523060,0.123029,2.692996,-0.020128,0.067929,0.038554,-0.081088,0.067427,0.019568,-0.009842,0.032850,-0.000591,0.039219,-0.021887,0.071383,-0.062425,-0.008629,0.065944,-0.029360,80.970841,-0.925543,-34.592403,-0.919130,17.765917,0.000060,0.655572,-0.724020,0.214524,-0.680821,-0.689599,-0.246852,0.326661,0.015776,-0.945010
1.690000,1.099262,-1.261458,0.461511,-0.008329,0.014030,-0.018194,-0.804623,-0.332480,3.124605,0.001461,0.040319,-0.043236,-0.637556,2.390886,-0.141492,-1.522379,0.123219,2.692897,-0.019793,0.067927,0.038949,-0.081311,0.068144,0.018944,-0.009931,0.033511,-0.000197,0.039542,-0.022294,0.071712,-0.062472,-0.008899,0.066143,-0.028869,80.947636,-0.946868,-34.587678,-0.912473,17.767298,0.000060,0.655410,-0.724310,0.214039,-0.681108,-0.689288,-0.246930,0.326388,0.016057,-0.945099
1.700000,1.099178,-1.261317,0.461328,-0.008423,0.014190,-0.018401,-0.804961,-0.332188,3.124307,0.001489,0.040779,-0.043719,-0.636877,2.391279,-0.142307,-1.521690,0.123402,2.692797,-0.019451,0.067929,0.039348,-0.081538,0.068865,0.018319,-0.010023,0.034174,0.000198,0.039866,-0.022700,0.072037,-0.062522,-0.009173,0.066341,-0.028381,80.924197,-0.968175,-34.582929,-0.905725,17.768693,0.000060,0.655246,-0.724603,0.213549,-0.681398,-0.688973,-0.247009,0.326113,0.016340,-0.945190
1.710000,1.099093,-1.261175,0.461143,-0.008518,0.014350,-0.018608,-0.805302,-0.331893,3.124005,0.001518,0.041241,-0.044204,-0.636198,2.391677,-0.143125,-1.520994,0.123579,2.692696,-0.019103,0.067935,0.039750,-0.081769,0.069588,0.017693,-0.010117,0.034840,0.000592,0.040190,-0.023105,0.072359,-0.062573,-0.009454,0.066538,-0.027896,80.900523,-0.989464,-34.578155,-0.898887,17.770103,0.000060,0.655080,-0.724899,0.213052,-0.681691,-0.688654,-0.247089,0.325834,0.016627,-0.945281
1.720000,1.099008,-1.261030,0.460956,-0.008614,0.014511,-0.018817,-0.805647,-0.331595,3.123700,0.001547,0.041705,-0.044691,-0.635518,2.392078,-0.143945,-1.520291,0.123750,2.692594,-0.018748,0.067944,0.040155,-0.082004,0.070315,0.017067,-0.010215,0.035507,0.000986,0.040516,-0.023509,0.072677,-0.062627,-0.009739,0.066734,-0.027413,80.876613,-1.010735,-34.573358,-0.891959,17.771528,0.000060,0.654912,-0.725198,0.212550,-0.681987,-0.688332,-0.247169,0.325552,0.016917,-0.945373
1.730000,1.098921,-1.260884,0.460767,-0.008710,0.014673,-0.019027,-0.805996,-0.331293,3.123391,0.001577,0.042172,-0.045180,-0.634839,2.392484,-0.144767,-1.519581,0.123914,2.692490,-0.018386,0.067958,0.040563,-0.082243,0.071045,0.016440,-0.010315,0.036176,0.001380,0.040843,-0.023912,0.072992,-0.062683,-0.010030,0.066930,-0.026933,80.852464,-1.031990,-34.568538,-0.884940,17.772967,0.000061,0.654742,-0.725500,0.212043,-0.682286,-0.688007,-0.247249,0.325266,0.017211,-0.945466
1.740000,1.098833,-1.260737,0.460576,-0.008806,0.014835,-0.019238,-0.806349,-0.330988,3.123079,0.001608,0.042640,-0.045672,-0.634159,2.392894,-0.145592,-1.518863,0.124072,2.692386,-0.018018,0.067976,0.040975,-0.082486,0.071778,0.015812,-0.010418,0.036848,0.001774,0.041171,-0.024315,0.073303,-0.062741,-0.010327,0.067125,-0.026456,80.828074,-1.053229,-34.563694,-0.877829,17.774421,0.000061,0.654570,-0.725805,0.211530,-0.682589,-0.687677,-0.247331,0.324978,0.017507,-0.945560
1.750000,1.098745,-1.260588,0.460382,-0.008903,0.014998,-0.019449,-0.806706,-0.330680,3.122764,0.001639,0.043111,-0.046165,-0.633479,2.393307,-0.146419,-1.518138,0.124224,2.692281,-0.017642,0.067998,0.041390,-0.082733,0.072514,0.015184,-0.010524,0.037521,0.002168,0.041500,-0.024716,0.073610,-0.062802,-0.010629,0.067318,-0.025981,80.803442,-1.074453,-34.558826,-0.870628,17.775889,0.000061,0.654396,-0.726113,0.211011,-0.682895,-0.687344,-0.247412,0.324686,0.017808,-0.945654
1.760000,1.098655,-1.260437,0.460187,-0.009001,0.015162,-0.019662,-0.807066,-0.330368,3.122445,0.001670,0.043585,-0.046661,-0.632799,2.393726,-0.147249,-1.517405,0.124370,2.692175,-0.017260,0.068023,0.041808,-0.082984,0.073253,0.014556,-0.010634,0.038196,0.002562,0.041830,-0.025117,0.073913,-0.062864,-0.010937,0.067511,-0.025509,80.778567,-1.095663,-34.553935,-0.863335,17.777372,0.000061,0.654220,-0.726424,0.210486,-0.683204,-0.687008,-0.247494,0.324391,0.018111,-0.945750
1.770000,1.098565,-1.260284,0.459989,-0.009099,0.015327,-0.019876,-0.807431,-0.330053,3.122123,0.001702,0.044060,-0.047158,-0.632118,2.394148,-0.148082,-1.516665,0.124509,2.692067,-0.016872,0.068053,0.042230,-0.083239,0.073995,0.013926,-0.010746,0.038873,0.002956,0.042161,-0.025517,0.074213,-0.062929,-0.011251,0.067703,-0.025040,80.753445,-1.116860,-34.549021,-0.855950,17.778869,0.000061,0.654041,-0.726739,0.209955,-0.683516,-0.686667,-0.247577,0.324093,0.018418,-0.945846
1.780000,1.098473,-1.260130,0.459789,-0.009197,0.015493,-0.020091,-0.807799,-0.329734,3.121797,0.001734,0.044538,-0.047658,-0.631437,2.394574,-0.148917,-1.515918,0.124642,2.691959,-0.016476,0.068086,0.042655,-0.083499,0.074741,0.013296,-0.010862,0.039552,0.003349,0.042493,-0.025916,0.074509,-0.062996,-0.011570,0.067894,-0.024574,80.728076,-1.138044,-34.544085,-0.848473,17.780381,0.000061,0.653860,-0.727056,0.209419,-0.683831,-0.686323,-0.247660,0.323792,0.018728,-0.945943
1.790000,1.098381,-1.259974,0.459587,-0.009296,0.015659,-0.020306,-0.808172,-0.329412,3.121468,0.001767,0.045018,-0.048159,-0.630756,2.395005,-0.149754,-1.515163,0.124768,2.691849,-0.016074,0.068124,0.043083,-0.083762,0.075489,0.012666,-0.010981,0.040233,0.003743,0.042826,-0.026314,0.074802,-0.063065,-0.011895,0.068085,-0.024110,80.702458,-1.159216,-34.539125,-0.840904,17.781907,0.000061,0.653678,-0.727376,0.208876,-0.684150,-0.685975,-0.247744,0.323487,0.019042,-0.946041
1.800000,1.098288,-1.259817,0.459383,-0.009395,0.015826,-0.020523,-0.808548,-0.329087,3.121135,0.001801,0.045500,-0.048663,-0.630074,2.395440,-0.150594,-1.514401,0.124889,2.691738,-0.015665,0.068165,0.043515,-0.084029,0.076239,0.012034,-0.011103,0.040916,0.004137,0.043160,-0.026711,0.075090,-0.063137,-0.012226,0.068274,-0.023649,80.676588,-1.180377,-34.534144,-0.833243,17.783447,0.000061,0.653493,-0.727699,0.208328,-0.684473,-0.685623,-0.247828,0.323179,0.019359,-0.946140
1.810000,1.098193,-1.259658,0.459177,-0.009494,0.015994,-0.020740,-0.808929,-0.328758,3.120798,0.001835,0.045984,-0.049168,-0.629392,2.395880,-0.151437,-1.513631,0.125003,2.691625,-0.015249,0.068210,0.043950,-0.084300,0.076993,0.011402,-0.011229,0.041600,0.004530,0.043496,-0.027108,0.075375,-0.063210,-0.012563,0.068462,-0.023191,80.650465,-1.201527,-34.529140,-0.825490,17.785001,0.000061,0.653306,-0.728026,0.207774,-0.684798,-0.685267,-0.247912,0.322868,0.019679,-0.946240
1.820000,1.098098,-1.259497,0.458968,-0.009594,0.016163,-0.020959,-0.809313,-0.328425,3.120458,0.001870,0.046471,-0.049676,-0.628710,2.396324,-0.152283,-1.512853,0.125110,2.691512,-0.014826,0.068260,0.044388,-0.084575,0.077750,0.010769,-0.011358,0.042287,0.004924,0.043832,-0.027504,0.075655,-0.063287,-0.012905,0.068650,-0.022736,80.624088,-1.222668,-34.524113,-0.817643,17.786570,0.000061,0.653116,-0.728355,0.207214,-0.685127,-0.684908,-0.247998,0.322553,0.020003,-0.946340
1.830000,1.098001,-1.259335,0.458757,-0.009695,0.016332,-0.021179,-0.809702,-0.328089,3.120115,0.001905,0.046960,-0.050185,-0.628026,2.396772,-0.153132,-1.512068,0.125212,2.691397,-0.014396,0.068313,0.044830,-0.084854,0.078509,0.010136,-0.011490,0.042975,0.005318,0.044170,-0.027899,0.075932,-0.063365,-0.013254,0.068836,-0.022283,80.597454,-1.243800,-34.519065,-0.809704,17.788153,0.000061,0.652925,-0.728688,0.206648,-0.685459,-0.684544,-0.248083,0.322235,0.020331,-0.946441
1.840000,1.097904,-1.259171,0.458545,-0.009796,0.016502,-0.021399,-0.810095,-0.327750,3.119768,0.001941,0.047451,-0.050696,-0.627343,2.397225,-0.153983,-1.511276,0.125307,2.691281,-0.013959,0.068370,0.045275,-0.085137,0.079271,0.009501,-0.011626,0.043665,0.005712,0.044509,-0.028293,0.076205,-0.063446,-0.013609,0.069022,-0.021833,80.570561,-1.264923,-34.513996,-0.801672,17.789750,0.000061,0.652731,-0.729023,0.206076,-0.685794,-0.684177,-0.248169,0.321914,0.020661,-0.946544
1.850000,1.097805,-1.259005,0.458329,-0.009897,0.016673,-0.021620,-0.810491,-0.327407,3.119417,0.001977,0.047944,-0.051209,-0.626658,2.397682,-0.154837,-1.510475,0.125396,2.691163,-0.013516,0.068431,0.045723,-0.085424,0.080036,0.008866,-0.011766,0.044357,0.006106,0.044849,-0.028686,0.076473,-0.063529,-0.013969,0.069206,-0.021386,80.543408,-1.286039,-34.508905,-0.793547,17.791361,0.000061,0.652535,-0.729362,0.205498,-0.686133,-0.683806,-0.248255,0.321589,0.020996,-0.946647
1.860000,1.097706,-1.258837,0.458112,-0.009999,0.016844,-0.021843,-0.810892,-0.327061,3.119063,0.002014,0.048439,-0.051724,-0.625973,2.398144,-0.155695,-1.509667,0.125478,2.691044,-0.013065,0.068496,0.046175,-0.085715,0.080803,0.008230,-0.011910,0.045051,0.006500,0.045191,-0.029079,0.076738,-0.063614,-0.014336,0.069390,-0.020942,80.515992,-1.307148,-34.503792,-0.785328,17.792986,0.000061,0.652337,-0.729703,0.204914,-0.686475,-0.683431,-0.248342,0.321261,0.021334,-0.946750
1.870000,1.097605,-1.258668,0.457893,-0.010101,0.017016,-0.022066,-0.811297,-0.326710,3.118705,0.002052,0.048936,-0.052241,-0.625288,2.398610,-0.156555,-1.508851,0.125554,2.690923,-0.012608,0.068565,0.046631,-0.086009,0.081573,0.007593,-0.012057,0.045747,0.006894,0.045533,-0.029471,0.076999,-0.063702,-0.014709,0.069573,-0.020500,80.488313,-1.328251,-34.498659,-0.777016,17.794625,0.000061,0.652136,-0.730048,0.204324,-0.686821,-0.683052,-0.248429,0.320929,0.021675,-0.946855
1.880000,1.097504,-1.258497,0.457671,-0.010204,0.017189,-0.022290,-0.811706,-0.326357,3.118343,0.002090,0.049436,-0.052760,-0.624601,2.399081,-0.157418,-1.508028,0.125623,2.690801,-0.012143,0.068638,0.047089,-0.086308,0.082346,0.006955,-0.012207,0.046444,0.007288,0.045877,-0.029862,0.077255,-0.063792,-0.015089,0.069754,-0.020061,80.460367,-1.349348,-34.493505,-0.768610,17.796278,0.000061,0.651933,-0.730396,0.203728,-0.687170,-0.682669,-0.248517,0.320594,0.022020,-0.946961
1.890000,1.097401,-1.258324,0.457447,-0.010307,0.017363,-0.022516,-0.812119,-0.326000,3.117978,0.002129,0.049937,-0.053281,-0.623914,2.399557,-0.158284,-1.507197,0.125686,2.690678,-0.011672,0.068715,0.047552,-0.086610,0.083121,0.006316,-0.012362,0.047144,0.007683,0.046223,-0.030252,0.077507,-0.063884,-0.015474,0.069935,-0.019626,80.432153,-1.370440,-34.488331,-0.760111,17.797944,0.000061,0.651728,-0.730747,0.203126,-0.687522,-0.682282,-0.248604,0.320256,0.022369,-0.947067
1.900000,1.097298,-1.258150,0.457220,-0.010411,0.017537,-0.022742,-0.812536,-0.325639,3.117609,0.002168,0.050441,-0.053803,-0.623226,2.400037,-0.159153,-1.506358,0.125743,2.690552,-0.011194,0.068795,0.048017,-0.086917,0.083898,0.005676,-0.012521,0.047845,0.008077,0.046569,-0.030642,0.077755,-0.063979,-0.015866,0.070114,-0.019192,80.403670,-1.391527,-34.483137,-0.751518,17.799624,0.000061,0.651520,-0.731101,0.202517,-0.687878,-0.681891,-0.248693,0.319914,0.022721,-0.947174
1.910000,1.097193,-1.257973,0.456992,-0.010515,0.017712,-0.022969,-0.812958,-0.325274,3.117236,0.002208,0.050947,-0.054328,-0.622538,2.400522,-0.160025,-1.505511,0.125794,2.690426,-0.010708,0.068880,0.048486,-0.087227,0.084678,0.005036,-0.012684,0.048548,0.008472,0.046917,-0.031031,0.077999,-0.064076,-0.016265,0.070293,-0.018762,80.374915,-1.412611,-34.477922,-0.742830,17.801318,0.000061,0.651310,-0.731458,0.201903,-0.688237,-0.681496,-0.248781,0.319569,0.023077,-0.947282
1.920000,1.097087,-1.257795,0.456761,-0.010619,0.017888,-0.023197,-0.813384,-0.324906,3.116860,0.002249,0.051455,-0.054854,-0.621848,2.401011,-0.160901,-1.504656,0.125838,2.690297,-0.010216,0.068969,0.048959,-0.087541,0.085461,0.004394,-0.012850,0.049253,0.008867,0.047266,-0.031419,0.078238,-0.064176,-0.016670,0.070471,-0.018334,80.345886,-1.433692,-34.472689,-0.734049,17.803026,0.000061,0.651098,-0.731818,0.201282,-0.688600,-0.681097,-0.248870,0.319220,0.023436,-0.947391
1.930000,1.096981,-1.257615,0.456528,-0.010724,0.018065,-0.023426,-0.813814,-0.324535,3.116480,0.002291,0.051965,-0.055382,-0.621157,2.401506,-0.161779,-1.503794,0.125875,2.690167,-0.009716,0.069061,0.049435,-0.087859,0.086245,0.003751,-0.013021,0.049959,0.009262,0.047617,-0.031806,0.078474,-0.064278,-0.017081,0.070647,-0.017910,80.316581,-1.454771,-34.467436,-0.725173,17.804747,0.000061,0.650883,-0.732181,0.200655,-0.688966,-0.680695,-0.248959,0.318868,0.023799,-0.947500
1.940000,1.096873,-1.257434,0.456293,-0.010829,0.018242,-0.023656,-0.814248,-0.324159,3.116096,0.002333,0.052477,-0.055911,-0.620466,2.402005,-0.162661,-1.502924,0.125906,2.690035,-0.009209,0.069158,0.049915,-0.088181,0.087033,0.003107,-0.013196,0.050667,0.009657,0.047969,-0.032193,0.078704,-0.064383,-0.017499,0.070823,-0.017488,80.286999,-1.475847,-34.462164,-0.716203,17.806481,0.000061,0.650666,-0.732547,0.200021,-0.689335,-0.680288,-0.249049,0.318512,0.024166,-0.947611
1.950000,1.096764,-1.257251,0.456055,-0.010935,0.018420,-0.023886,-0.814686,-0.323780,3.115709,0.002376,0.052992,-0.056443,-0.619773,2.402509,-0.163546,-1.502045,0.125931,2.689901,-0.008696,0.069259,0.050398,-0.088507,0.087822,0.002462,-0.013375,0.051377,0.010053,0.048322,-0.032579,0.078931,-0.064490,-0.017924,0.070997,-0.017069,80.257137,-1.496923,-34.456873,-0.707138,17.808229,0.000061,0.650447,-0.732916,0.199382,-0.689708,-0.679877,-0.249139,0.318153,0.024536,-0.947722
1.960000,1.096654,-1.257066,0.455815,-0.011041,0.018599,-0.024118,-0.815129,-0.323398,3.115317,0.002419,0.053508,-0.056976,-0.619079,2.403018,-0.164434,-1.501159,0.125949,2.689766,-0.008175,0.069363,0.050885,-0.088837,0.088613,0.001816,-0.013559,0.052089,0.010449,0.048677,-0.032964,0.079152,-0.064599,-0.018355,0.071170,-0.016653,80.226994,-1.517998,-34.451564,-0.697979,17.809990,0.000061,0.650225,-0.733288,0.198736,-0.690085,-0.679461,-0.249229,0.317790,0.024911,-0.947834
1.970000,1.096543,-1.256879,0.455572,-0.011147,0.018778,-0.024351,-0.815576,-0.323011,3.114922,0.002463,0.054027,-0.057511,-0.618385,2.403531,-0.165326,-1.500265,0.125961,2.689628,-0.007647,0.069472,0.051375,-0.089170,0.089407,0.001169,-0.013747,0.052802,0.010845,0.049033,-0.033348,0.079370,-0.064711,-0.018793,0.071342,-0.016239,80.196568,-1.539073,-34.446238,-0.688725,17.811764,0.000061,0.650001,-0.733664,0.198083,-0.690465,-0.679042,-0.249319,0.317423,0.025288,-0.947947
1.980000,1.096431,-1.256690,0.455328,-0.011254,0.018958,-0.024584,-0.816027,-0.322621,3.114523,0.002508,0.054547,-0.058047,-0.617689,2.404050,-0.166221,-1.499363,0.125966,2.689489,-0.007111,0.069584,0.051869,-0.089507,0.090203,0.000521,-0.013939,0.053518,0.011241,0.049390,-0.033732,0.079582,-0.064826,-0.019237,0.071514,-0.015829,80.165856,-1.560148,-34.440893,-0.679377,17.813551,0.000061,0.649774,-0.734042,0.197425,-0.690848,-0.678619,-0.249410,0.317054,0.025670,-0.948060
1.990000,1.096318,-1.256500,0.455081,-0.011361,0.019139,-0.024819,-0.816482,-0.322227,3.114120,0.002553,0.055070,-0.058586,-0.616992,2.404574,-0.167120,-1.498453,0.125964,2.689347,-0.006569,0.069700,0.052367,-0.089849,0.091001,-0.000129,-0.014136,0.054234,0.011638,0.049749,-0.034115,0.079791,-0.064943,-0.019689,0.071684,-0.015421,80.134856,-1.581224,-34.435532,-0.669934,17.815351,0.000061,0.649544,-0.734423,0.196759,-0.691235,-0.678191,-0.249501,0.316680,0.026055,-0.948175
2.000000,1.096204,-1.256307,0.454831,-0.011469,0.019320,-0.025054,-0.816942,-0.321830,3.113714,0.002600,0.055594,-0.059126,-0.616294,2.405102,-0.168022,-1.497535,0.125957,2.689204,-0.006020,0.069821,0.052868,-0.090194,0.091801,-0.000779,-0.014338,0.054953,0.012035,0.050110,-0.034498,0.079994,-0.065063,-0.020147,0.071853,-0.015017,80.103567,-1.602302,-34.430154,-0.660396,17.817164,0.000061,0.649313,-0.734808,0.196088,-0.691625,-0.677760,-0.249592,0.316303,0.026444,-0.948290
2.010000,1.096089,-1.256113,0.454580,-0.011577,0.019502,-0.025290,-0.817407,-0.321428,3.113303,0.002647,0.056121,-0.059667,-0.615594,2.405636,-0.168927,-1.496609,0.125942,2.689059,-0.005463,0.069945,0.053373,-0.090542,0.092603,-0.001431,-0.014544,0.055673,0.012432,0.050472,-0.034879,0.080193,-0.065185,-0.020613,0.072020,-0.014615,80.071987,-1.623382,-34.424759,-0.650763,17.818990,0.000061,0.649078,-0.735195,0.195410,-0.692019,-0.677324,-0.249684,0.315922,0.026837,-0.948406
2.020000,1.095972,-1.255917,0.454326,-0.011686,0.019685,-0.025527,-0.817875,-0.321023,3.112889,0.002694,0.056649,-0.060210,-0.614893,2.406175,-0.169836,-1.495675,0.125922,2.688911,-0.004899,0.070073,0.053881,-0.090895,0.093407,-0.002084,-0.014754,0.056395,0.012830,0.050836,-0.035260,0.080387,-0.065309,-0.021085,0.072187,-0.014216,80.040113,-1.644465,-34.419348,-0.641035,17.820828,0.000061,0.648841,-0.735586,0.194725,-0.692417,-0.676884,-0.249775,0.315538,0.027233,-0.948522
2.030000,1.095855,-1.255719,0.454069,-0.011795,0.019869,-0.025765,-0.818348,-0.320614,3.112471,0.002743,0.057180,-0.060755,-0.614191,2.406719,-0.170749,-1.494733,0.125894,2.688761,-0.004328,0.070206,0.054393,-0.091251,0.094212,-0.002738,-0.014970,0.057119,0.013228,0.051201,-0.035641,0.080576,-0.065437,-0.021564,0.072352,-0.013820,80.007944,-1.665551,-34.413922,-0.631212,17.822679,0.000061,0.648602,-0.735980,0.194034,-0.692818,-0.676439,-0.249867,0.315150,0.027634,-0.948640
2.040000,1.095737,-1.255520,0.453810,-0.011904,0.020053,-0.026004,-0.818825,-0.320202,3.112049,0.002792,0.057713,-0.061302,-0.613488,2.407268,-0.171665,-1.493783,0.125860,2.688609,-0.003749,0.070342,0.054909,-0.091612,0.095020,-0.003394,-0.015191,0.057844,0.013627,0.051567,-0.036021,0.080760,-0.065567,-0.022051,0.072517,-0.013427,79.975477,-1.686640,-34.408480,-0.621294,17.824542,0.000061,0.648360,-0.736376,0.193337,-0.693222,-0.675991,-0.249959,0.314758,0.028038,-0.948758
2.050000,1.095617,-1.255318,0.453549,-0.012014,0.020238,-0.026243,-0.819307,-0.319785,3.111623,0.002842,0.058247,-0.061850,-0.612783,2.407822,-0.172584,-1.492824,0.125820,2.688455,-0.003164,0.070482,0.055428,-0.091976,0.095829,-0.004051,-0.015416,0.058570,0.014025,0.051936,-0.036400,0.080940,-0.065699,-0.022544,0.072680,-0.013037,79.942710,-1.707734,-34.403024,-0.611281,17.826418,0.000061,0.648115,-0.736776,0.192633,-0.693630,-0.675538,-0.250051,0.314363,0.028446,-0.948877
2.060000,1.095496,-1.255115,0.453285,-0.012124,0.020423,-0.026484,-0.819793,-0.319365,3.111193,0.002893,0.058784,-0.062399,-0.612077,2.408382,-0.173508,-1.491858,0.125773,2.688299,-0.002571,0.070626,0.055951,-0.092343,0.096640,-0.004709,-0.015647,0.059299,0.014425,0.052305,-0.036778,0.081114,-0.065835,-0.023045,0.072842,-0.012650,79.909642,-1.728833,-34.397553,-0.601173,17.828305,0.000061,0.647868,-0.737179,0.191922,-0.694042,-0.675081,-0.250143,0.313963,0.028858,-0.948996
2.070000,1.095374,-1.254910,0.453019,-0.012234,0.020609,-0.026725,-0.820284,-0.318941,3.110759,0.002944,0.059323,-0.062951,-0.611369,2.408946,-0.174435,-1.490883,0.125719,2.688140,-0.001970,0.070775,0.056478,-0.092715,0.097453,-0.005369,-0.015882,0.060029,0.014824,0.052677,-0.037156,0.081283,-0.065973,-0.023553,0.073003,-0.012265,79.876270,-1.749936,-34.392068,-0.590970,17.830205,0.000061,0.647618,-0.737585,0.191205,-0.694457,-0.674620,-0.250236,0.313561,0.029274,-0.949117
2.080000,1.095252,-1.254703,0.452751,-0.012345,0.020796,-0.026968,-0.820779,-0.318512,3.110322,0.002997,0.059863,-0.063503,-0.610660,2.409516,-0.175366,-1.489901,0.125659,2.687979,-0.001363,0.070927,0.057008,-0.093090,0.098268,-0.006030,-0.016123,0.060761,0.015225,0.053050,-0.037533,0.081448,-0.066113,-0.024069,0.073162,-0.011884,79.842592,-1.771046,-34.386570,-0.580672,17.832117,0.000061,0.647366,-0.737994,0.190481,-0.694876,-0.674154,-0.250328,0.313154,0.029693,-0.949238
2.090000,1.095128,-1.254494,0.452480,-0.012456,0.020984,-0.027211,-0.821279,-0.318081,3.109880,0.003050,0.060406,-0.064058,-0.609949,2.410092,-0.176301,-1.488910,0.125592,2.687815,-0.000748,0.071083,0.057542,-0.093469,0.099084,-0.006693,-0.016369,0.061494,0.015625,0.053424,-0.037909,0.081607,-0.066256,-0.024591,0.073321,-0.011506,79.808607,-1.792161,-34.381059,-0.570278,17.834041,0.000061,0.647111,-0.738405,0.189750,-0.695298,-0.673684,-0.250421,0.312744,0.030117,-0.949360
2.100000,1.095002,-1.254283,0.452207,-0.012568,0.021172,-0.027455,-0.821783,-0.317645,3.109434,0.003104,0.060950,-0.064614,-0.609237,2.410673,-0.177239,-1.487911,0.125518,2.687649,-0.000125,0.071243,0.058080,-0.093852,0.099901,-0.007357,-0.016620,0.062229,0.016026,0.053800,-0.038285,0.081761,-0.066402,-0.025122,0.073478,-0.011131,79.774311,-1.813283,-34.375536,-0.559790,17.835976,0.000061,0.646853,-0.738820,0.189013,-0.695724,-0.673210,-0.250513,0.312330,0.030544,-0.949483
2.110000,1.094876,-1.254071,0.451931,-0.012680,0.021360,-0.027699,-0.822291,-0.317205,3.108985,0.003158,0.061497,-0.065171,-0.608523,2.411259,-0.178182,-1.486904,0.125438,2.687480,0.000504,0.071408,0.058622,-0.094239,0.100721,-0.008022,-0.016876,0.062965,0.016428,0.054178,-0.038660,0.081910,-0.066551,-0.025659,0.073634,-0.010759,79.739703,-1.834411,-34.370000,-0.549207,17.837923,0.000061,0.646592,-0.739238,0.188269,-0.696153,-0.672731,-0.250606,0.311912,0.030976,-0.949606
2.120000,1.094749,-1.253856,0.451653,-0.012793,0.021550,-0.027945,-0.822805,-0.316761,3.108531,0.003214,0.062045,-0.065730,-0.607807,2.411851,-0.179128,-1.485888,0.125351,2.687309,0.001141,0.071576,0.059168,-0.094629,0.101541,-0.008689,-0.017138,0.063703,0.016830,0.054558,-0.039035,0.082054,-0.066703,-0.026205,0.073788,-0.010389,79.704781,-1.855547,-34.364454,-0.538528,17.839881,0.000061,0.646329,-0.739659,0.187519,-0.696586,-0.672248,-0.250699,0.311491,0.031411,-0.949730
2.130000,1.094620,-1.253640,0.451372,-0.012905,0.021740,-0.028192,-0.823322,-0.316314,3.108073,0.003270,0.062595,-0.066290,-0.607089,2.412448,-0.180078,-1.484865,0.125257,2.687135,0.001786,0.071748,0.059717,-0.095023,0.102363,-0.009358,-0.017406,0.064442,0.017232,0.054939,-0.039409,0.082192,-0.066857,-0.026757,0.073942,-0.010023,79.669542,-1.876691,-34.358896,-0.527755,17.841851,0.000061,0.646063,-0.740083,0.186761,-0.697023,-0.671761,-0.250792,0.311065,0.031850,-0.949855
2.140000,1.094491,-1.253421,0.451089,-0.013019,0.021931,-0.028439,-0.823844,-0.315862,3.107612,0.003328,0.063148,-0.066852,-0.606370,2.413051,-0.181032,-1.483833,0.125157,2.686958,0.002437,0.071925,0.060270,-0.095421,0.103186,-0.010028,-0.017679,0.065183,0.017636,0.055322,-0.039782,0.082325,-0.067014,-0.027318,0.074094,-0.009660,79.633985,-1.897843,-34.353328,-0.516887,17.843832,0.000061,0.645794,-0.740510,0.185997,-0.697463,-0.671269,-0.250884,0.310636,0.032294,-0.949980
2.150000,1.094360,-1.253201,0.450803,-0.013132,0.022122,-0.028687,-0.824371,-0.315407,3.107146,0.003386,0.063702,-0.067415,-0.605649,2.413659,-0.181990,-1.482793,0.125050,2.686778,0.003097,0.072105,0.060828,-0.095823,0.104011,-0.010700,-0.017958,0.065926,0.018039,0.055707,-0.040155,0.082452,-0.067174,-0.027886,0.074245,-0.009300,79.598107,-1.919004,-34.347750,-0.505924,17.845824,0.000061,0.645523,-0.740940,0.185226,-0.697907,-0.670773,-0.250977,0.310203,0.032741,-0.950106
2.160000,1.094228,-1.252979,0.450515,-0.013246,0.022314,-0.028936,-0.824903,-0.314948,3.106676,0.003445,0.064258,-0.067979,-0.604926,2.414273,-0.182953,-1.481744,0.124936,2.686596,0.003763,0.072289,0.061388,-0.096228,0.104836,-0.011373,-0.018243,0.066669,0.018444,0.056093,-0.040527,0.082574,-0.067336,-0.028462,0.074394,-0.008944,79.561907,-1.940173,-34.342162,-0.494866,17.847826,0.000061,0.645249,-0.741372,0.184448,-0.698354,-0.670272,-0.251070,0.309767,0.033192,-0.950233
2.170000,1.094095,-1.252755,0.450225,-0.013361,0.022507,-0.029186,-0.825438,-0.314484,3.106202,0.003504,0.064816,-0.068545,-0.604201,2.414892,-0.183919,-1.480688,0.124816,2.686411,0.004438,0.072478,0.061953,-0.096637,0.105663,-0.012048,-0.018533,0.067415,0.018848,0.056481,-0.040899,0.082690,-0.067502,-0.029046,0.074543,-0.008590,79.525381,-1.961352,-34.336566,-0.483713,17.849840,0.000061,0.644972,-0.741808,0.183663,-0.698806,-0.669767,-0.251162,0.309326,0.033647,-0.950361
2.180000,1.093961,-1.252529,0.449931,-0.013475,0.022700,-0.029437,-0.825979,-0.314017,3.105725,0.003565,0.065375,-0.069112,-0.603475,2.415517,-0.184890,-1.479623,0.124689,2.686222,0.005119,0.072670,0.062522,-0.097050,0.106491,-0.012725,-0.018830,0.068162,0.019254,0.056871,-0.041269,0.082801,-0.067670,-0.029638,0.074690,-0.008240,79.488527,-1.982540,-34.330962,-0.472466,17.851864,0.000061,0.644692,-0.742247,0.182872,-0.699260,-0.669258,-0.251255,0.308882,0.034107,-0.950489
2.190000,1.093826,-1.252301,0.449636,-0.013590,0.022894,-0.029688,-0.826524,-0.313546,3.105243,0.003627,0.065937,-0.069681,-0.602746,2.416148,-0.185864,-1.478550,0.124555,2.686031,0.005808,0.072867,0.063095,-0.097466,0.107320,-0.013403,-0.019132,0.068910,0.019660,0.057262,-0.041640,0.082906,-0.067842,-0.030238,0.074835,-0.007892,79.451345,-2.003738,-34.325351,-0.461125,17.853898,0.000061,0.644409,-0.742689,0.182073,-0.699719,-0.668744,-0.251347,0.308433,0.034570,-0.950618
2.200000,1.093689,-1.252071,0.449338,-0.013706,0.023088,-0.029940,-0.827074,-0.313070,3.104756,0.003689,0.066500,-0.070251,-0.602015,2.416785,-0.186843,-1.477468,0.124414,2.685837,0.006505,0.073068,0.063671,-0.097886,0.108150,-0.014084,-0.019440,0.069660,0.020067,0.057656,-0.042009,0.083005,-0.068016,-0.030845,0.074980,-0.007548,79.413830,-2.024946,-34.319732,-0.449689,17.855942,0.000061,0.644123,-0.743133,0.181268,-0.700181,-0.668225,-0.251440,0.307981,0.035038,-0.950747
2.210000,1.093551,-1.251839,0.449037,-0.013822,0.023283,-0.030193,-0.827629,-0.312591,3.104266,0.003753,0.067066,-0.070822,-0.601283,2.417428,-0.187826,-1.476378,0.124266,2.685639,0.007209,0.073272,0.064252,-0.098310,0.108981,-0.014766,-0.019755,0.070411,0.020474,0.058051,-0.042378,0.083098,-0.068193,-0.031461,0.075123,-0.007207,79.375982,-2.046165,-34.314107,-0.438158,17.857997,0.000061,0.643835,-0.743581,0.180456,-0.700646,-0.667702,-0.251532,0.307525,0.035509,-0.950877
2.220000,1.093413,-1.251605,0.448734,-0.013938,0.023479,-0.030447,-0.828188,-0.312107,3.103772,0.003817,0.067633,-0.071395,-0.600548,2.418076,-0.188814,-1.475280,0.124112,2.685438,0.007921,0.073481,0.064836,-0.098737,0.109813,-0.015449,-0.020076,0.071164,0.020882,0.058448,-0.042747,0.083186,-0.068373,-0.032085,0.075264,-0.006869,79.337797,-2.067395,-34.308477,-0.426534,17.860062,0.000061,0.643543,-0.744032,0.179636,-0.701116,-0.667175,-0.251624,0.307065,0.035985,-0.951008
2.230000,1.093273,-1.251369,0.448428,-0.014054,0.023676,-0.030702,-0.828752,-0.311620,3.103273,0.003883,0.068202,-0.071969,-0.599811,2.418730,-0.189805,-1.474174,0.123950,2.685234,0.008640,0.073694,0.065425,-0.099168,0.110646,-0.016135,-0.020403,0.071918,0.021290,0.058847,-0.043114,0.083268,-0.068556,-0.032717,0.075404,-0.006535,79.299274,-2.088636,-34.302842,-0.414815,17.862136,0.000061,0.643249,-0.744485,0.178810,-0.701589,-0.666643,-0.251716,0.306601,0.036465,-0.951139
2.240000,1.093132,-1.251132,0.448120,-0.014171,0.023873,-0.030957,-0.829320,-0.311128,3.102771,0.003949,0.068773,-0.072544,-0.599072,2.419390,-0.190801,-1.473059,0.123782,2.685027,0.009367,0.073911,0.066017,-0.099603,0.111479,-0.016822,-0.020737,0.072673,0.021700,0.059247,-0.043482,0.083343,-0.068742,-0.033357,0.075543,-0.006204,79.260410,-2.109888,-34.297202,-0.403002,17.864220,0.000061,0.642952,-0.744941,0.177977,-0.702065,-0.666106,-0.251807,0.306133,0.036949,-0.951271
2.250000,1.092989,-1.250892,0.447809,-0.014289,0.024070,-0.031213,-0.829893,-0.310633,3.102264,0.004016,0.069345,-0.073120,-0.598330,2.420057,-0.191802,-1.471936,0.123607,2.684816,0.010101,0.074132,0.066614,-0.100042,0.112314,-0.017512,-0.021077,0.073430,0.022110,0.059650,-0.043848,0.083413,-0.068931,-0.034006,0.075681,-0.005876,79.221203,-2.131152,-34.291559,-0.391096,17.866313,0.000061,0.642651,-0.745401,0.177136,-0.702546,-0.665565,-0.251899,0.305661,0.037437,-0.951404
2.260000,1.092846,-1.250650,0.447496,-0.014406,0.024268,-0.031470,-0.830471,-0.310133,3.101753,0.004084,0.069920,-0.073698,-0.597587,2.420729,-0.192807,-1.470804,0.123425,2.684602,0.010843,0.074357,0.067214,-0.100484,0.113148,-0.018203,-0.021423,0.074188,0.022520,0.060054,-0.044214,0.083476,-0.069123,-0.034663,0.075817,-0.005552,79.181651,-2.152428,-34.285913,-0.379096,17.868416,0.000061,0.642348,-0.745863,0.176289,-0.703030,-0.665019,-0.251990,0.305185,0.037929,-0.951537
2.270000,1.092701,-1.250406,0.447180,-0.014524,0.024467,-0.031728,-0.831054,-0.309629,3.101238,0.004153,0.070496,-0.074277,-0.596841,2.421407,-0.193816,-1.469664,0.123236,2.684384,0.011592,0.074587,0.067819,-0.100930,0.113984,-0.018896,-0.021777,0.074948,0.022932,0.060460,-0.044579,0.083533,-0.069318,-0.035328,0.075952,-0.005231,79.141751,-2.173716,-34.280265,-0.367003,17.870527,0.000061,0.642042,-0.746328,0.175434,-0.703517,-0.664468,-0.252081,0.304705,0.038426,-0.951671
2.280000,1.092555,-1.250161,0.446861,-0.014643,0.024666,-0.031987,-0.831642,-0.309121,3.100718,0.004224,0.071074,-0.074857,-0.596093,2.422091,-0.194830,-1.468516,0.123040,2.684163,0.012349,0.074820,0.068427,-0.101379,0.114820,-0.019591,-0.022137,0.075709,0.023344,0.060868,-0.044944,0.083584,-0.069516,-0.036002,0.076085,-0.004913,79.101501,-2.195016,-34.274615,-0.354816,17.872648,0.000061,0.641733,-0.746796,0.174572,-0.704009,-0.663913,-0.252172,0.304222,0.038926,-0.951806
2.290000,1.092408,-1.249913,0.446540,-0.014761,0.024866,-0.032246,-0.832234,-0.308609,3.100195,0.004295,0.071653,-0.075438,-0.595342,2.422782,-0.195848,-1.467360,0.122837,2.683938,0.013114,0.075058,0.069040,-0.101832,0.115656,-0.020288,-0.022503,0.076471,0.023756,0.061278,-0.045308,0.083629,-0.069717,-0.036685,0.076217,-0.004599,79.060898,-2.216329,-34.268965,-0.342537,17.874777,0.000061,0.641420,-0.747266,0.173704,-0.704504,-0.663354,-0.252262,0.303734,0.039431,-0.951941
2.300000,1.092260,-1.249663,0.446216,-0.014880,0.025067,-0.032506,-0.832831,-0.308093,3.099667,0.004367,0.072235,-0.076020,-0.594589,2.423478,-0.196871,-1.466195,0.122627,2.683709,0.013886,0.075299,0.069657,-0.102289,0.116492,-0.020987,-0.022877,0.077234,0.024170,0.061689,-0.045672,0.083667,-0.069921,-0.037376,0.076347,-0.004288,79.019942,-2.237655,-34.263315,-0.330164,17.876915,0.000061,0.641105,-0.747740,0.172828,-0.705003,-0.662789,-0.252352,0.303242,0.039940,-0.952076
2.310000,1.092111,-1.249412,0.445890,-0.015000,0.025268,-0.032767,-0.833433,-0.307572,3.099135,0.004440,0.072818,-0.076604,-0.593834,2.424181,-0.197898,-1.465021,0.122410,2.683476,0.014666,0.075545,0.070278,-0.102749,0.117329,-0.021689,-0.023258,0.077999,0.024584,0.062103,-0.046035,0.083699,-0.070129,-0.038076,0.076476,-0.003980,78.978628,-2.258993,-34.257665,-0.317699,17.879060,0.000061,0.640787,-0.748216,0.171944,-0.705505,-0.662220,-0.252441,0.302746,0.040453,-0.952212
2.320000,1.091960,-1.249158,0.445561,-0.015120,0.025470,-0.033028,-0.834040,-0.307048,3.098598,0.004514,0.073403,-0.077188,-0.593076,2.424890,-0.198931,-1.463840,0.122187,2.683240,0.015454,0.075795,0.070903,-0.103213,0.118167,-0.022392,-0.023646,0.078765,0.024999,0.062519,-0.046397,0.083724,-0.070339,-0.038784,0.076604,-0.003677,78.936954,-2.280345,-34.252017,-0.305142,17.881214,0.000061,0.640465,-0.748696,0.171054,-0.706011,-0.661647,-0.252531,0.302246,0.040971,-0.952349
2.330000,1.091808,-1.248902,0.445229,-0.015240,0.025672,-0.033291,-0.834651,-0.306519,3.098058,0.004590,0.073990,-0.077774,-0.592315,2.425605,-0.199967,-1.462650,0.121956,2.682999,0.016249,0.076049,0.071533,-0.103681,0.119004,-0.023098,-0.024041,0.079532,0.025415,0.062936,-0.046758,0.083742,-0.070553,-0.039501,0.076730,-0.003376,78.894919,-2.301710,-34.246372,-0.292492,17.883376,0.000061,0.640140,-0.749178,0.170156,-0.706521,-0.661068,-0.252620,0.301742,0.041493,-0.952486
2.340000,1.091655,-1.248645,0.444895,-0.015360,0.025875,-0.033554,-0.835268,-0.305986,3.097513,0.004666,0.074578,-0.078361,-0.591552,2.426327,-0.201009,-1.461451,0.121717,2.682755,0.017052,0.076308,0.072166,-0.104152,0.119842,-0.023805,-0.024443,0.080301,0.025832,0.063355,-0.047119,0.083754,-0.070770,-0.040227,0.076854,-0.003080,78.852520,-2.323088,-34.240730,-0.279751,17.885546,0.000061,0.639813,-0.749662,0.169252,-0.707035,-0.660485,-0.252708,0.301234,0.042019,-0.952624
2.350000,1.091501,-1.248385,0.444558,-0.015481,0.026078,-0.033818,-0.835889,-0.305449,3.096963,0.004743,0.075168,-0.078949,-0.590786,2.427055,-0.202055,-1.460245,0.121472,2.682506,0.017863,0.076570,0.072804,-0.104627,0.120679,-0.024515,-0.024853,0.081071,0.026249,0.063777,-0.047480,0.083759,-0.070990,-0.040962,0.076977,-0.002786,78.809754,-2.344479,-34.235092,-0.266918,17.887722,0.000061,0.639482,-0.750150,0.168340,-0.707552,-0.659897,-0.252796,0.300722,0.042549,-0.952762
2.360000,1.091346,-1.248123,0.444218,-0.015602,0.026282,-0.034082,-0.836515,-0.304908,3.096410,0.004822,0.075760,-0.079538,-0.590018,2.427789,-0.203106,-1.459029,0.121220,2.682254,0.018681,0.076837,0.073446,-0.105105,0.121517,-0.025227,-0.025270,0.081842,0.026668,0.064200,-0.047840,0.083757,-0.071213,-0.041706,0.077099,-0.002497,78.766619,-2.365884,-34.229459,-0.253993,17.889907,0.000061,0.639147,-0.750640,0.167420,-0.708073,-0.659305,-0.252883,0.300205,0.043084,-0.952901
2.370000,1.091189,-1.247859,0.443876,-0.015723,0.026487,-0.034348,-0.837146,-0.304362,3.095852,0.004901,0.076353,-0.080128,-0.589247,2.428530,-0.204162,-1.457806,0.120961,2.681997,0.019508,0.077108,0.074092,-0.105587,0.122354,-0.025942,-0.025694,0.082614,0.027087,0.064625,-0.048199,0.083748,-0.071440,-0.042459,0.077219,-0.002211,78.723113,-2.387303,-34.223831,-0.240978,17.892098,0.000061,0.638810,-0.751134,0.166493,-0.708598,-0.658707,-0.252970,0.299685,0.043623,-0.953040
2.380000,1.091031,-1.247593,0.443532,-0.015845,0.026692,-0.034614,-0.837782,-0.303813,3.095290,0.004982,0.076948,-0.080718,-0.588473,2.429278,-0.205223,-1.456574,0.120694,2.681736,0.020341,0.077383,0.074743,-0.106073,0.123192,-0.026659,-0.026127,0.083387,0.027506,0.065052,-0.048557,0.083733,-0.071669,-0.043221,0.077338,-0.001929,78.679232,-2.408735,-34.218211,-0.227871,17.894296,0.000061,0.638469,-0.751629,0.165559,-0.709126,-0.658105,-0.253057,0.299160,0.044167,-0.953180
2.390000,1.090872,-1.247325,0.443184,-0.015967,0.026898,-0.034880,-0.838423,-0.303259,3.094723,0.005064,0.077545,-0.081310,-0.587697,2.430032,-0.206288,-1.455334,0.120420,2.681470,0.021183,0.077662,0.075398,-0.106562,0.124029,-0.027378,-0.026566,0.084162,0.027927,0.065481,-0.048915,0.083710,-0.071902,-0.043992,0.077455,-0.001651,78.634975,-2.430182,-34.212598,-0.214674,17.896500,0.000061,0.638126,-0.752128,0.164618,-0.709658,-0.657498,-0.253143,0.298632,0.044714,-0.953320
2.400000,1.090712,-1.247055,0.442834,-0.016090,0.027104,-0.035148,-0.839068,-0.302700,3.094152,0.005147,0.078143,-0.081903,-0.586917,2.430792,-0.207359,-1.454085,0.120139,2.681200,0.022032,0.077946,0.076057,-0.107055,0.124866,-0.028099,-0.027014,0.084938,0.028349,0.065912,-0.049272,0.083680,-0.072139,-0.044772,0.077570,-0.001377,78.590340,-2.451641,-34.206994,-0.201387,17.898711,0.000061,0.637779,-0.752629,0.163669,-0.710194,-0.656887,-0.253228,0.298099,0.045266,-0.953461
2.410000,1.090550,-1.246783,0.442481,-0.016212,0.027311,-0.035416,-0.839719,-0.302138,3.093577,0.005231,0.078743,-0.082497,-0.586135,2.431559,-0.208434,-1.452828,0.119851,2.680925,0.022890,0.078233,0.076720,-0.107551,0.125702,-0.028823,-0.027470,0.085714,0.028771,0.066346,-0.049628,0.083642,-0.072378,-0.045562,0.077684,-0.001106,78.545323,-2.473115,-34.201399,-0.188011,17.900928,0.000061,0.637428,-0.753133,0.162713,-0.710734,-0.656270,-0.253313,0.297562,0.045823,-0.953602
2.420000,1.090388,-1.246509,0.442126,-0.016336,0.027518,-0.035685,-0.840375,-0.301571,3.092998,0.005316,0.079345,-0.083092,-0.585350,2.432333,-0.209515,-1.451563,0.119556,2.680646,0.023755,0.078525,0.077388,-0.108051,0.126538,-0.029549,-0.027933,0.086492,0.029194,0.066781,-0.049984,0.083598,-0.072621,-0.046361,0.077797,-0.000839,78.499922,-2.494603,-34.195814,-0.174544,17.903151,0.000061,0.637074,-0.753640,0.161749,-0.711277,-0.655649,-0.253397,0.297021,0.046384,-0.953744
2.430000,1.090224,-1.246233,0.441767,-0.016459,0.027726,-0.035954,-0.841035,-0.301000,3.092413,0.005402,0.079948,-0.083688,-0.584561,2.433114,-0.210601,-1.450289,0.119253,2.680362,0.024627,0.078821,0.078060,-0.108554,0.127373,-0.030278,-0.028405,0.087271,0.029618,0.067218,-0.050339,0.083546,-0.072868,-0.047169,0.077907,-0.000577,78.454135,-2.516104,-34.190241,-0.160989,17.905380,0.000061,0.636717,-0.754149,0.160778,-0.711824,-0.655023,-0.253480,0.296475,0.046949,-0.953886
2.440000,1.090058,-1.245955,0.441407,-0.016583,0.027935,-0.036225,-0.841701,-0.300424,3.091825,0.005490,0.080553,-0.084284,-0.583770,2.433901,-0.211691,-1.449007,0.118943,2.680073,0.025508,0.079122,0.078737,-0.109061,0.128208,-0.031009,-0.028885,0.088052,0.030043,0.067657,-0.050693,0.083486,-0.073118,-0.047987,0.078017,-0.000318,78.407958,-2.537619,-34.184681,-0.147345,17.907614,0.000061,0.636357,-0.754661,0.159800,-0.712375,-0.654392,-0.253563,0.295926,0.047519,-0.954028
2.450000,1.089892,-1.245674,0.441043,-0.016707,0.028144,-0.036496,-0.842371,-0.299845,3.091232,0.005579,0.081159,-0.084882,-0.582976,2.434696,-0.212787,-1.447716,0.118625,2.679779,0.026396,0.079427,0.079418,-0.109572,0.129042,-0.031742,-0.029373,0.088833,0.030469,0.068098,-0.051047,0.083419,-0.073371,-0.048814,0.078124,-0.000063,78.361391,-2.559147,-34.179134,-0.133613,17.909853,0.000061,0.635993,-0.755176,0.158814,-0.712929,-0.653756,-0.253645,0.295372,0.048093,-0.954171
2.460000,1.089724,-1.245392,0.440677,-0.016831,0.028353,-0.036767,-0.843047,-0.299261,3.090635,0.005668,0.081767,-0.085480,-0.582179,2.435497,-0.213888,-1.446418,0.118300,2.679480,0.027292,0.079736,0.080103,-0.110086,0.129876,-0.032479,-0.029870,0.089615,0.030895,0.068541,-0.051400,0.083345,-0.073627,-0.049650,0.078230,0.000187,78.314429,-2.580690,-34.173601,-0.119792,17.912097,0.000061,0.635626,-0.755693,0.157821,-0.713487,-0.653115,-0.253726,0.294814,0.048672,-0.954314
2.470000,1.089555,-1.245107,0.440308,-0.016956,0.028563,-0.037040,-0.843728,-0.298672,3.090033,0.005759,0.082377,-0.086079,-0.581378,2.436304,-0.214994,-1.445111,0.117968,2.679177,0.028196,0.080049,0.080793,-0.110603,0.130708,-0.033218,-0.030375,0.090398,0.031323,0.068986,-0.051752,0.083262,-0.073887,-0.050497,0.078335,0.000434,78.267071,-2.602246,-34.168083,-0.105884,17.914346,0.000061,0.635256,-0.756213,0.156820,-0.714049,-0.652469,-0.253806,0.294251,0.049255,-0.954458
2.480000,1.089385,-1.244820,0.439936,-0.017081,0.028774,-0.037313,-0.844413,-0.298079,3.089427,0.005852,0.082988,-0.086679,-0.580574,2.437119,-0.216105,-1.443795,0.117629,2.678868,0.029108,0.080366,0.081487,-0.111124,0.131540,-0.033959,-0.030888,0.091183,0.031751,0.069433,-0.052103,0.083172,-0.074151,-0.051353,0.078438,0.000676,78.219313,-2.623815,-34.162583,-0.091889,17.916599,0.000061,0.634882,-0.756735,0.155811,-0.714615,-0.651819,-0.253886,0.293685,0.049843,-0.954602
2.490000,1.089214,-1.244532,0.439561,-0.017206,0.028985,-0.037586,-0.845104,-0.297482,3.088817,0.005945,0.083601,-0.087280,-0.579767,2.437941,-0.217221,-1.442471,0.117282,2.678554,0.030028,0.080688,0.082186,-0.111649,0.132371,-0.034703,-0.031410,0.091968,0.032180,0.069882,-0.052454,0.083074,-0.074418,-0.052219,0.078539,0.000914,78.171153,-2.645398,-34.157100,-0.077807,17.918856,0.000061,0.634504,-0.757260,0.154795,-0.715184,-0.651163,-0.253965,0.293114,0.050435,-0.954746
2.500000,1.089041,-1.244241,0.439184,-0.017332,0.029196,-0.037861,-0.845800,-0.296881,3.088201,0.006040,0.084215,-0.087882,-0.578957,2.438770,-0.218343,-1.441139,0.116927,2.678234,0.030955,0.081014,0.082889,-0.112177,0.133201,-0.035450,-0.031941,0.092755,0.032610,0.070333,-0.052804,0.082967,-0.074688,-0.053094,0.078638,0.001148,78.122589,-2.666994,-34.151635,-0.063639,17.921117,0.000060,0.634123,-0.757787,0.153771,-0.715757,-0.650503,-0.254042,0.292539,0.051031,-0.954891
2.510000,1.088867,-1.243948,0.438804,-0.017457,0.029408,-0.038136,-0.846500,-0.296275,3.087582,0.006136,0.084831,-0.088484,-0.578144,2.439606,-0.219470,-1.439799,0.116565,2.677909,0.031891,0.081345,0.083597,-0.112708,0.134029,-0.036200,-0.032481,0.093542,0.033041,0.070786,-0.053153,0.082853,-0.074962,-0.053980,0.078736,0.001377,78.073618,-2.688603,-34.146191,-0.049385,17.923382,0.000060,0.633739,-0.758317,0.152740,-0.716334,-0.649837,-0.254119,0.291960,0.051632,-0.955036
2.520000,1.088692,-1.243653,0.438421,-0.017584,0.029621,-0.038411,-0.847206,-0.295665,3.086958,0.006233,0.085448,-0.089087,-0.577327,2.440449,-0.220603,-1.438451,0.116196,2.677579,0.032834,0.081679,0.084310,-0.113243,0.134856,-0.036952,-0.033030,0.094330,0.033473,0.071241,-0.053501,0.082730,-0.075240,-0.054875,0.078832,0.001602,78.024237,-2.710224,-34.140767,-0.035046,17.925650,0.000060,0.633351,-0.758850,0.151701,-0.716915,-0.649167,-0.254196,0.291376,0.052238,-0.955181
2.530000,1.088515,-1.243355,0.438036,-0.017710,0.029834,-0.038688,-0.847917,-0.295050,3.086329,0.006332,0.086066,-0.089691,-0.576507,2.441299,-0.221741,-1.437094,0.115819,2.677243,0.033785,0.082018,0.085027,-0.113782,0.135682,-0.037707,-0.033588,0.095120,0.033906,0.071698,-0.053848,0.082600,-0.075521,-0.055781,0.078927,0.001823,77.974444,-2.731859,-34.135366,-0.020622,17.927922,0.000060,0.632960,-0.759385,0.150655,-0.717499,-0.648492,-0.254271,0.290788,0.052848,-0.955327
2.540000,1.088338,-1.243056,0.437648,-0.017837,0.030047,-0.038965,-0.848633,-0.294431,3.085696,0.006432,0.086687,-0.090295,-0.575683,2.442157,-0.222884,-1.435729,0.115434,2.676902,0.034744,0.082362,0.085748,-0.114324,0.136507,-0.038465,-0.034155,0.095910,0.034339,0.072157,-0.054195,0.082460,-0.075806,-0.056696,0.079020,0.002039,77.924236,-2.753506,-34.129988,-0.006114,17.930196,0.000060,0.632565,-0.759922,0.149601,-0.718087,-0.647812,-0.254345,0.290195,0.053463,-0.955473
2.550000,1.088159,-1.242754,0.437257,-0.017964,0.030262,-0.039242,-0.849354,-0.293808,3.085059,0.006533,0.087308,-0.090901,-0.574856,2.443022,-0.224032,-1.434355,0.115042,2.676554,0.035711,0.082710,0.086474,-0.114869,0.137330,-0.039226,-0.034731,0.096701,0.034774,0.072619,-0.054540,0.082313,-0.076094,-0.057622,0.079111,0.002250,77.873609,-2.775165,-34.124634,0.008478,17.932472,0.000060,0.632166,-0.760462,0.148539,-0.718679,-0.647126,-0.254418,0.289599,0.054082,-0.955619
2.560000,1.087978,-1.242451,0.436863,-0.018091,0.030476,-0.039520,-0.850081,-0.293180,3.084417,0.006635,0.087931,-0.091507,-0.574026,2.443894,-0.225187,-1.432974,0.114642,2.676201,0.036686,0.083062,0.087205,-0.115418,0.138152,-0.039990,-0.035316,0.097493,0.035209,0.073082,-0.054885,0.082157,-0.076386,-0.058557,0.079201,0.002457,77.822563,-2.796836,-34.119306,0.023153,17.934751,0.000060,0.631764,-0.761004,0.147470,-0.719274,-0.646436,-0.254490,0.288998,0.054706,-0.955765
2.570000,1.087797,-1.242145,0.436466,-0.018219,0.030691,-0.039799,-0.850812,-0.292547,3.083770,0.006739,0.088556,-0.092113,-0.573191,2.444773,-0.226346,-1.431584,0.114234,2.675842,0.037669,0.083418,0.087941,-0.115970,0.138972,-0.040757,-0.035911,0.098286,0.035645,0.073547,-0.055229,0.081992,-0.076681,-0.059503,0.079288,0.002659,77.771093,-2.818519,-34.114005,0.037911,17.937032,0.000060,0.631358,-0.761549,0.146392,-0.719873,-0.645741,-0.254561,0.288392,0.055335,-0.955912
2.580000,1.087614,-1.241837,0.436067,-0.018347,0.030907,-0.040079,-0.851549,-0.291910,3.083119,0.006844,0.089182,-0.092720,-0.572354,2.445660,-0.227512,-1.430186,0.113819,2.675477,0.038660,0.083779,0.088681,-0.116526,0.139790,-0.041527,-0.036516,0.099080,0.036082,0.074014,-0.055572,0.081818,-0.076981,-0.060459,0.079375,0.002856,77.719197,-2.840213,-34.108733,0.052751,17.939314,0.000060,0.630948,-0.762096,0.145308,-0.720476,-0.645041,-0.254631,0.287782,0.055968,-0.956059
2.590000,1.087430,-1.241527,0.435665,-0.018475,0.031123,-0.040359,-0.852290,-0.291269,3.082463,0.006951,0.089809,-0.093328,-0.571512,2.446554,-0.228682,-1.428780,0.113396,2.675106,0.039659,0.084144,0.089426,-0.117085,0.140606,-0.042300,-0.037130,0.099874,0.036520,0.074484,-0.055914,0.081636,-0.077283,-0.061426,0.079459,0.003049,77.666872,-2.861919,-34.103490,0.067672,17.941598,0.000060,0.630535,-0.762645,0.144215,-0.721083,-0.644335,-0.254699,0.287168,0.056606,-0.956206
2.600000,1.087245,-1.241214,0.435260,-0.018604,0.031339,-0.040640,-0.853037,-0.290623,3.081803,0.007059,0.090438,-0.093936,-0.570667,2.447456,-0.229859,-1.427366,0.112965,2.674728,0.040665,0.084514,0.090175,-0.117648,0.141421,-0.043076,-0.037754,0.100670,0.036959,0.074955,-0.056255,0.081444,-0.077590,-0.062403,0.079542,0.003236,77.614116,-2.883635,-34.098277,0.082675,17.943883,0.000060,0.630118,-0.763197,0.143115,-0.721693,-0.643625,-0.254767,0.286550,0.057248,-0.956353
2.610000,1.087058,-1.240900,0.434852,-0.018733,0.031556,-0.040921,-0.853789,-0.289973,3.081138,0.007168,0.091068,-0.094545,-0.569818,2.448365,-0.231041,-1.425944,0.112527,2.674344,0.041680,0.084888,0.090930,-0.118214,0.142233,-0.043855,-0.038388,0.101466,0.037398,0.075428,-0.056595,0.081244,-0.077900,-0.063390,0.079623,0.003419,77.560925,-2.905362,-34.093097,0.097758,17.946169,0.000060,0.629697,-0.763751,0.142007,-0.722307,-0.642910,-0.254833,0.285927,0.057896,-0.956501
2.620000,1.086870,-1.240583,0.434441,-0.018862,0.031774,-0.041203,-0.854546,-0.289319,3.080468,0.007278,0.091700,-0.095154,-0.568965,2.449282,-0.232229,-1.424513,0.112080,2.673954,0.042703,0.085266,0.091689,-0.118783,0.143043,-0.044637,-0.039032,0.102263,0.037838,0.075904,-0.056933,0.081034,-0.078214,-0.064388,0.079702,0.003596,77.507297,-2.927099,-34.087950,0.112920,17.948455,0.000060,0.629273,-0.764307,0.140891,-0.722925,-0.642189,-0.254898,0.285299,0.058547,-0.956649
2.630000,1.086681,-1.240264,0.434028,-0.018991,0.031992,-0.041486,-0.855309,-0.288659,3.079794,0.007390,0.092333,-0.095764,-0.568109,2.450207,-0.233422,-1.423075,0.111626,2.673557,0.043733,0.085649,0.092452,-0.119356,0.143852,-0.045422,-0.039686,0.103061,0.038280,0.076381,-0.057271,0.080815,-0.078532,-0.065397,0.079779,0.003769,77.453230,-2.948845,-34.082838,0.128162,17.950741,0.000060,0.628845,-0.764866,0.139767,-0.723546,-0.641464,-0.254962,0.284667,0.059204,-0.956796
2.640000,1.086490,-1.239943,0.433611,-0.019121,0.032210,-0.041769,-0.856077,-0.287996,3.079116,0.007504,0.092967,-0.096375,-0.567249,2.451139,-0.234622,-1.421628,0.111164,2.673154,0.044772,0.086036,0.093221,-0.119932,0.144657,-0.046211,-0.040350,0.103859,0.038721,0.076860,-0.057608,0.080587,-0.078853,-0.066416,0.079855,0.003936,77.398719,-2.970601,-34.077763,0.143482,17.953027,0.000060,0.628413,-0.765426,0.138635,-0.724171,-0.640733,-0.255025,0.284031,0.059865,-0.956944
2.650000,1.086298,-1.239620,0.433192,-0.019251,0.032429,-0.042053,-0.856850,-0.287327,3.078432,0.007619,0.093603,-0.096986,-0.566384,2.452079,-0.235827,-1.420173,0.110694,2.672743,0.045818,0.086428,0.093994,-0.120511,0.145461,-0.047002,-0.041025,0.104658,0.039164,0.077342,-0.057943,0.080349,-0.079178,-0.067446,0.079929,0.004098,77.343763,-2.992365,-34.072724,0.158879,17.955313,0.000060,0.627977,-0.765989,0.137496,-0.724800,-0.639997,-0.255086,0.283390,0.060531,-0.957092
2.660000,1.086105,-1.239295,0.432770,-0.019381,0.032648,-0.042337,-0.857628,-0.286655,3.077744,0.007735,0.094240,-0.097597,-0.565516,2.453027,-0.237038,-1.418711,0.110216,2.672326,0.046873,0.086824,0.094773,-0.121094,0.146262,-0.047797,-0.041710,0.105458,0.039608,0.077825,-0.058278,0.080101,-0.079507,-0.068487,0.080001,0.004254,77.288359,-3.014138,-34.067725,0.174354,17.957597,0.000060,0.627538,-0.766554,0.136349,-0.725432,-0.639256,-0.255146,0.282745,0.061201,-0.957241
2.670000,1.085911,-1.238967,0.432346,-0.019511,0.032868,-0.042622,-0.858411,-0.285977,3.077052,0.007853,0.094878,-0.098209,-0.564644,2.453982,-0.238255,-1.417240,0.109730,2.671902,0.047936,0.087224,0.095556,-0.121680,0.147060,-0.048596,-0.042405,0.106259,0.040052,0.078311,-0.058611,0.079844,-0.079840,-0.069538,0.080071,0.004405,77.232503,-3.035919,-34.062766,0.189905,17.959881,0.000059,0.627094,-0.767122,0.135194,-0.726068,-0.638510,-0.255204,0.282095,0.061877,-0.957389
2.680000,1.085715,-1.238638,0.431918,-0.019642,0.033088,-0.042908,-0.859200,-0.285295,3.076354,0.007972,0.095517,-0.098821,-0.563768,2.454946,-0.239477,-1.415762,0.109236,2.671471,0.049006,0.087629,0.096344,-0.122269,0.147856,-0.049398,-0.043111,0.107060,0.040497,0.078798,-0.058943,0.079577,-0.080177,-0.070601,0.080140,0.004551,77.176192,-3.057707,-34.057849,0.205531,17.962163,0.000059,0.626647,-0.767691,0.134031,-0.726708,-0.637759,-0.255261,0.281441,0.062557,-0.957537
2.690000,1.085518,-1.238306,0.431487,-0.019773,0.033309,-0.043194,-0.859994,-0.284609,3.075652,0.008092,0.096158,-0.099434,-0.562887,2.455917,-0.240706,-1.414275,0.108734,2.671033,0.050085,0.088039,0.097137,-0.122862,0.148649,-0.050203,-0.043828,0.107863,0.040943,0.079287,-0.059273,0.079300,-0.080517,-0.071674,0.080206,0.004691,77.119425,-3.079502,-34.052976,0.221233,17.964444,0.000059,0.626195,-0.768263,0.132860,-0.727352,-0.637003,-0.255316,0.280782,0.063242,-0.957686
2.700000,1.085319,-1.237971,0.431054,-0.019904,0.033530,-0.043481,-0.860793,-0.283918,3.074946,0.008214,0.096800,-0.100047,-0.562003,2.456896,-0.241941,-1.412781,0.108224,2.670587,0.051171,0.088453,0.097934,-0.123458,0.149439,-0.051011,-0.044555,0.108665,0.041389,0.079778,-0.059603,0.079014,-0.080861,-0.072758,0.080271,0.004825,77.062198,-3.101303,-34.048148,0.237008,17.966722,0.000059,0.625740,-0.768836,0.131681,-0.727999,-0.636242,-0.255370,0.280119,0.063931,-0.957834
2.710000,1.085120,-1.237635,0.430618,-0.020036,0.033752,-0.043768,-0.861598,-0.283222,3.074235,0.008338,0.097444,-0.100660,-0.561114,2.457884,-0.243181,-1.411279,0.107706,2.670134,0.052266,0.088871,0.098737,-0.124058,0.150226,-0.051824,-0.045294,0.109469,0.041836,0.080272,-0.059930,0.078717,-0.081209,-0.073854,0.080334,0.004953,77.004507,-3.123110,-34.043365,0.252857,17.968998,0.000059,0.625281,-0.769412,0.130495,-0.728650,-0.635475,-0.255422,0.279451,0.064626,-0.957983
2.720000,1.084919,-1.237296,0.430179,-0.020168,0.033974,-0.044056,-0.862407,-0.282522,3.073519,0.008463,0.098089,-0.101274,-0.560221,2.458879,-0.244428,-1.409768,0.107179,2.669674,0.053369,0.089294,0.099545,-0.124660,0.151011,-0.052639,-0.046043,0.110273,0.042284,0.080767,-0.060257,0.078409,-0.081561,-0.074960,0.080395,0.005076,76.946351,-3.144922,-34.038631,0.268778,17.971271,0.000059,0.624818,-0.769990,0.129300,-0.729304,-0.634704,-0.255473,0.278779,0.065325,-0.958131
2.730000,1.084716,-1.236955,0.429737,-0.020300,0.034196,-0.044344,-0.863223,-0.281817,3.072798,0.008590,0.098734,-0.101888,-0.559324,2.459883,-0.245680,-1.408251,0.106645,2.669206,0.054480,0.089721,0.100357,-0.125266,0.151791,-0.053458,-0.046804,0.111077,0.042732,0.081264,-0.060582,0.078092,-0.081917,-0.076078,0.080455,0.005193,76.887725,-3.166738,-34.033947,0.284771,17.973541,0.000059,0.624351,-0.770569,0.128098,-0.729963,-0.633927,-0.255522,0.278102,0.066029,-0.958279
2.740000,1.084513,-1.236612,0.429292,-0.020432,0.034419,-0.044633,-0.864043,-0.281108,3.072073,0.008718,0.099382,-0.102502,-0.558422,2.460894,-0.246939,-1.406725,0.106102,2.668730,0.055598,0.090153,0.101175,-0.125875,0.152569,-0.054281,-0.047576,0.111882,0.043181,0.081763,-0.060905,0.077764,-0.082277,-0.077207,0.080512,0.005303,76.828628,-3.188558,-34.029313,0.300835,17.975807,0.000059,0.623880,-0.771151,0.126887,-0.730625,-0.633145,-0.255569,0.277420,0.066738,-0.958428
2.750000,1.084308,-1.236267,0.428844,-0.020564,0.034642,-0.044923,-0.864869,-0.280394,3.071343,0.008848,0.100030,-0.103116,-0.557516,2.461914,-0.248204,-1.405191,0.105551,2.668246,0.056725,0.090589,0.101998,-0.126487,0.153343,-0.055107,-0.048360,0.112688,0.043631,0.082264,-0.061227,0.077425,-0.082640,-0.078347,0.080568,0.005407,76.769056,-3.210382,-34.024733,0.316969,17.978069,0.000059,0.623404,-0.771735,0.125669,-0.731290,-0.632357,-0.255615,0.276734,0.067451,-0.958576
2.760000,1.084101,-1.235920,0.428393,-0.020697,0.034866,-0.045213,-0.865700,-0.279676,3.070608,0.008979,0.100679,-0.103731,-0.556606,2.462943,-0.249475,-1.403650,0.104991,2.667755,0.057860,0.091030,0.102825,-0.127103,0.154114,-0.055938,-0.049155,0.113494,0.044081,0.082767,-0.061548,0.077076,-0.083008,-0.079499,0.080622,0.005506,76.709005,-3.232208,-34.020207,0.333172,17.980328,0.000059,0.622925,-0.772320,0.124442,-0.731959,-0.631565,-0.255659,0.276044,0.068170,-0.958725
2.770000,1.083894,-1.235570,0.427940,-0.020830,0.035090,-0.045503,-0.866536,-0.278952,3.069868,0.009112,0.101330,-0.104346,-0.555691,2.463979,-0.250752,-1.402101,0.104424,2.667255,0.059003,0.091475,0.103658,-0.127721,0.154881,-0.056771,-0.049961,0.114301,0.044532,0.083272,-0.061866,0.076715,-0.083379,-0.080661,0.080674,0.005597,76.648474,-3.254035,-34.015737,0.349443,17.982581,0.000059,0.622442,-0.772908,0.123208,-0.732632,-0.630767,-0.255701,0.275349,0.068893,-0.958873
2.780000,1.083685,-1.235218,0.427483,-0.020963,0.035314,-0.045794,-0.867378,-0.278225,3.069124,0.009246,0.101982,-0.104962,-0.554772,2.465024,-0.252036,-1.400545,0.103848,2.666748,0.060154,0.091925,0.104496,-0.128343,0.155645,-0.057609,-0.050780,0.115108,0.044983,0.083778,-0.062183,0.076344,-0.083754,-0.081836,0.080724,0.005683,76.587459,-3.275864,-34.011324,0.365782,17.984830,0.000059,0.621954,-0.773497,0.121965,-0.733308,-0.629965,-0.255741,0.274649,0.069621,-0.959021
2.790000,1.083474,-1.234863,0.427024,-0.021097,0.035539,-0.046086,-0.868226,-0.277492,3.068375,0.009383,0.102635,-0.105577,-0.553848,2.466078,-0.253325,-1.398981,0.103263,2.666231,0.061313,0.092380,0.105339,-0.128968,0.156404,-0.058450,-0.051610,0.115916,0.045435,0.084287,-0.062498,0.075962,-0.084133,-0.083022,0.080772,0.005761,76.525956,-3.297692,-34.006972,0.382187,17.987073,0.000058,0.621462,-0.774088,0.120715,-0.733988,-0.629157,-0.255780,0.273945,0.070354,-0.959169
2.800000,1.083263,-1.234507,0.426562,-0.021231,0.035764,-0.046378,-0.869078,-0.276755,3.067621,0.009520,0.103289,-0.106193,-0.552920,2.467139,-0.254621,-1.397409,0.102670,2.665707,0.062481,0.092838,0.106187,-0.129596,0.157160,-0.059295,-0.052452,0.116724,0.045887,0.084797,-0.062812,0.075568,-0.084516,-0.084219,0.080818,0.005833,76.463964,-3.319520,-34.002680,0.398657,17.989311,0.000058,0.620967,-0.774681,0.119456,-0.734672,-0.628343,-0.255816,0.273235,0.071092,-0.959317
2.810000,1.083050,-1.234148,0.426096,-0.021365,0.035990,-0.046671,-0.869936,-0.276013,3.066863,0.009660,0.103944,-0.106809,-0.551987,2.468210,-0.255924,-1.395830,0.102069,2.665174,0.063656,0.093302,0.107040,-0.130228,0.157912,-0.060144,-0.053306,0.117533,0.046340,0.085309,-0.063123,0.075163,-0.084903,-0.085428,0.080863,0.005899,76.401478,-3.341347,-33.998452,0.415192,17.991542,0.000058,0.620466,-0.775276,0.118190,-0.735359,-0.627525,-0.255851,0.272522,0.071835,-0.959464
2.820000,1.082835,-1.233787,0.425628,-0.021499,0.036216,-0.046964,-0.870800,-0.275267,3.066099,0.009801,0.104601,-0.107424,-0.551049,2.469289,-0.257232,-1.394244,0.101459,2.664632,0.064839,0.093770,0.107898,-0.130862,0.158659,-0.060997,-0.054173,0.118342,0.046793,0.085823,-0.063432,0.074747,-0.085294,-0.086649,0.080905,0.005957,76.338495,-3.363171,-33.994288,0.431791,17.993767,0.000058,0.619962,-0.775872,0.116915,-0.736050,-0.626701,-0.255883,0.271804,0.072582,-0.959612
2.830000,1.082620,-1.233424,0.425157,-0.021633,0.036443,-0.047258,-0.871668,-0.274515,3.065331,0.009943,0.105258,-0.108040,-0.550107,2.470376,-0.258547,-1.392650,0.100840,2.664082,0.066031,0.094242,0.108761,-0.131499,0.159402,-0.061854,-0.055052,0.119151,0.047247,0.086339,-0.063740,0.074319,-0.085689,-0.087882,0.080946,0.006009,76.275013,-3.384992,-33.990191,0.448452,17.995986,0.000058,0.619454,-0.776470,0.115633,-0.736744,-0.625872,-0.255914,0.271081,0.073335,-0.959759
2.840000,1.082403,-1.233058,0.424683,-0.021768,0.036669,-0.047552,-0.872543,-0.273760,3.064558,0.010087,0.105917,-0.108657,-0.549160,2.471473,-0.259869,-1.391048,0.100213,2.663522,0.067231,0.094719,0.109630,-0.132140,0.160141,-0.062715,-0.055943,0.119961,0.047700,0.086857,-0.064045,0.073879,-0.086087,-0.089126,0.080985,0.006053,76.211029,-3.406809,-33.986162,0.465175,17.998197,0.000058,0.618941,-0.777070,0.114342,-0.737442,-0.625038,-0.255942,0.270353,0.074093,-0.959906
2.850000,1.082184,-1.232690,0.424206,-0.021903,0.036897,-0.047846,-0.873422,-0.272999,3.063780,0.010233,0.106577,-0.109273,-0.548208,2.472578,-0.261196,-1.389439,0.099577,2.662954,0.068438,0.095201,0.110504,-0.132783,0.160875,-0.063580,-0.056847,0.120771,0.048154,0.087376,-0.064348,0.073428,-0.086490,-0.090382,0.081022,0.006090,76.146538,-3.428621,-33.982204,0.481958,18.000400,0.000058,0.618424,-0.777672,0.113043,-0.738144,-0.624198,-0.255968,0.269621,0.074855,-0.960053
2.860000,1.081965,-1.232320,0.423726,-0.022038,0.037124,-0.048141,-0.874308,-0.272234,3.062998,0.010381,0.107237,-0.109889,-0.547251,2.473692,-0.262531,-1.387823,0.098933,2.662376,0.069654,0.095687,0.111383,-0.133430,0.161605,-0.064449,-0.057763,0.121582,0.048609,0.087897,-0.064649,0.072964,-0.086896,-0.091650,0.081056,0.006120,76.081539,-3.450427,-33.978318,0.498800,18.002595,0.000058,0.617902,-0.778275,0.111736,-0.738849,-0.623354,-0.255993,0.268884,0.075622,-0.960199
2.870000,1.081744,-1.231948,0.423243,-0.022173,0.037352,-0.048437,-0.875198,-0.271464,3.062211,0.010530,0.107899,-0.110505,-0.546289,2.474814,-0.263872,-1.386200,0.098280,2.661789,0.070878,0.096178,0.112267,-0.134079,0.162330,-0.065322,-0.058693,0.122393,0.049063,0.088420,-0.064948,0.072489,-0.087307,-0.092930,0.081089,0.006142,76.016027,-3.472225,-33.974505,0.515701,18.004782,0.000058,0.617377,-0.778879,0.110421,-0.739558,-0.622504,-0.256015,0.268142,0.076395,-0.960346
2.880000,1.081521,-1.231573,0.422757,-0.022309,0.037581,-0.048733,-0.876094,-0.270689,3.061418,0.010682,0.108562,-0.111121,-0.545322,2.475946,-0.265219,-1.384570,0.097618,2.661193,0.072110,0.096673,0.113156,-0.134732,0.163050,-0.066199,-0.059635,0.123204,0.049518,0.088944,-0.065244,0.072001,-0.087721,-0.094222,0.081120,0.006157,75.950000,-3.494016,-33.970769,0.532659,18.006960,0.000058,0.616847,-0.779486,0.109098,-0.740270,-0.621648,-0.256034,0.267396,0.077172,-0.960492
2.890000,1.081298,-1.231196,0.422269,-0.022445,0.037809,-0.049030,-0.876996,-0.269910,3.060621,0.010834,0.109225,-0.111738,-0.544350,2.477086,-0.266573,-1.382932,0.096947,2.660587,0.073350,0.097172,0.114051,-0.135387,0.163765,-0.067081,-0.060590,0.124015,0.049972,0.089470,-0.065538,0.071501,-0.088139,-0.095526,0.081149,0.006164,75.883455,-3.515797,-33.967111,0.549673,18.009129,0.000057,0.616312,-0.780093,0.107767,-0.740986,-0.620788,-0.256052,0.266645,0.077954,-0.960637
2.900000,1.081072,-1.230817,0.421777,-0.022581,0.038038,-0.049327,-0.877903,-0.269126,3.059820,0.010989,0.109890,-0.112354,-0.543374,2.478236,-0.267933,-1.381287,0.096267,2.659971,0.074599,0.097677,0.114951,-0.136045,0.164475,-0.067966,-0.061558,0.124827,0.050427,0.089997,-0.065829,0.070988,-0.088561,-0.096843,0.081177,0.006164,75.816387,-3.537569,-33.963533,0.566742,18.011288,0.000057,0.615773,-0.780703,0.106427,-0.741705,-0.619922,-0.256067,0.265889,0.078742,-0.960782
2.910000,1.080846,-1.230436,0.421282,-0.022717,0.038268,-0.049624,-0.878815,-0.268337,3.059013,0.011145,0.110556,-0.112970,-0.542392,2.479394,-0.269300,-1.379635,0.095578,2.659346,0.075855,0.098185,0.115856,-0.136706,0.165179,-0.068856,-0.062540,0.125639,0.050881,0.090527,-0.066117,0.070463,-0.088987,-0.098171,0.081202,0.006155,75.748795,-3.559328,-33.960036,0.583865,18.013437,0.000057,0.615230,-0.781313,0.105080,-0.742428,-0.619051,-0.256080,0.265128,0.079534,-0.960927
2.920000,1.080618,-1.230052,0.420784,-0.022853,0.038498,-0.049922,-0.879733,-0.267543,3.058201,0.011303,0.111223,-0.113586,-0.541405,2.480562,-0.270674,-1.377977,0.094881,2.658711,0.077119,0.098699,0.116767,-0.137370,0.165879,-0.069750,-0.063535,0.126451,0.051336,0.091057,-0.066403,0.069924,-0.089416,-0.099511,0.081225,0.006139,75.680674,-3.581075,-33.956624,0.601040,18.015576,0.000057,0.614682,-0.781926,0.103724,-0.743154,-0.618174,-0.256090,0.264363,0.080331,-0.961072
2.930000,1.080389,-1.229666,0.420284,-0.022990,0.038728,-0.050221,-0.880656,-0.266745,3.057385,0.011463,0.111890,-0.114202,-0.540413,2.481739,-0.272054,-1.376311,0.094175,2.658065,0.078392,0.099217,0.117683,-0.138037,0.166572,-0.070649,-0.064544,0.127264,0.051791,0.091590,-0.066685,0.069373,-0.089850,-0.100864,0.081246,0.006114,75.612021,-3.602809,-33.953298,0.618267,18.017703,0.000057,0.614130,-0.782539,0.102360,-0.743884,-0.617292,-0.256098,0.263593,0.081134,-0.961216
2.940000,1.080158,-1.229277,0.419780,-0.023127,0.038958,-0.050520,-0.881585,-0.265942,3.056564,0.011625,0.112559,-0.114818,-0.539415,2.482925,-0.273441,-1.374638,0.093459,2.657409,0.079673,0.099739,0.118604,-0.138707,0.167260,-0.071552,-0.065566,0.128077,0.052245,0.092123,-0.066965,0.068809,-0.090287,-0.102229,0.081265,0.006081,75.542834,-3.624527,-33.950059,0.635544,18.019819,0.000057,0.613573,-0.783154,0.100988,-0.744617,-0.616405,-0.256104,0.262818,0.081941,-0.961360
2.950000,1.079926,-1.228886,0.419273,-0.023264,0.039189,-0.050819,-0.882520,-0.265134,3.055738,0.011788,0.113228,-0.115434,-0.538413,2.484120,-0.274835,-1.372959,0.092734,2.656743,0.080962,0.100266,0.119531,-0.139379,0.167943,-0.072459,-0.066602,0.128889,0.052699,0.092659,-0.067242,0.068231,-0.090728,-0.103606,0.081283,0.006039,75.473108,-3.646230,-33.946911,0.652869,18.021924,0.000057,0.613011,-0.783770,0.099608,-0.745354,-0.615513,-0.256107,0.262038,0.082753,-0.961503
2.960000,1.079693,-1.228493,0.418763,-0.023401,0.039420,-0.051119,-0.883460,-0.264321,3.054907,0.011954,0.113899,-0.116049,-0.537405,2.485325,-0.276236,-1.371273,0.092001,2.656067,0.082259,0.100798,0.120463,-0.140055,0.168619,-0.073371,-0.067652,0.129702,0.053152,0.093195,-0.067515,0.067640,-0.091173,-0.104996,0.081298,0.005989,75.402841,-3.667914,-33.943856,0.670243,18.024016,0.000057,0.612445,-0.784387,0.098219,-0.746094,-0.614616,-0.256107,0.261254,0.083571,-0.961646
2.970000,1.079458,-1.228098,0.418251,-0.023538,0.039652,-0.051419,-0.884405,-0.263504,3.054071,0.012121,0.114570,-0.116664,-0.536391,2.486539,-0.277643,-1.369580,0.091258,2.655380,0.083564,0.101334,0.121400,-0.140732,0.169290,-0.074287,-0.068716,0.130515,0.053606,0.093733,-0.067786,0.067036,-0.091621,-0.106398,0.081311,0.005930,75.332028,-3.689580,-33.940894,0.687662,18.026096,0.000057,0.611875,-0.785006,0.096823,-0.746838,-0.613713,-0.256105,0.260465,0.084393,-0.961788
2.980000,1.079222,-1.227700,0.417735,-0.023676,0.039883,-0.051720,-0.885356,-0.262682,3.053230,0.012290,0.115242,-0.117279,-0.535373,2.487762,-0.279057,-1.367880,0.090506,2.654682,0.084877,0.101874,0.122343,-0.141413,0.169954,-0.075208,-0.069794,0.131329,0.054059,0.094273,-0.068053,0.066418,-0.092074,-0.107813,0.081322,0.005863,75.260668,-3.711226,-33.938030,0.705127,18.028162,0.000056,0.611300,-0.785626,0.095418,-0.747585,-0.612804,-0.256100,0.259671,0.085221,-0.961930
2.990000,1.078985,-1.227300,0.417216,-0.023814,0.040116,-0.052021,-0.886313,-0.261854,3.052384,0.012461,0.115915,-0.117894,-0.534348,2.488995,-0.280478,-1.366174,0.089744,2.653973,0.086199,0.102419,0.123291,-0.142096,0.170612,-0.076133,-0.070887,0.132142,0.054511,0.094813,-0.068316,0.065786,-0.092530,-0.109240,0.081332,0.005786,75.188756,-3.732850,-33.935264,0.722635,18.030215,0.000056,0.610720,-0.786247,0.094005,-0.748336,-0.611891,-0.256092,0.258872,0.086053,-0.962071
3.000000,1.078746,-1.226898,0.416695,-0.023952,0.040348,-0.052322,-0.887275,-0.261023,3.051533,0.012634,0.116589,-0.118509,-0.533319,2.490238,-0.281906,-1.364462,0.088974,2.653253,0.087528,0.102969,0.124244,-0.142782,0.171263,-0.077063,-0.071994,0.132955,0.054963,0.095355,-0.068576,0.065140,-0.092989,-0.110679,0.081339,0.005700,75.116289,-3.754451,-33.932599,0.740186,18.032254,0.000056,0.610135,-0.786869,0.092584,-0.749090,-0.610972,-0.256082,0.258069,0.086891,-0.962211
3.010000,1.078506,-1.226493,0.416170,-0.024090,0.040581,-0.052624,-0.888243,-0.260186,3.050678,0.012808,0.117264,-0.119123,-0.532283,2.491490,-0.283341,-1.362742,0.088194,2.652522,0.088866,0.103523,0.125203,-0.143470,0.171908,-0.077997,-0.073115,0.133769,0.055414,0.095899,-0.068832,0.064480,-0.093452,-0.112132,0.081344,0.005605,75.043263,-3.776027,-33.930038,0.757777,18.034278,0.000056,0.609546,-0.787493,0.091154,-0.749847,-0.610048,-0.256068,0.257260,0.087734,-0.962351
3.020000,1.078264,-1.226086,0.415642,-0.024228,0.040814,-0.052926,-0.889216,-0.259345,3.049817,0.012985,0.117939,-0.119737,-0.531243,2.492751,-0.284782,-1.361017,0.087404,2.651779,0.090212,0.104082,0.126168,-0.144161,0.172546,-0.078936,-0.074251,0.134582,0.055864,0.096443,-0.069084,0.063806,-0.093919,-0.113596,0.081347,0.005501,74.969676,-3.797578,-33.927582,0.775408,18.036288,0.000056,0.608952,-0.788117,0.089717,-0.750608,-0.609118,-0.256052,0.256447,0.088582,-0.962491
3.030000,1.078021,-1.225677,0.415111,-0.024367,0.041047,-0.053229,-0.890195,-0.258498,3.048952,0.013164,0.118615,-0.120351,-0.530196,2.494023,-0.286231,-1.359285,0.086606,2.651025,0.091566,0.104645,0.127138,-0.144854,0.173177,-0.079880,-0.075402,0.135396,0.056314,0.096988,-0.069332,0.063117,-0.094390,-0.115074,0.081349,0.005387,74.895524,-3.819101,-33.925234,0.793077,18.038282,0.000056,0.608353,-0.788742,0.088271,-0.751372,-0.608183,-0.256033,0.255629,0.089435,-0.962629
3.040000,1.077777,-1.225266,0.414578,-0.024505,0.041281,-0.053532,-0.891179,-0.257647,3.048082,0.013344,0.119292,-0.120965,-0.529144,2.495304,-0.287686,-1.357547,0.085797,2.650260,0.092928,0.105213,0.128113,-0.145550,0.173801,-0.080829,-0.076567,0.136209,0.056762,0.097535,-0.069576,0.062414,-0.094863,-0.116564,0.081348,0.005263,74.820803,-3.840594,-33.922997,0.810782,18.040260,0.000056,0.607750,-0.789369,0.086817,-0.752140,-0.607243,-0.256011,0.254806,0.090293,-0.962767
3.050000,1.077531,-1.224852,0.414041,-0.024644,0.041515,-0.053835,-0.892169,-0.256791,3.047206,0.013526,0.119970,-0.121578,-0.528086,2.496595,-0.289149,-1.355803,0.084980,2.649482,0.094298,0.105785,0.129094,-0.146248,0.174418,-0.081782,-0.077748,0.137023,0.057210,0.098083,-0.069815,0.061696,-0.095341,-0.118067,0.081345,0.005130,74.745510,-3.862058,-33.920872,0.828522,18.042222,0.000056,0.607142,-0.789996,0.085354,-0.752910,-0.606298,-0.255986,0.253978,0.091156,-0.962905
3.060000,1.077284,-1.224435,0.413501,-0.024783,0.041749,-0.054139,-0.893165,-0.255930,3.046326,0.013711,0.120648,-0.122190,-0.527023,2.497896,-0.290618,-1.354053,0.084152,2.648693,0.095676,0.106361,0.130080,-0.146949,0.175028,-0.082741,-0.078944,0.137836,0.057656,0.098631,-0.070050,0.060963,-0.095821,-0.119583,0.081340,0.004987,74.669641,-3.883488,-33.918862,0.846296,18.044168,0.000055,0.606529,-0.790624,0.083884,-0.753685,-0.605347,-0.255958,0.253146,0.092024,-0.963041
3.070000,1.077035,-1.224017,0.412958,-0.024923,0.041984,-0.054443,-0.894166,-0.255065,3.045441,0.013897,0.121328,-0.122802,-0.525953,2.499206,-0.292095,-1.352296,0.083315,2.647891,0.097063,0.106942,0.131072,-0.147652,0.175630,-0.083704,-0.080155,0.138649,0.058101,0.099181,-0.070281,0.060215,-0.096305,-0.121111,0.081333,0.004833,74.593193,-3.904885,-33.916969,0.864102,18.046096,0.000055,0.605911,-0.791253,0.082405,-0.754462,-0.604391,-0.255927,0.252308,0.092898,-0.963177
3.080000,1.076785,-1.223596,0.412412,-0.025062,0.042219,-0.054748,-0.895173,-0.254194,3.044551,0.014086,0.122008,-0.123414,-0.524878,2.500527,-0.293578,-1.350534,0.082468,2.647077,0.098457,0.107528,0.132069,-0.148357,0.176224,-0.084672,-0.081381,0.139463,0.058545,0.099731,-0.070506,0.059452,-0.096793,-0.122653,0.081324,0.004670,74.516163,-3.926246,-33.915197,0.881938,18.048006,0.000055,0.605288,-0.791883,0.080918,-0.755243,-0.603429,-0.255893,0.251466,0.093776,-0.963313
3.090000,1.076534,-1.223172,0.411863,-0.025202,0.042454,-0.055053,-0.896186,-0.253319,3.043656,0.014276,0.122688,-0.124026,-0.523797,2.501858,-0.295069,-1.348766,0.081612,2.646251,0.099860,0.108118,0.133072,-0.149064,0.176811,-0.085644,-0.082623,0.140276,0.058988,0.100282,-0.070727,0.058674,-0.097283,-0.124207,0.081313,0.004496,74.438547,-3.947569,-33.913546,0.899803,18.049898,0.000055,0.604660,-0.792514,0.079423,-0.756027,-0.602463,-0.255856,0.250618,0.094660,-0.963447
3.100000,1.076281,-1.222746,0.411311,-0.025342,0.042689,-0.055358,-0.897204,-0.252439,3.042756,0.014468,0.123369,-0.124637,-0.522710,2.503198,-0.296567,-1.346992,0.080746,2.645412,0.101271,0.108712,0.134080,-0.149773,0.177390,-0.086622,-0.083881,0.141089,0.059429,0.100834,-0.070942,0.057879,-0.097777,-0.125774,0.081300,0.004311,74.360341,-3.968854,-33.912020,0.917696,18.051771,0.000055,0.604027,-0.793145,0.077919,-0.756814,-0.601491,-0.255815,0.249766,0.095549,-0.963580
3.110000,1.076027,-1.222318,0.410756,-0.025481,0.042925,-0.055664,-0.898227,-0.251554,3.041851,0.014663,0.124051,-0.125247,-0.521617,2.504549,-0.298072,-1.345213,0.079870,2.644561,0.102690,0.109311,0.135094,-0.150485,0.177961,-0.087605,-0.085155,0.141902,0.059868,0.101387,-0.071153,0.057070,-0.098274,-0.127354,0.081285,0.004116,74.281543,-3.990096,-33.910622,0.935613,18.053625,0.000055,0.603390,-0.793777,0.076408,-0.757605,-0.600513,-0.255771,0.248909,0.096443,-0.963713
3.120000,1.075772,-1.221888,0.410198,-0.025622,0.043161,-0.055970,-0.899257,-0.250664,3.040940,0.014859,0.124734,-0.125857,-0.520517,2.505911,-0.299584,-1.343427,0.078984,2.643696,0.104117,0.109914,0.136114,-0.151198,0.178523,-0.088593,-0.086444,0.142714,0.060306,0.101940,-0.071358,0.056244,-0.098774,-0.128947,0.081267,0.003910,74.202148,-4.011296,-33.909353,0.953555,18.055459,0.000055,0.602747,-0.794410,0.074888,-0.758399,-0.599531,-0.255724,0.248047,0.097342,-0.963845
3.130000,1.075515,-1.221455,0.409636,-0.025762,0.043397,-0.056276,-0.900292,-0.249769,3.040025,0.015058,0.125417,-0.126466,-0.519412,2.507282,-0.301103,-1.341637,0.078088,2.642819,0.105552,0.110521,0.137139,-0.151914,0.179077,-0.089585,-0.087750,0.143527,0.060742,0.102494,-0.071557,0.055402,-0.099277,-0.130553,0.081248,0.003692,74.122152,-4.032451,-33.908217,0.971519,18.057273,0.000054,0.602100,-0.795044,0.073359,-0.759196,-0.598543,-0.255673,0.247180,0.098246,-0.963976
3.140000,1.075257,-1.221020,0.409072,-0.025902,0.043634,-0.056583,-0.901333,-0.248869,3.039105,0.015258,0.126101,-0.127075,-0.518301,2.508664,-0.302629,-1.339840,0.077182,2.641928,0.106996,0.111133,0.138169,-0.152631,0.179623,-0.090583,-0.089071,0.144339,0.061176,0.103048,-0.071750,0.054544,-0.099782,-0.132172,0.081227,0.003464,74.041553,-4.053559,-33.907216,0.989503,18.059066,0.000054,0.601447,-0.795678,0.071823,-0.759996,-0.597549,-0.255619,0.246308,0.099156,-0.964106
3.150000,1.074997,-1.220582,0.408505,-0.026043,0.043871,-0.056890,-0.902379,-0.247964,3.038180,0.015461,0.126785,-0.127683,-0.517183,2.510056,-0.304163,-1.338039,0.076266,2.641024,0.108447,0.111749,0.139205,-0.153351,0.180159,-0.091586,-0.090409,0.145151,0.061608,0.103603,-0.071937,0.053670,-0.100291,-0.133804,0.081203,0.003225,73.960347,-4.074618,-33.906352,1.007506,18.060839,0.000054,0.600789,-0.796312,0.070278,-0.760800,-0.596551,-0.255561,0.245431,0.100071,-0.964235
3.160000,1.074736,-1.220143,0.407934,-0.026183,0.044108,-0.057197,-0.903431,-0.247055,3.037250,0.015666,0.127470,-0.128291,-0.516060,2.511458,-0.305703,-1.336232,0.075340,2.640106,0.109907,0.112369,0.140247,-0.154072,0.180687,-0.092594,-0.091764,0.145963,0.062037,0.104158,-0.072118,0.052779,-0.100802,-0.135449,0.081178,0.002974,73.878530,-4.095626,-33.905628,1.025526,18.062589,0.000054,0.600126,-0.796947,0.068725,-0.761606,-0.595547,-0.255500,0.244549,0.100991,-0.964363
3.170000,1.074473,-1.219700,0.407361,-0.026324,0.044345,-0.057505,-0.904489,-0.246140,3.036315,0.015872,0.128156,-0.128898,-0.514930,2.512871,-0.307251,-1.334420,0.074404,2.639175,0.111375,0.112994,0.141294,-0.154795,0.181206,-0.093607,-0.093135,0.146774,0.062464,0.104713,-0.072293,0.051872,-0.101316,-0.137108,0.081150,0.002711,73.796099,-4.116581,-33.905047,1.043562,18.064317,0.000054,0.599459,-0.797583,0.067164,-0.762416,-0.594537,-0.255435,0.243662,0.101916,-0.964490
3.180000,1.074209,-1.219256,0.406784,-0.026465,0.044583,-0.057813,-0.905552,-0.245221,3.035375,0.016081,0.128842,-0.129504,-0.513793,2.514295,-0.308806,-1.332603,0.073458,2.638230,0.112851,0.113623,0.142346,-0.155520,0.181715,-0.094626,-0.094523,0.147586,0.062889,0.105269,-0.072461,0.050947,-0.101832,-0.138779,0.081120,0.002437,73.713050,-4.137481,-33.904612,1.061610,18.066022,0.000054,0.598785,-0.798219,0.065595,-0.763229,-0.593523,-0.255367,0.242771,0.102846,-0.964616
3.190000,1.073944,-1.218809,0.406205,-0.026607,0.044820,-0.058122,-0.906621,-0.244297,3.034430,0.016293,0.129528,-0.130110,-0.512651,2.515729,-0.310369,-1.330781,0.072501,2.637271,0.114335,0.114256,0.143405,-0.156246,0.182215,-0.095649,-0.095927,0.148396,0.063311,0.105824,-0.072622,0.050006,-0.102351,-0.140463,0.081088,0.002151,73.629379,-4.158323,-33.904325,1.079670,18.067704,0.000053,0.598107,-0.798855,0.064017,-0.764045,-0.592503,-0.255295,0.241874,0.103782,-0.964742
3.200000,1.073677,-1.218359,0.405622,-0.026748,0.045058,-0.058430,-0.907696,-0.243368,3.033480,0.016506,0.130215,-0.130715,-0.511502,2.517173,-0.311939,-1.328953,0.071535,2.636297,0.115827,0.114893,0.144469,-0.156974,0.182706,-0.096678,-0.097349,0.149207,0.063731,0.106380,-0.072776,0.049047,-0.102872,-0.142160,0.081054,0.001853,73.545083,-4.179106,-33.904189,1.097739,18.069362,0.000053,0.597424,-0.799492,0.062431,-0.764864,-0.591478,-0.255219,0.240972,0.104723,-0.964866
3.210000,1.073409,-1.217908,0.405036,-0.026889,0.045297,-0.058739,-0.908776,-0.242433,3.032525,0.016721,0.130903,-0.131319,-0.510347,2.518629,-0.313516,-1.327122,0.070558,2.635309,0.117327,0.115535,0.145538,-0.157703,0.183186,-0.097712,-0.098788,0.150017,0.064147,0.106935,-0.072922,0.048071,-0.103395,-0.143871,0.081018,0.001543,73.460158,-4.199826,-33.904206,1.115816,18.070996,0.000053,0.596735,-0.800129,0.060837,-0.765686,-0.590447,-0.255140,0.240066,0.105669,-0.964988
3.220000,1.073139,-1.217453,0.404447,-0.027031,0.045535,-0.059048,-0.909862,-0.241494,3.031564,0.016939,0.131591,-0.131923,-0.509185,2.520095,-0.315100,-1.325285,0.069570,2.634307,0.118835,0.116180,0.146613,-0.158433,0.183657,-0.098751,-0.100244,0.150827,0.064561,0.107490,-0.073061,0.047077,-0.103921,-0.145595,0.080979,0.001220,73.374601,-4.220483,-33.904380,1.133899,18.072605,0.000053,0.596041,-0.800766,0.059235,-0.766512,-0.589412,-0.255056,0.239154,0.106620,-0.965110
3.230000,1.072868,-1.216997,0.403855,-0.027172,0.045774,-0.059358,-0.910954,-0.240551,3.030599,0.017159,0.132279,-0.132526,-0.508017,2.521572,-0.316692,-1.323444,0.068572,2.633290,0.120351,0.116830,0.147693,-0.159165,0.184118,-0.099796,-0.101717,0.151636,0.064971,0.108045,-0.073192,0.046065,-0.104448,-0.147331,0.080939,0.000886,73.288407,-4.241073,-33.904713,1.151985,18.074189,0.000053,0.595342,-0.801403,0.057624,-0.767340,-0.588371,-0.254969,0.238237,0.107577,-0.965231
3.240000,1.072596,-1.216538,0.403260,-0.027314,0.046013,-0.059668,-0.912052,-0.239602,3.029629,0.017381,0.132968,-0.133128,-0.506842,2.523060,-0.318291,-1.321598,0.067564,2.632257,0.121876,0.117484,0.148779,-0.159898,0.184568,-0.100845,-0.103208,0.152445,0.065378,0.108600,-0.073315,0.045036,-0.104977,-0.149081,0.080896,0.000538,73.201574,-4.261594,-33.905208,1.170073,18.075746,0.000053,0.594638,-0.802041,0.056005,-0.768171,-0.587325,-0.254878,0.237316,0.108538,-0.965350
3.250000,1.072322,-1.216077,0.402662,-0.027456,0.046252,-0.059978,-0.913155,-0.238648,3.028653,0.017605,0.133657,-0.133729,-0.505660,2.524558,-0.319897,-1.319748,0.066545,2.631210,0.123408,0.118142,0.149871,-0.160633,0.185008,-0.101900,-0.104716,0.153254,0.065781,0.109154,-0.073429,0.043988,-0.105508,-0.150844,0.080851,0.000178,73.114098,-4.282043,-33.905868,1.188161,18.077277,0.000052,0.593928,-0.802678,0.054378,-0.769006,-0.586273,-0.254783,0.236389,0.109505,-0.965468
3.260000,1.072047,-1.215613,0.402060,-0.027598,0.046491,-0.060288,-0.914264,-0.237689,3.027673,0.017832,0.134346,-0.134330,-0.504472,2.526068,-0.321511,-1.317894,0.065515,2.630148,0.124949,0.118803,0.150968,-0.161368,0.185437,-0.102961,-0.106242,0.154062,0.066181,0.109708,-0.073535,0.042922,-0.106040,-0.152620,0.080804,-0.000195,73.025974,-4.302419,-33.906696,1.206246,18.078781,0.000052,0.593213,-0.803316,0.052743,-0.769843,-0.585216,-0.254683,0.235457,0.110478,-0.965585
3.270000,1.071770,-1.215147,0.401456,-0.027741,0.046731,-0.060599,-0.915379,-0.236725,3.026687,0.018061,0.135036,-0.134929,-0.503278,2.527589,-0.323132,-1.316035,0.064475,2.629070,0.126498,0.119469,0.152070,-0.162104,0.185856,-0.104027,-0.107787,0.154869,0.066577,0.110261,-0.073632,0.041838,-0.106574,-0.154410,0.080754,-0.000581,72.937200,-4.322718,-33.907695,1.224327,18.080258,0.000052,0.592492,-0.803954,0.051100,-0.770683,-0.584154,-0.254580,0.234520,0.111455,-0.965701
3.280000,1.071492,-1.214678,0.400848,-0.027883,0.046971,-0.060910,-0.916499,-0.235757,3.025697,0.018292,0.135727,-0.135528,-0.502076,2.529120,-0.324760,-1.314173,0.063424,2.627977,0.128055,0.120139,0.153179,-0.162842,0.186263,-0.105098,-0.109349,0.155676,0.066968,0.110813,-0.073720,0.040734,-0.107109,-0.156212,0.080703,-0.000980,72.847771,-4.342938,-33.908867,1.242401,18.081706,0.000052,0.591767,-0.804591,0.049448,-0.771527,-0.583087,-0.254472,0.233579,0.112438,-0.965815
3.290000,1.071212,-1.214207,0.400238,-0.028025,0.047210,-0.061221,-0.917625,-0.234783,3.024701,0.018525,0.136417,-0.136126,-0.500868,2.530663,-0.326396,-1.312306,0.062362,2.626867,0.129619,0.120812,0.154292,-0.163580,0.186659,-0.106174,-0.110929,0.156483,0.067356,0.111364,-0.073798,0.039612,-0.107645,-0.158027,0.080649,-0.001393,72.757685,-4.363076,-33.910215,1.260466,18.083125,0.000052,0.591035,-0.805229,0.047788,-0.772373,-0.582014,-0.254361,0.232632,0.113426,-0.965928
3.300000,1.070931,-1.213734,0.399624,-0.028168,0.047451,-0.061532,-0.918757,-0.233804,3.023700,0.018760,0.137108,-0.136723,-0.499653,2.532217,-0.328039,-1.310435,0.061289,2.625742,0.131192,0.121490,0.155411,-0.164318,0.187044,-0.107256,-0.112528,0.157289,0.067739,0.111914,-0.073867,0.038471,-0.108181,-0.159856,0.080593,-0.001818,72.666937,-4.383130,-33.911743,1.278521,18.084516,0.000052,0.590298,-0.805866,0.046120,-0.773222,-0.580937,-0.254245,0.231680,0.114419,-0.966040
3.310000,1.070649,-1.213258,0.399007,-0.028311,0.047691,-0.061844,-0.919895,-0.232821,3.022695,0.018998,0.137799,-0.137319,-0.498431,2.533783,-0.329690,-1.308561,0.060206,2.624601,0.132773,0.122171,0.156536,-0.165057,0.187417,-0.108343,-0.114144,0.158094,0.068117,0.112463,-0.073925,0.037311,-0.108719,-0.161698,0.080535,-0.002257,72.575523,-4.403096,-33.913453,1.296562,18.085876,0.000051,0.589556,-0.806504,0.044444,-0.774074,-0.579854,-0.254124,0.230723,0.115418,-0.966150
3.320000,1.070365,-1.212780,0.398387,-0.028453,0.047932,-0.062156,-0.921038,-0.231832,3.021684,0.019239,0.138491,-0.137914,-0.497203,2.535359,-0.331348,-1.306684,0.059112,2.623443,0.134362,0.122856,0.157666,-0.165797,0.187778,-0.109436,-0.115780,0.158899,0.068491,0.113011,-0.073973,0.036131,-0.109257,-0.163552,0.080474,-0.002710,72.483440,-4.422973,-33.915349,1.314588,18.087206,0.000051,0.588808,-0.807141,0.042759,-0.774929,-0.578766,-0.253999,0.229761,0.116422,-0.966259
3.330000,1.070080,-1.212300,0.397764,-0.028596,0.048172,-0.062468,-0.922188,-0.230839,3.020668,0.019481,0.139183,-0.138508,-0.495967,2.536947,-0.333013,-1.304802,0.058006,2.622268,0.135959,0.123545,0.158802,-0.166537,0.188128,-0.110534,-0.117434,0.159703,0.068860,0.113557,-0.074009,0.034932,-0.109795,-0.165420,0.080412,-0.003177,72.390684,-4.442757,-33.917433,1.332596,18.088505,0.000051,0.588055,-0.807778,0.041067,-0.775786,-0.577672,-0.253870,0.228794,0.117431,-0.966366
3.340000,1.069793,-1.211817,0.397138,-0.028739,0.048413,-0.062781,-0.923342,-0.229840,3.019647,0.019726,0.139875,-0.139101,-0.494725,2.538547,-0.334686,-1.302918,0.056890,2.621077,0.137564,0.124237,0.159943,-0.167278,0.188465,-0.111637,-0.119107,0.160507,0.069223,0.114102,-0.074035,0.033713,-0.110334,-0.167301,0.080346,-0.003657,72.297252,-4.462445,-33.919709,1.350584,18.089772,0.000051,0.587296,-0.808414,0.039366,-0.776647,-0.576574,-0.253737,0.227822,0.118445,-0.966472
3.350000,1.069505,-1.211331,0.396508,-0.028882,0.048654,-0.063093,-0.924503,-0.228837,3.018621,0.019973,0.140567,-0.139694,-0.493476,2.540158,-0.336366,-1.301030,0.055762,2.619869,0.139177,0.124933,0.161089,-0.168018,0.188790,-0.112746,-0.120799,0.161309,0.069581,0.114645,-0.074050,0.032474,-0.110872,-0.169194,0.080279,-0.004151,72.203140,-4.482034,-33.922179,1.368550,18.091008,0.000051,0.586532,-0.809050,0.037657,-0.777510,-0.575470,-0.253599,0.226845,0.119465,-0.966576
3.360000,1.069216,-1.210844,0.395876,-0.029026,0.048896,-0.063406,-0.925670,-0.227828,3.017589,0.020223,0.141259,-0.140285,-0.492219,2.541780,-0.338053,-1.299139,0.054624,2.618644,0.140798,0.125632,0.162241,-0.168759,0.189102,-0.113860,-0.122510,0.162111,0.069934,0.115186,-0.074052,0.031214,-0.111410,-0.171101,0.080209,-0.004659,72.108344,-4.501522,-33.924846,1.386491,18.092210,0.000050,0.585762,-0.809686,0.035940,-0.778376,-0.574361,-0.253456,0.225862,0.120490,-0.966679
3.370000,1.068925,-1.210353,0.395240,-0.029169,0.049137,-0.063719,-0.926842,-0.226815,3.016553,0.020475,0.141952,-0.140875,-0.490956,2.543414,-0.339748,-1.297245,0.053474,2.617402,0.142428,0.126335,0.163398,-0.169499,0.189401,-0.114979,-0.124240,0.162913,0.070280,0.115725,-0.074042,0.029935,-0.111947,-0.173021,0.080137,-0.005182,72.012860,-4.520905,-33.927715,1.404405,18.093379,0.000050,0.584986,-0.810321,0.034215,-0.779245,-0.573247,-0.253308,0.224875,0.121520,-0.966780
3.380000,1.068632,-1.209861,0.394601,-0.029312,0.049379,-0.064032,-0.928020,-0.225796,3.015511,0.020729,0.142644,-0.141464,-0.489686,2.545060,-0.341451,-1.295348,0.052313,2.616142,0.144065,0.127041,0.164561,-0.170239,0.189687,-0.116104,-0.125990,0.163713,0.070621,0.116262,-0.074020,0.028634,-0.112484,-0.174953,0.080063,-0.005718,71.916685,-4.540181,-33.930786,1.422289,18.094515,0.000050,0.584205,-0.810956,0.032482,-0.780116,-0.572128,-0.253156,0.223882,0.122555,-0.966880
3.390000,1.068338,-1.209366,0.393960,-0.029456,0.049620,-0.064346,-0.929204,-0.224773,3.014465,0.020986,0.143337,-0.142052,-0.488408,2.546717,-0.343161,-1.293448,0.051141,2.614864,0.145710,0.127750,0.165729,-0.170979,0.189960,-0.117234,-0.127759,0.164513,0.070955,0.116796,-0.073985,0.027313,-0.113020,-0.176898,0.079986,-0.006269,71.819815,-4.559345,-33.934065,1.440141,18.095615,0.000050,0.583417,-0.811590,0.030740,-0.780991,-0.571003,-0.252999,0.222885,0.123596,-0.966978
3.400000,1.068043,-1.208869,0.393315,-0.029599,0.049862,-0.064660,-0.930393,-0.223744,3.013413,0.021245,0.144030,-0.142638,-0.487124,2.548386,-0.344878,-1.291546,0.049957,2.613569,0.147363,0.128463,0.166902,-0.171719,0.190220,-0.118370,-0.129547,0.165312,0.071282,0.117328,-0.073936,0.025972,-0.113554,-0.178857,0.079906,-0.006835,71.722247,-4.578395,-33.937554,1.457959,18.096681,0.000050,0.582625,-0.812224,0.028991,-0.781868,-0.569874,-0.252838,0.221882,0.124642,-0.967074
3.410000,1.067746,-1.208369,0.392666,-0.029743,0.050104,-0.064973,-0.931589,-0.222711,3.012356,0.021507,0.144723,-0.143224,-0.485832,2.550067,-0.346602,-1.289641,0.048762,2.612255,0.149024,0.129179,0.168081,-0.172457,0.190466,-0.119511,-0.131356,0.166111,0.071603,0.117857,-0.073874,0.024609,-0.114087,-0.180827,0.079824,-0.007414,71.623976,-4.597328,-33.941256,1.475740,18.097711,0.000050,0.581826,-0.812857,0.027233,-0.782747,-0.568739,-0.252671,0.220874,0.125694,-0.967169
3.420000,1.067448,-1.207866,0.392015,-0.029887,0.050346,-0.065288,-0.932790,-0.221672,3.011294,0.021771,0.145416,-0.143809,-0.484533,2.551760,-0.348334,-1.287734,0.047555,2.610923,0.150693,0.129898,0.169265,-0.173195,0.190699,-0.120657,-0.133184,0.166908,0.071917,0.118384,-0.073797,0.023224,-0.114617,-0.182811,0.079740,-0.008008,71.524999,-4.616140,-33.945174,1.493481,18.098705,0.000049,0.581022,-0.813489,0.025468,-0.783629,-0.567600,-0.252500,0.219861,0.126751,-0.967262
3.430000,1.067149,-1.207362,0.391361,-0.030031,0.050589,-0.065602,-0.933997,-0.220629,3.010227,0.022038,0.146109,-0.144392,-0.483227,2.553464,-0.350074,-1.285825,0.046337,2.609573,0.152370,0.130621,0.170454,-0.173932,0.190917,-0.121808,-0.135032,0.167704,0.072223,0.118907,-0.073706,0.021818,-0.115146,-0.184807,0.079653,-0.008617,71.425312,-4.634828,-33.949311,1.511180,18.099662,0.000049,0.580212,-0.814121,0.023694,-0.784514,-0.566455,-0.252323,0.218843,0.127813,-0.967353
3.440000,1.066848,-1.206855,0.390703,-0.030175,0.050831,-0.065916,-0.935209,-0.219580,3.009155,0.022307,0.146802,-0.144974,-0.481913,2.555181,-0.351820,-1.283914,0.045108,2.608204,0.154055,0.131346,0.171648,-0.174668,0.191121,-0.122965,-0.136900,0.168500,0.072522,0.119427,-0.073599,0.020391,-0.115672,-0.186816,0.079564,-0.009241,71.324912,-4.653388,-33.953672,1.528833,18.100581,0.000049,0.579396,-0.814752,0.021912,-0.785401,-0.565305,-0.252142,0.217820,0.128880,-0.967442
3.450000,1.066545,-1.206345,0.390042,-0.030319,0.051074,-0.066231,-0.936428,-0.218527,3.008078,0.022578,0.147495,-0.145555,-0.480592,2.556909,-0.353574,-1.282001,0.043866,2.606816,0.155748,0.132074,0.172847,-0.175403,0.191310,-0.124127,-0.138788,0.169295,0.072813,0.119944,-0.073477,0.018941,-0.116195,-0.188837,0.079472,-0.009879,71.223795,-4.671817,-33.958258,1.546440,18.101462,0.000049,0.578574,-0.815382,0.020122,-0.786291,-0.564150,-0.251955,0.216792,0.129953,-0.967530
3.460000,1.066241,-1.205833,0.389378,-0.030463,0.051317,-0.066546,-0.937652,-0.217468,3.006996,0.022852,0.148188,-0.146134,-0.479264,2.558650,-0.355336,-1.280086,0.042613,2.605409,0.157449,0.132805,0.174052,-0.176136,0.191485,-0.125294,-0.140697,0.170089,0.073096,0.120457,-0.073340,0.017470,-0.116715,-0.190870,0.079378,-0.010531,71.121957,-4.690112,-33.963073,1.563996,18.102305,0.000048,0.577746,-0.816011,0.018325,-0.787183,-0.562990,-0.251763,0.215758,0.131030,-0.967615
3.470000,1.065936,-1.205319,0.388711,-0.030607,0.051559,-0.066860,-0.938882,-0.216405,3.005908,0.023129,0.148882,-0.146713,-0.477929,2.560402,-0.357104,-1.278170,0.041349,2.603983,0.159158,0.133539,0.175262,-0.176868,0.191644,-0.126466,-0.142626,0.170881,0.073371,0.120966,-0.073185,0.015976,-0.117232,-0.192916,0.079280,-0.011199,71.019395,-4.708268,-33.968120,1.581499,18.103108,0.000048,0.576913,-0.816639,0.016519,-0.788078,-0.561825,-0.251566,0.214720,0.132114,-0.967699
3.480000,1.065629,-1.204802,0.388041,-0.030751,0.051802,-0.067176,-0.940118,-0.215336,3.004815,0.023408,0.149575,-0.147290,-0.476586,2.562167,-0.358880,-1.276252,0.040072,2.602537,0.160875,0.134275,0.176476,-0.177598,0.191789,-0.127644,-0.144576,0.171673,0.073637,0.121472,-0.073014,0.014460,-0.117745,-0.194975,0.079181,-0.011881,70.916105,-4.726283,-33.973403,1.598946,18.103871,0.000048,0.576073,-0.817266,0.014705,-0.788975,-0.560655,-0.251364,0.213676,0.133202,-0.967781
3.490000,1.065321,-1.204283,0.387368,-0.030896,0.052045,-0.067491,-0.941360,-0.214263,3.003717,0.023689,0.150268,-0.147866,-0.475236,2.563944,-0.360664,-1.274333,0.038784,2.601072,0.162599,0.135014,0.177696,-0.178327,0.191918,-0.128826,-0.146546,0.172464,0.073894,0.121972,-0.072825,0.012921,-0.118253,-0.197045,0.079078,-0.012577,70.812083,-4.744152,-33.978925,1.616335,18.104593,0.000048,0.575228,-0.817892,0.012883,-0.789875,-0.559480,-0.251157,0.212627,0.134296,-0.967861
3.500000,1.065011,-1.203761,0.386691,-0.031040,0.052289,-0.067806,-0.942608,-0.213184,3.002614,0.023974,0.150960,-0.148440,-0.473878,2.565733,-0.362454,-1.272412,0.037484,2.599586,0.164332,0.135755,0.178921,-0.179053,0.192032,-0.130014,-0.148538,0.173254,0.074142,0.122469,-0.072619,0.011359,-0.118757,-0.199127,0.078973,-0.013289,70.707326,-4.761872,-33.984689,1.633662,18.105275,0.000048,0.574376,-0.818517,0.011054,-0.790777,-0.558300,-0.250944,0.211573,0.135395,-0.967939
3.510000,1.064700,-1.203237,0.386012,-0.031184,0.052532,-0.068122,-0.943861,-0.212100,3.001506,0.024260,0.151653,-0.149013,-0.472513,2.567535,-0.364252,-1.270491,0.036172,2.598081,0.166072,0.136499,0.180150,-0.179777,0.192130,-0.131207,-0.150550,0.174042,0.074380,0.122960,-0.072394,0.009775,-0.119256,-0.201222,0.078865,-0.014015,70.601829,-4.779438,-33.990698,1.650925,18.105914,0.000047,0.573519,-0.819141,0.009216,-0.791682,-0.557115,-0.250725,0.210514,0.136500,-0.968014
3.520000,1.064388,-1.202710,0.385329,-0.031329,0.052775,-0.068437,-0.945120,-0.211012,3.000393,0.024550,0.152346,-0.149585,-0.471141,2.569348,-0.366057,-1.268569,0.034848,2.596555,0.167821,0.137245,0.181385,-0.180498,0.192211,-0.132404,-0.152583,0.174830,0.074608,0.123447,-0.072150,0.008167,-0.119749,-0.203328,0.078754,-0.014756,70.495591,-4.796848,-33.996955,1.668121,18.106511,0.000047,0.572655,-0.819763,0.007370,-0.792589,-0.555925,-0.250502,0.209449,0.137609,-0.968088
3.530000,1.064074,-1.202181,0.384643,-0.031473,0.053019,-0.068753,-0.946385,-0.209918,2.999275,0.024842,0.153038,-0.150155,-0.469761,2.571175,-0.367869,-1.266646,0.033512,2.595009,0.169577,0.137994,0.182624,-0.181217,0.192277,-0.133606,-0.154638,0.175616,0.074827,0.123928,-0.071886,0.006536,-0.120237,-0.205446,0.078640,-0.015511,70.388606,-4.814096,-34.003465,1.685247,18.107065,0.000047,0.571786,-0.820384,0.005517,-0.793498,-0.554730,-0.250272,0.208380,0.138724,-0.968160
3.540000,1.063758,-1.201650,0.383954,-0.031618,0.053262,-0.069069,-0.947656,-0.208819,2.998151,0.025136,0.153730,-0.150724,-0.468374,2.573013,-0.369688,-1.264723,0.032164,2.593442,0.171341,0.138744,0.183868,-0.181933,0.192325,-0.134814,-0.156713,0.176402,0.075035,0.124403,-0.071602,0.004881,-0.120718,-0.207576,0.078523,-0.016281,70.280872,-4.831180,-34.010229,1.702299,18.107575,0.000047,0.570910,-0.821004,0.003655,-0.794409,-0.553530,-0.250037,0.207305,0.139845,-0.968229
3.550000,1.063441,-1.201116,0.383262,-0.031763,0.053506,-0.069385,-0.948933,-0.207715,2.997022,0.025433,0.154422,-0.151291,-0.466979,2.574865,-0.371515,-1.262799,0.030803,2.591853,0.173113,0.139496,0.185117,-0.182646,0.192358,-0.136026,-0.158811,0.177186,0.075232,0.124873,-0.071298,0.003202,-0.121193,-0.209717,0.078403,-0.017065,70.172384,-4.848095,-34.017252,1.719275,18.108041,0.000047,0.570028,-0.821623,0.001786,-0.795323,-0.552325,-0.249796,0.206225,0.140970,-0.968297
3.560000,1.063123,-1.200580,0.382566,-0.031907,0.053750,-0.069701,-0.950216,-0.206607,2.995888,0.025733,0.155114,-0.151857,-0.465576,2.576728,-0.373349,-1.260875,0.029431,2.590244,0.174892,0.140250,0.186370,-0.183356,0.192373,-0.137242,-0.160929,0.177968,0.075418,0.125337,-0.070973,0.001500,-0.121660,-0.211870,0.078281,-0.017864,70.063140,-4.864836,-34.024537,1.736172,18.108461,0.000046,0.569141,-0.822240,-0.000091,-0.796239,-0.551115,-0.249550,0.205140,0.142101,-0.968362
3.570000,1.062803,-1.200041,0.381868,-0.032052,0.053994,-0.070017,-0.951504,-0.205493,2.994749,0.026035,0.155805,-0.152422,-0.464166,2.578605,-0.375189,-1.258952,0.028046,2.588613,0.176680,0.141006,0.187628,-0.184062,0.192370,-0.138463,-0.163070,0.178750,0.075593,0.125794,-0.070626,-0.000227,-0.122119,-0.214033,0.078155,-0.018677,69.953135,-4.881400,-34.032086,1.752987,18.108836,0.000046,0.568247,-0.822856,-0.001976,-0.797157,-0.549901,-0.249298,0.204050,0.143238,-0.968425
3.580000,1.062482,-1.199500,0.381166,-0.032197,0.054238,-0.070334,-0.952798,-0.204374,2.993605,0.026340,0.156497,-0.152985,-0.462748,2.580493,-0.377037,-1.257028,0.026649,2.586961,0.178475,0.141764,0.188891,-0.184765,0.192350,-0.139689,-0.165232,0.179530,0.075756,0.126245,-0.070256,-0.001977,-0.122570,-0.216208,0.078026,-0.019504,69.842367,-4.897782,-34.039904,1.769717,18.109165,0.000046,0.567346,-0.823470,-0.003869,-0.798078,-0.548682,-0.249040,0.202954,0.144379,-0.968486
3.590000,1.062159,-1.198956,0.380461,-0.032342,0.054482,-0.070650,-0.954098,-0.203250,2.992456,0.026648,0.157188,-0.153546,-0.461323,2.582395,-0.378891,-1.255105,0.025240,2.585287,0.180278,0.142523,0.190157,-0.185463,0.192313,-0.140919,-0.167416,0.180309,0.075906,0.126688,-0.069864,-0.003753,-0.123013,-0.218394,0.077893,-0.020345,69.730831,-4.913979,-34.047993,1.786357,18.109446,0.000046,0.566440,-0.824083,-0.005769,-0.799000,-0.547457,-0.248776,0.201853,0.145526,-0.968544
3.600000,1.061835,-1.198410,0.379753,-0.032487,0.054726,-0.070967,-0.955404,-0.202121,2.991301,0.026958,0.157878,-0.154106,-0.459890,2.584309,-0.380753,-1.253183,0.023819,2.583591,0.182089,0.143283,0.191429,-0.186158,0.192257,-0.142154,-0.169622,0.181087,0.076045,0.127125,-0.069447,-0.005552,-0.123445,-0.220591,0.077757,-0.021200,69.618525,-4.929986,-34.056357,1.802906,18.109680,0.000045,0.565527,-0.824694,-0.007677,-0.799925,-0.546229,-0.248506,0.200747,0.146678,-0.968600
3.610000,1.061509,-1.197862,0.379042,-0.032632,0.054970,-0.071283,-0.956716,-0.200987,2.990142,0.027271,0.158568,-0.154665,-0.458450,2.586236,-0.382621,-1.251261,0.022385,2.581872,0.183908,0.144045,0.192704,-0.186848,0.192184,-0.143392,-0.171850,0.181863,0.076171,0.127553,-0.069007,-0.007377,-0.123868,-0.222798,0.077618,-0.022069,69.505445,-4.945798,-34.065000,1.819360,18.109866,0.000045,0.564608,-0.825303,-0.009593,-0.800851,-0.544995,-0.248230,0.199636,0.147836,-0.968654
3.620000,1.061182,-1.197311,0.378327,-0.032777,0.055214,-0.071600,-0.958033,-0.199848,2.988977,0.027587,0.159258,-0.155221,-0.457002,2.588176,-0.384497,-1.249340,0.020938,2.580131,0.185734,0.144808,0.193984,-0.187533,0.192091,-0.144635,-0.174100,0.182638,0.076283,0.127974,-0.068542,-0.009227,-0.124281,-0.225016,0.077476,-0.022951,69.391587,-4.961410,-34.073923,1.835716,18.110002,0.000045,0.563683,-0.825911,-0.011517,-0.801780,-0.543756,-0.247948,0.198520,0.148998,-0.968705
3.630000,1.060854,-1.196758,0.377610,-0.032922,0.055458,-0.071917,-0.959357,-0.198704,2.987807,0.027906,0.159948,-0.155777,-0.455546,2.590129,-0.386379,-1.247420,0.019480,2.578368,0.187568,0.145572,0.195268,-0.188214,0.191980,-0.145882,-0.176372,0.183411,0.076383,0.128386,-0.068051,-0.011101,-0.124682,-0.227244,0.077330,-0.023847,69.276948,-4.976820,-34.083131,1.851969,18.110089,0.000045,0.562752,-0.826517,-0.013449,-0.802711,-0.542513,-0.247659,0.197399,0.150166,-0.968754
3.640000,1.060524,-1.196202,0.376889,-0.033067,0.055703,-0.072233,-0.960686,-0.197554,2.986632,0.028227,0.160637,-0.156330,-0.454083,2.592094,-0.388268,-1.245501,0.018008,2.576581,0.189410,0.146336,0.196556,-0.188889,0.191850,-0.147133,-0.178667,0.184183,0.076468,0.128789,-0.067534,-0.013001,-0.125072,-0.229482,0.077180,-0.024755,69.161525,-4.992021,-34.092627,1.868118,18.110126,0.000044,0.561814,-0.827121,-0.015388,-0.803643,-0.541265,-0.247365,0.196272,0.151339,-0.968800
3.650000,1.060193,-1.195644,0.376165,-0.033212,0.055947,-0.072550,-0.962021,-0.196400,2.985452,0.028551,0.161325,-0.156882,-0.452612,2.594073,-0.390163,-1.243584,0.016524,2.574771,0.191259,0.147102,0.197848,-0.189559,0.191701,-0.148387,-0.180984,0.184953,0.076539,0.129184,-0.066990,-0.014926,-0.125449,-0.231730,0.077027,-0.025676,69.045314,-5.007009,-34.102413,1.884159,18.110112,0.000044,0.560869,-0.827723,-0.017335,-0.804578,-0.540012,-0.247064,0.195140,0.152518,-0.968844
3.660000,1.059860,-1.195083,0.375438,-0.033357,0.056191,-0.072867,-0.963362,-0.195241,2.984266,0.028877,0.162013,-0.157432,-0.451133,2.596064,-0.392066,-1.241669,0.015028,2.572938,0.193117,0.147868,0.199143,-0.190223,0.191532,-0.149645,-0.183324,0.185722,0.076596,0.129568,-0.066419,-0.016877,-0.125813,-0.233988,0.076869,-0.026610,68.928312,-5.021780,-34.112494,1.900088,18.110046,0.000044,0.559919,-0.828323,-0.019289,-0.805515,-0.538755,-0.246757,0.194003,0.153702,-0.968885
3.670000,1.059525,-1.194520,0.374708,-0.033502,0.056436,-0.073184,-0.964709,-0.194076,2.983075,0.029207,0.162701,-0.157981,-0.449647,2.598069,-0.393974,-1.239756,0.013519,2.571081,0.194982,0.148634,0.200443,-0.190881,0.191344,-0.150907,-0.185687,0.186489,0.076638,0.129943,-0.065819,-0.018854,-0.126163,-0.236255,0.076708,-0.027556,68.810517,-5.036328,-34.122873,1.915901,18.109927,0.000044,0.558962,-0.828921,-0.021251,-0.806453,-0.537493,-0.246444,0.192860,0.154891,-0.968924
3.680000,1.059190,-1.193954,0.373974,-0.033647,0.056680,-0.073501,-0.966061,-0.192907,2.981880,0.029539,0.163388,-0.158528,-0.448153,2.600086,-0.395890,-1.237844,0.011997,2.569200,0.196854,0.149401,0.201746,-0.191533,0.191135,-0.152172,-0.188072,0.187254,0.076664,0.130308,-0.065191,-0.020856,-0.126498,-0.238531,0.076543,-0.028514,68.691924,-5.050650,-34.133552,1.931596,18.109756,0.000043,0.557998,-0.829517,-0.023221,-0.807393,-0.536226,-0.246124,0.191713,0.156085,-0.968960
3.690000,1.058852,-1.193386,0.373238,-0.033792,0.056925,-0.073818,-0.967420,-0.191733,2.980679,0.029874,0.164075,-0.159073,-0.446651,2.602117,-0.397812,-1.235935,0.010463,2.567295,0.198734,0.150168,0.203052,-0.192179,0.190906,-0.153440,-0.190480,0.188018,0.076675,0.130662,-0.064533,-0.022885,-0.126819,-0.240816,0.076374,-0.029483,68.572530,-5.064739,-34.144535,1.947169,18.109531,0.000043,0.557028,-0.830111,-0.025198,-0.808335,-0.534955,-0.245798,0.190560,0.157285,-0.968994
3.700000,1.058514,-1.192816,0.372498,-0.033937,0.057169,-0.074135,-0.968784,-0.190553,2.979472,0.030212,0.164761,-0.159616,-0.445142,2.604160,-0.399740,-1.234029,0.008916,2.565366,0.200622,0.150934,0.204362,-0.192817,0.190657,-0.154711,-0.192911,0.188780,0.076670,0.131005,-0.063844,-0.024939,-0.127123,-0.243110,0.076200,-0.030464,68.452333,-5.078592,-34.155826,1.962615,18.109252,0.000043,0.556052,-0.830703,-0.027182,-0.809279,-0.533679,-0.245465,0.189402,0.158489,-0.969024
3.710000,1.058174,-1.192243,0.371755,-0.034082,0.057414,-0.074452,-0.970154,-0.189368,2.978261,0.030552,0.165446,-0.160158,-0.443625,2.606217,-0.401674,-1.232125,0.007356,2.563413,0.202517,0.151701,0.205676,-0.193448,0.190387,-0.155985,-0.195365,0.189540,0.076648,0.131336,-0.063124,-0.027020,-0.127410,-0.245412,0.076022,-0.031455,68.331329,-5.092203,-34.167426,1.977932,18.108917,0.000043,0.555069,-0.831293,-0.029174,-0.810225,-0.532399,-0.245126,0.188239,0.159699,-0.969052
3.720000,1.057832,-1.191667,0.371009,-0.034228,0.057659,-0.074770,-0.971530,-0.188179,2.977045,0.030896,0.166131,-0.160697,-0.442100,2.608287,-0.403615,-1.230224,0.005783,2.561434,0.204420,0.152467,0.206992,-0.194072,0.190096,-0.157262,-0.197843,0.190299,0.076610,0.131655,-0.062373,-0.029127,-0.127680,-0.247723,0.075840,-0.032457,68.209516,-5.105567,-34.179340,1.993117,18.108527,0.000042,0.554080,-0.831880,-0.031174,-0.811172,-0.531114,-0.244780,0.187070,0.160915,-0.969077
3.730000,1.057489,-1.191090,0.370259,-0.034373,0.057903,-0.075087,-0.972912,-0.186984,2.975823,0.031242,0.166815,-0.161235,-0.440568,2.610370,-0.405562,-1.228326,0.004198,2.559431,0.206331,0.153232,0.208312,-0.194688,0.189783,-0.158542,-0.200343,0.191055,0.076554,0.131962,-0.061589,-0.031260,-0.127932,-0.250041,0.075653,-0.033468,68.086890,-5.118679,-34.191570,2.008164,18.108080,0.000042,0.553084,-0.832465,-0.033181,-0.812121,-0.529825,-0.244427,0.185896,0.162135,-0.969100
3.740000,1.057145,-1.190509,0.369507,-0.034518,0.058148,-0.075404,-0.974300,-0.185784,2.974596,0.031591,0.167499,-0.161771,-0.439028,2.612466,-0.407515,-1.226432,0.002599,2.557402,0.208249,0.153997,0.209634,-0.195296,0.189449,-0.159823,-0.202867,0.191810,0.076481,0.132255,-0.060771,-0.033420,-0.128164,-0.252367,0.075461,-0.034489,67.963448,-5.131534,-34.204119,2.023071,18.107577,0.000042,0.552081,-0.833047,-0.035195,-0.813072,-0.528531,-0.244067,0.184717,0.163361,-0.969119
3.750000,1.056799,-1.189927,0.368751,-0.034663,0.058392,-0.075721,-0.975693,-0.184580,2.973364,0.031943,0.168182,-0.162306,-0.437480,2.614576,-0.409474,-1.224541,0.000988,2.555348,0.210175,0.154761,0.210960,-0.195895,0.189093,-0.161107,-0.205414,0.192562,0.076390,0.132535,-0.059920,-0.035607,-0.128376,-0.254700,0.075265,-0.035519,67.839187,-5.144127,-34.216991,2.037833,18.107015,0.000042,0.551072,-0.833628,-0.037217,-0.814024,-0.527233,-0.243700,0.183533,0.164592,-0.969136
3.760000,1.056451,-1.189342,0.367993,-0.034808,0.058637,-0.076038,-0.977093,-0.183370,2.972127,0.032298,0.168864,-0.162838,-0.435925,2.616699,-0.411439,-1.222654,-0.000636,2.553268,0.212108,0.155524,0.212288,-0.196485,0.188714,-0.162393,-0.207984,0.193313,0.076281,0.132801,-0.059033,-0.037820,-0.128566,-0.257040,0.075063,-0.036557,67.714105,-5.156452,-34.230188,2.052448,18.106395,0.000041,0.550056,-0.834205,-0.039246,-0.814978,-0.525930,-0.243327,0.182344,0.165828,-0.969150
3.770000,1.056103,-1.188754,0.367231,-0.034954,0.058881,-0.076356,-0.978498,-0.182155,2.970884,0.032655,0.169545,-0.163369,-0.434362,2.618835,-0.413409,-1.220770,-0.002272,2.551162,0.214048,0.156285,0.213618,-0.197066,0.188314,-0.163680,-0.210578,0.194062,0.076153,0.133052,-0.058111,-0.040060,-0.128735,-0.259387,0.074857,-0.037603,67.588198,-5.168504,-34.243714,2.066911,18.105716,0.000041,0.549033,-0.834780,-0.041283,-0.815933,-0.524623,-0.242947,0.181149,0.167070,-0.969161
3.780000,1.055752,-1.188164,0.366465,-0.035099,0.059126,-0.076673,-0.979909,-0.180935,2.969637,0.033016,0.170226,-0.163897,-0.432792,2.620985,-0.415386,-1.218891,-0.003922,2.549030,0.215997,0.157046,0.214951,-0.197638,0.187891,-0.164969,-0.213195,0.194808,0.076007,0.133288,-0.057152,-0.042328,-0.128880,-0.261739,0.074645,-0.038657,67.461465,-5.180278,-34.257571,2.081218,18.104977,0.000041,0.548004,-0.835353,-0.043326,-0.816890,-0.523312,-0.242559,0.179949,0.168316,-0.969169
3.790000,1.055401,-1.187571,0.365697,-0.035244,0.059371,-0.076990,-0.981326,-0.179710,2.968384,0.033379,0.170906,-0.164424,-0.431214,2.623148,-0.417368,-1.217017,-0.005585,2.546872,0.217952,0.157804,0.216286,-0.198199,0.187444,-0.166259,-0.215836,0.195552,0.075840,0.133508,-0.056157,-0.044622,-0.129002,-0.264098,0.074427,-0.039717,67.333902,-5.191769,-34.271763,2.095365,18.104177,0.000040,0.546968,-0.835923,-0.045377,-0.817849,-0.521996,-0.242165,0.178744,0.169568,-0.969173
3.800000,1.055047,-1.186976,0.364926,-0.035389,0.059615,-0.077307,-0.982749,-0.178480,2.967126,0.033745,0.171585,-0.164949,-0.429628,2.625324,-0.419355,-1.215147,-0.007260,2.544687,0.219915,0.158560,0.217623,-0.198751,0.186975,-0.167550,-0.218501,0.196294,0.075654,0.133712,-0.055123,-0.046943,-0.129098,-0.266462,0.074204,-0.040782,67.205506,-5.202970,-34.286291,2.109349,18.103316,0.000040,0.545926,-0.836490,-0.047435,-0.818808,-0.520676,-0.241763,0.177534,0.170825,-0.969175
3.810000,1.054693,-1.186379,0.364151,-0.035534,0.059860,-0.077624,-0.984177,-0.177245,2.965863,0.034115,0.172263,-0.165471,-0.428035,2.627513,-0.421348,-1.213282,-0.008948,2.542475,0.221885,0.159315,0.218962,-0.199291,0.186482,-0.168841,-0.221189,0.197034,0.075448,0.133899,-0.054050,-0.049291,-0.129169,-0.268832,0.073975,-0.041853,67.076276,-5.213877,-34.301159,2.123165,18.102393,0.000040,0.544876,-0.837054,-0.049501,-0.819769,-0.519352,-0.241354,0.176318,0.172087,-0.969174
3.820000,1.054337,-1.185779,0.363373,-0.035679,0.060104,-0.077941,-0.985612,-0.176004,2.964595,0.034487,0.172941,-0.165992,-0.426434,2.629716,-0.423346,-1.211423,-0.010650,2.540236,0.223863,0.160067,0.220303,-0.199821,0.185965,-0.170134,-0.223901,0.197771,0.075221,0.134069,-0.052938,-0.051666,-0.129212,-0.271206,0.073740,-0.042929,66.946208,-5.224485,-34.316371,2.136810,18.101407,0.000040,0.543820,-0.837616,-0.051573,-0.820732,-0.518023,-0.240938,0.175097,0.173355,-0.969169
3.830000,1.053979,-1.185177,0.362592,-0.035825,0.060349,-0.078258,-0.987052,-0.174759,2.963322,0.034862,0.173617,-0.166511,-0.424826,2.631933,-0.425350,-1.209569,-0.012364,2.537970,0.225848,0.160817,0.221645,-0.200338,0.185425,-0.171426,-0.226637,0.198506,0.074974,0.134220,-0.051785,-0.054068,-0.129227,-0.273584,0.073498,-0.044008,66.815300,-5.234786,-34.331927,2.150279,18.100358,0.000039,0.542757,-0.838174,-0.053653,-0.821696,-0.516691,-0.240514,0.173871,0.174627,-0.969162
3.840000,1.053620,-1.184572,0.361808,-0.035970,0.060593,-0.078575,-0.988498,-0.173509,2.962043,0.035240,0.174293,-0.167027,-0.423210,2.634163,-0.427358,-1.207720,-0.014091,2.535676,0.227841,0.161564,0.222989,-0.200844,0.184860,-0.172718,-0.229397,0.199239,0.074705,0.134352,-0.050591,-0.056497,-0.129213,-0.275966,0.073251,-0.045090,66.683551,-5.244776,-34.347832,2.163568,18.099244,0.000039,0.541687,-0.838730,-0.055739,-0.822661,-0.515354,-0.240083,0.172640,0.175905,-0.969151
3.850000,1.053260,-1.183965,0.361021,-0.036115,0.060838,-0.078892,-0.989950,-0.172253,2.960760,0.035621,0.174968,-0.167542,-0.421587,2.636406,-0.429371,-1.205877,-0.015831,2.533354,0.229840,0.162308,0.224333,-0.201338,0.184270,-0.174010,-0.232180,0.199969,0.074414,0.134465,-0.049356,-0.058953,-0.129168,-0.278351,0.072996,-0.046174,66.550957,-5.254450,-34.364087,2.176674,18.098066,0.000039,0.540611,-0.839283,-0.057833,-0.823627,-0.514013,-0.239645,0.171403,0.177188,-0.969137
3.860000,1.052898,-1.183356,0.360230,-0.036260,0.061082,-0.079209,-0.991408,-0.170993,2.959471,0.036005,0.175641,-0.168055,-0.419957,2.638663,-0.431390,-1.204041,-0.017584,2.531004,0.231847,0.163049,0.225679,-0.201819,0.183656,-0.175300,-0.234988,0.200696,0.074102,0.134558,-0.048077,-0.061437,-0.129091,-0.280739,0.072735,-0.047259,66.417516,-5.263801,-34.380696,2.189591,18.096822,0.000038,0.539527,-0.839832,-0.059934,-0.824594,-0.512668,-0.239199,0.170161,0.178476,-0.969119
3.870000,1.052535,-1.182744,0.359437,-0.036405,0.061326,-0.079526,-0.992872,-0.169728,2.958177,0.036392,0.176314,-0.168565,-0.418319,2.640933,-0.433413,-1.202211,-0.019350,2.528626,0.233861,0.163787,0.227025,-0.202286,0.183016,-0.176590,-0.237819,0.201421,0.073767,0.134629,-0.046755,-0.063947,-0.128981,-0.283129,0.072467,-0.048345,66.283227,-5.272823,-34.397660,2.202317,18.095512,0.000038,0.538437,-0.840379,-0.062041,-0.825563,-0.511319,-0.238746,0.168914,0.179769,-0.969098
3.880000,1.052170,-1.182129,0.358640,-0.036550,0.061570,-0.079842,-0.994341,-0.168457,2.956877,0.036781,0.176986,-0.169073,-0.416674,2.643217,-0.435440,-1.200387,-0.021129,2.526219,0.235883,0.164521,0.228372,-0.202740,0.182351,-0.177879,-0.240674,0.202143,0.073410,0.134679,-0.045388,-0.066484,-0.128837,-0.285521,0.072191,-0.049429,66.148087,-5.281512,-34.414983,2.214846,18.094135,0.000038,0.537340,-0.840922,-0.064156,-0.826532,-0.509966,-0.238285,0.167661,0.181067,-0.969074
3.890000,1.051804,-1.181512,0.357840,-0.036695,0.061815,-0.080159,-0.995817,-0.167181,2.955573,0.037174,0.177656,-0.169580,-0.415021,2.645514,-0.437472,-1.198570,-0.022921,2.523784,0.237911,0.165251,0.229719,-0.203180,0.181661,-0.179165,-0.243553,0.202862,0.073030,0.134707,-0.043977,-0.069049,-0.128658,-0.287915,0.071908,-0.050512,66.012095,-5.289860,-34.432666,2.227174,18.092690,0.000038,0.536236,-0.841462,-0.066277,-0.827503,-0.508608,-0.237816,0.166404,0.182370,-0.969046
3.900000,1.051436,-1.180893,0.357036,-0.036840,0.062059,-0.080476,-0.997298,-0.165901,2.954263,0.037570,0.178326,-0.170084,-0.413361,2.647825,-0.439508,-1.196761,-0.024725,2.521319,0.239947,0.165977,0.231066,-0.203605,0.180945,-0.180450,-0.246456,0.203578,0.072627,0.134711,-0.042519,-0.071640,-0.128442,-0.290309,0.071617,-0.051592,65.875248,-5.297863,-34.450711,2.239298,18.091177,0.000037,0.535124,-0.841999,-0.068406,-0.828475,-0.507247,-0.237339,0.165141,0.183678,-0.969015
3.910000,1.051067,-1.180271,0.356230,-0.036985,0.062303,-0.080792,-0.998785,-0.164615,2.952949,0.037969,0.178994,-0.170586,-0.411694,2.650149,-0.441548,-1.194959,-0.026543,2.518825,0.241990,0.166699,0.232413,-0.204015,0.180202,-0.181732,-0.249384,0.204291,0.072200,0.134692,-0.041015,-0.074258,-0.128187,-0.292703,0.071318,-0.052669,65.737545,-5.305515,-34.469122,2.251212,18.089594,0.000037,0.534006,-0.842533,-0.070541,-0.829447,-0.505882,-0.236855,0.163873,0.184992,-0.968981
3.920000,1.050696,-1.179647,0.355421,-0.037129,0.062547,-0.081109,-1.000278,-0.163324,2.951629,0.038371,0.179662,-0.171085,-0.410020,2.652486,-0.443592,-1.193165,-0.028373,2.516302,0.244040,0.167417,0.233760,-0.204410,0.179433,-0.183010,-0.252334,0.205001,0.071750,0.134647,-0.039464,-0.076902,-0.127894,-0.295096,0.071011,-0.053740,65.598984,-5.312809,-34.487900,2.262913,18.087942,0.000037,0.532881,-0.843063,-0.072683,-0.830421,-0.504513,-0.236363,0.162599,0.186310,-0.968943
3.930000,1.050324,-1.179020,0.354608,-0.037274,0.062791,-0.081425,-1.001777,-0.162029,2.950304,0.038776,0.180328,-0.171583,-0.408339,2.654837,-0.445640,-1.191378,-0.030215,2.513749,0.246097,0.168130,0.235105,-0.204788,0.178637,-0.184286,-0.255309,0.205708,0.071275,0.134577,-0.037865,-0.079573,-0.127559,-0.297488,0.070696,-0.054805,65.459563,-5.319740,-34.507048,2.274396,18.086219,0.000036,0.531749,-0.843589,-0.074831,-0.831396,-0.503140,-0.235863,0.161321,0.187634,-0.968901
3.940000,1.049951,-1.178391,0.353792,-0.037419,0.063035,-0.081741,-1.003281,-0.160728,2.948974,0.039184,0.180993,-0.172078,-0.406651,2.657202,-0.447691,-1.189600,-0.032071,2.511166,0.248161,0.168837,0.236450,-0.205151,0.177815,-0.185558,-0.258308,0.206412,0.070776,0.134481,-0.036216,-0.082270,-0.127183,-0.299879,0.070371,-0.055862,65.319282,-5.326301,-34.526567,2.285656,18.084424,0.000036,0.530610,-0.844113,-0.076986,-0.832371,-0.501764,-0.235355,0.160037,0.188963,-0.968856
3.950000,1.049576,-1.177759,0.352973,-0.037564,0.063278,-0.082057,-1.004792,-0.159422,2.947638,0.039595,0.181657,-0.172571,-0.404955,2.659580,-0.449746,-1.187830,-0.033939,2.508552,0.250232,0.169540,0.237794,-0.205496,0.176965,-0.186826,-0.261331,0.207112,0.070253,0.134357,-0.034519,-0.084993,-0.126762,-0.302267,0.070037,-0.056911,65.178139,-5.332488,-34.546459,2.296690,18.082558,0.000036,0.529464,-0.844632,-0.079148,-0.833347,-0.500383,-0.234838,0.158748,0.190296,-0.968807
3.960000,1.049200,-1.177125,0.352151,-0.037708,0.063522,-0.082373,-1.006308,-0.158111,2.946298,0.040009,0.182320,-0.173062,-0.403253,2.661971,-0.451805,-1.186070,-0.035820,2.505909,0.252311,0.170237,0.239136,-0.205824,0.176087,-0.188089,-0.264377,0.207809,0.069704,0.134205,-0.032771,-0.087743,-0.126297,-0.304651,0.069694,-0.057950,65.036133,-5.338293,-34.566726,2.307492,18.080618,0.000035,0.528311,-0.845148,-0.081317,-0.834324,-0.498999,-0.234314,0.157453,0.191635,-0.968754
3.970000,1.048822,-1.176489,0.351326,-0.037853,0.063766,-0.082689,-1.007830,-0.156795,2.944952,0.040426,0.182981,-0.173550,-0.401543,2.664376,-0.453866,-1.184318,-0.037714,2.503234,0.254396,0.170928,0.240476,-0.206133,0.175182,-0.189346,-0.267448,0.208503,0.069131,0.134024,-0.030972,-0.090518,-0.125785,-0.307032,0.069341,-0.058977,64.893262,-5.343711,-34.587369,2.318059,18.078605,0.000035,0.527150,-0.845661,-0.083492,-0.835302,-0.497612,-0.233782,0.156154,0.192979,-0.968698
3.980000,1.048442,-1.175850,0.350497,-0.037998,0.064009,-0.083005,-1.009358,-0.155474,2.943601,0.040846,0.183641,-0.174036,-0.399827,2.666794,-0.455930,-1.182575,-0.039620,2.500529,0.256488,0.171614,0.241814,-0.206424,0.174249,-0.190599,-0.270542,0.209193,0.068533,0.133812,-0.029122,-0.093318,-0.125225,-0.309408,0.068978,-0.059992,64.749526,-5.348736,-34.608391,2.328385,18.076518,0.000035,0.525983,-0.846169,-0.085673,-0.836280,-0.496220,-0.233241,0.154849,0.194328,-0.968638
3.990000,1.048062,-1.175209,0.349666,-0.038142,0.064253,-0.083321,-1.010892,-0.154148,2.942246,0.041269,0.184300,-0.174520,-0.398104,2.669226,-0.457997,-1.180842,-0.041538,2.497792,0.258586,0.172293,0.243150,-0.206697,0.173287,-0.191845,-0.273660,0.209879,0.067909,0.133570,-0.027220,-0.096144,-0.124615,-0.311778,0.068605,-0.060993,64.604924,-5.353363,-34.629793,2.338466,18.074355,0.000035,0.524808,-0.846674,-0.087861,-0.837259,-0.494825,-0.232692,0.153539,0.195681,-0.968574
4.000000,1.047680,-1.174565,0.348831,-0.038286,0.064496,-0.083636,-1.012431,-0.152817,2.940884,0.041696,0.184957,-0.175002,-0.396375,2.671671,-0.460067,-1.179119,-0.043469,2.495024,0.260692,0.172965,0.244483,-0.206949,0.172297,-0.193084,-0.276801,0.210561,0.067260,0.133295,-0.025265,-0.098995,-0.123955,-0.314142,0.068221,-0.061978,64.459456,-5.357584,-34.651577,2.348298,18.072117,0.000034,0.523626,-0.847175,-0.090056,-0.838238,-0.493426,-0.232135,0.152223,0.197040,-0.968506
4.010000,1.047296,-1.173919,0.347993,-0.038431,0.064739,-0.083952,-1.013976,-0.151481,2.939518,0.042125,0.185613,-0.175481,-0.394638,2.674129,-0.462138,-1.177407,-0.045412,2.492224,0.262804,0.173631,0.245813,-0.207182,0.171279,-0.194317,-0.279966,0.211239,0.066585,0.132987,-0.023257,-0.101870,-0.123241,-0.316499,0.067826,-0.062946,64.313120,-5.361394,-34.673743,2.357876,18.069803,0.000034,0.522437,-0.847672,-0.092256,-0.839219,-0.492024,-0.231569,0.150903,0.198404,-0.968434
4.020000,1.046911,-1.173270,0.347152,-0.038575,0.064982,-0.084267,-1.015528,-0.150140,2.938147,0.042558,0.186268,-0.175958,-0.392896,2.676600,-0.464212,-1.175704,-0.047368,2.489393,0.264923,0.174290,0.247139,-0.207394,0.170231,-0.195541,-0.283154,0.211913,0.065885,0.132646,-0.021196,-0.104770,-0.122473,-0.318847,0.067420,-0.063895,64.165916,-5.364788,-34.696293,2.367195,18.067411,0.000034,0.521241,-0.848165,-0.094463,-0.840199,-0.490619,-0.230995,0.149577,0.199772,-0.968358
4.030000,1.046525,-1.172619,0.346308,-0.038719,0.065225,-0.084582,-1.017085,-0.148794,2.936770,0.042993,0.186921,-0.176432,-0.391146,2.679085,-0.466288,-1.174013,-0.049335,2.486529,0.267049,0.174942,0.248462,-0.207585,0.169154,-0.196758,-0.286366,0.212583,0.065158,0.132269,-0.019080,-0.107693,-0.121650,-0.321187,0.067002,-0.064824,64.017844,-5.367758,-34.719227,2.376250,18.064941,0.000033,0.520038,-0.848655,-0.096677,-0.841180,-0.489209,-0.230413,0.148246,0.201146,-0.968279
4.040000,1.046137,-1.171966,0.345460,-0.038864,0.065468,-0.084897,-1.018647,-0.147443,2.935389,0.043432,0.187573,-0.176904,-0.389390,2.681582,-0.468366,-1.172332,-0.051315,2.483633,0.269182,0.175586,0.249781,-0.207754,0.168048,-0.197966,-0.289601,0.213249,0.064406,0.131856,-0.016910,-0.110641,-0.120769,-0.323516,0.066572,-0.065730,63.868905,-5.370300,-34.742548,2.385038,18.062392,0.000033,0.518827,-0.849140,-0.098896,-0.842162,-0.487797,-0.229822,0.146909,0.202524,-0.968195
4.050000,1.045747,-1.171310,0.344610,-0.039008,0.065711,-0.085212,-1.020216,-0.146087,2.934002,0.043874,0.188223,-0.177373,-0.387628,2.684093,-0.470445,-1.170663,-0.053306,2.480705,0.271321,0.176222,0.251095,-0.207901,0.166912,-0.199164,-0.292860,0.213910,0.063628,0.131406,-0.014685,-0.113611,-0.119828,-0.325835,0.066129,-0.066614,63.719098,-5.372408,-34.766256,2.393553,18.059763,0.000033,0.517609,-0.849621,-0.101122,-0.843143,-0.486381,-0.229222,0.145568,0.203908,-0.968107
4.060000,1.045356,-1.170651,0.343756,-0.039152,0.065953,-0.085526,-1.021790,-0.144726,2.932610,0.044319,0.188872,-0.177840,-0.385860,2.686617,-0.472525,-1.169006,-0.055310,2.477743,0.273467,0.176850,0.252404,-0.208025,0.165746,-0.200352,-0.296141,0.214567,0.062825,0.130917,-0.012405,-0.116604,-0.118827,-0.328141,0.065673,-0.067471,63.568423,-5.374075,-34.790352,2.401790,18.057055,0.000032,0.516384,-0.850097,-0.103354,-0.844126,-0.484962,-0.228613,0.144221,0.205296,-0.968015
4.070000,1.044964,-1.169991,0.342899,-0.039296,0.066196,-0.085841,-1.023371,-0.143359,2.931213,0.044767,0.189519,-0.178305,-0.384085,2.689155,-0.474606,-1.167360,-0.057325,2.474749,0.275619,0.177470,0.253708,-0.208125,0.164549,-0.201530,-0.299446,0.215219,0.061995,0.130389,-0.010069,-0.119619,-0.117764,-0.330435,0.065205,-0.068302,63.416881,-5.375295,-34.814835,2.409745,18.054265,0.000032,0.515152,-0.850570,-0.105592,-0.845108,-0.483539,-0.227996,0.142869,0.206689,-0.967919
4.080000,1.044571,-1.169328,0.342039,-0.039439,0.066438,-0.086155,-1.024957,-0.141988,2.929811,0.045218,0.190165,-0.178767,-0.382304,2.691705,-0.476688,-1.165727,-0.059352,2.471721,0.277777,0.178082,0.255006,-0.208202,0.163323,-0.202696,-0.302773,0.215866,0.061140,0.129821,-0.007677,-0.122656,-0.116637,-0.332715,0.064722,-0.069104,63.264472,-5.376064,-34.839707,2.417413,18.051394,0.000032,0.513912,-0.851038,-0.107836,-0.846091,-0.482114,-0.227370,0.141512,0.208087,-0.967819
4.090000,1.044175,-1.168662,0.341176,-0.039583,0.066680,-0.086469,-1.026548,-0.140612,2.928404,0.045673,0.190809,-0.179227,-0.380517,2.694268,-0.478771,-1.164106,-0.061391,2.468660,0.279943,0.178684,0.256298,-0.208254,0.162066,-0.203851,-0.306122,0.216509,0.060259,0.129211,-0.005229,-0.125714,-0.115443,-0.334979,0.064226,-0.069874,63.111198,-5.376375,-34.864969,2.424789,18.048440,0.000031,0.512665,-0.851502,-0.110085,-0.847073,-0.480685,-0.226735,0.140149,0.209490,-0.967715
4.100000,1.043779,-1.167994,0.340310,-0.039727,0.066922,-0.086783,-1.028146,-0.139231,2.926991,0.046130,0.191452,-0.179684,-0.378724,2.696843,-0.480854,-1.162499,-0.063441,2.465565,0.282114,0.179278,0.257584,-0.208282,0.160778,-0.204992,-0.309495,0.217146,0.059352,0.128557,-0.002725,-0.128792,-0.114183,-0.337227,0.063715,-0.070612,62.957059,-5.376222,-34.890619,2.431869,18.045403,0.000031,0.511410,-0.851962,-0.112341,-0.848056,-0.479253,-0.226092,0.138782,0.210897,-0.967606
4.110000,1.043381,-1.167323,0.339440,-0.039870,0.067164,-0.087096,-1.029749,-0.137845,2.925574,0.046591,0.192092,-0.180138,-0.376926,2.699432,-0.482936,-1.160904,-0.065502,2.462436,0.284292,0.179862,0.258862,-0.208283,0.159459,-0.206121,-0.312889,0.217778,0.058420,0.127860,-0.000165,-0.131890,-0.112853,-0.339457,0.063190,-0.071316,62.802057,-5.375600,-34.916659,2.438647,18.042282,0.000031,0.510148,-0.852417,-0.114603,-0.849039,-0.477818,-0.225439,0.137409,0.212310,-0.967493
4.120000,1.042982,-1.166651,0.338568,-0.040014,0.067406,-0.087410,-1.031358,-0.136453,2.924151,0.047055,0.192732,-0.180590,-0.375121,2.702033,-0.485019,-1.159323,-0.067574,2.459273,0.286476,0.180437,0.260133,-0.208259,0.158109,-0.207236,-0.316306,0.218404,0.057463,0.127117,0.002451,-0.135008,-0.111453,-0.341669,0.062649,-0.071983,62.646193,-5.374503,-34.943088,2.445119,18.039075,0.000030,0.508879,-0.852868,-0.116870,-0.850022,-0.476380,-0.224777,0.136030,0.213727,-0.967376
4.130000,1.042581,-1.165975,0.337692,-0.040157,0.067648,-0.087723,-1.032973,-0.135057,2.922723,0.047522,0.193369,-0.181039,-0.373311,2.704647,-0.487101,-1.157756,-0.069658,2.456076,0.288666,0.181001,0.261397,-0.208208,0.156727,-0.208335,-0.319745,0.219025,0.056481,0.126328,0.005124,-0.138144,-0.109980,-0.343861,0.062093,-0.072611,62.489468,-5.372926,-34.969906,2.451280,18.035784,0.000030,0.507603,-0.853314,-0.119144,-0.851005,-0.474939,-0.224106,0.134647,0.215149,-0.967254
4.140000,1.042178,-1.165298,0.336813,-0.040301,0.067889,-0.088036,-1.034594,-0.133656,2.921290,0.047992,0.194005,-0.181486,-0.371496,2.707274,-0.489182,-1.156202,-0.071752,2.452843,0.290862,0.181556,0.262651,-0.208129,0.155314,-0.209420,-0.323205,0.219640,0.055475,0.125491,0.007852,-0.141298,-0.108434,-0.346031,0.061520,-0.073199,62.331885,-5.370864,-34.997113,2.457125,18.032406,0.000030,0.506319,-0.853755,-0.121423,-0.851988,-0.473495,-0.223426,0.133259,0.216576,-0.967128
4.150000,1.041775,-1.164618,0.335931,-0.040444,0.068130,-0.088349,-1.036220,-0.132250,2.919853,0.048466,0.194639,-0.181930,-0.369675,2.709913,-0.491263,-1.154664,-0.073857,2.449577,0.293065,0.182101,0.263898,-0.208023,0.153870,-0.210488,-0.326687,0.220250,0.054444,0.124605,0.010637,-0.144469,-0.106811,-0.348178,0.060931,-0.073744,62.173446,-5.368310,-35.024707,2.462649,18.028941,0.000029,0.505027,-0.854192,-0.123707,-0.852971,-0.472048,-0.222737,0.131865,0.218007,-0.966998
4.160000,1.041369,-1.163935,0.335046,-0.040587,0.068371,-0.088662,-1.037853,-0.130839,2.918409,0.048943,0.195271,-0.182372,-0.367849,2.712564,-0.493342,-1.153140,-0.075972,2.446275,0.295273,0.182634,0.265134,-0.207888,0.152393,-0.211539,-0.330190,0.220853,0.053389,0.123668,0.013477,-0.147657,-0.105112,-0.350302,0.060325,-0.074245,62.014152,-5.365260,-35.052689,2.467848,18.025388,0.000029,0.503728,-0.854624,-0.125997,-0.853953,-0.470598,-0.222039,0.130466,0.219443,-0.966863
4.170000,1.040963,-1.163250,0.334158,-0.040730,0.068612,-0.088974,-1.039491,-0.129423,2.916961,0.049422,0.195901,-0.182811,-0.366017,2.715228,-0.495419,-1.151631,-0.078098,2.442938,0.297488,0.183158,0.266361,-0.207724,0.150885,-0.212572,-0.333714,0.221450,0.052311,0.122680,0.016372,-0.150860,-0.103333,-0.352400,0.059702,-0.074699,61.854008,-5.361709,-35.081058,2.472716,18.021746,0.000028,0.502422,-0.855051,-0.128293,-0.854936,-0.469145,-0.221331,0.129062,0.220884,-0.966723
4.180000,1.040555,-1.162563,0.333267,-0.040873,0.068853,-0.089286,-1.041134,-0.128001,2.915508,0.049905,0.196530,-0.183247,-0.364180,2.717904,-0.497494,-1.150138,-0.080234,2.439565,0.299708,0.183670,0.267577,-0.207531,0.149344,-0.213587,-0.337258,0.222040,0.051209,0.121639,0.019322,-0.154077,-0.101475,-0.354471,0.059061,-0.075104,61.693015,-5.357651,-35.109811,2.477249,18.018015,0.000028,0.501108,-0.855474,-0.130594,-0.855918,-0.467690,-0.220614,0.127652,0.222330,-0.966579
4.190000,1.040145,-1.161873,0.332372,-0.041016,0.069094,-0.089598,-1.042784,-0.126575,2.914050,0.050392,0.197156,-0.183681,-0.362339,2.720591,-0.499567,-1.148660,-0.082379,2.436157,0.301935,0.184170,0.268783,-0.207308,0.147771,-0.214582,-0.340824,0.222624,0.050085,0.120544,0.022326,-0.157309,-0.099534,-0.356514,0.058402,-0.075458,61.531177,-5.353081,-35.138949,2.481442,18.014194,0.000028,0.499787,-0.855892,-0.132901,-0.856900,-0.466232,-0.219888,0.126238,0.223780,-0.966430
4.200000,1.039735,-1.161181,0.331475,-0.041158,0.069334,-0.089910,-1.044439,-0.125144,2.912586,0.050881,0.197781,-0.184111,-0.360492,2.723291,-0.501638,-1.147198,-0.084535,2.432713,0.304167,0.184660,0.269977,-0.207054,0.146165,-0.215557,-0.344409,0.223202,0.048939,0.119394,0.025383,-0.160553,-0.097510,-0.358527,0.057724,-0.075759,61.368496,-5.347995,-35.168469,2.485289,18.010282,0.000027,0.498458,-0.856304,-0.135213,-0.857881,-0.464771,-0.219152,0.124818,0.225235,-0.966276
4.210000,1.039322,-1.160486,0.330574,-0.041301,0.069574,-0.090221,-1.046100,-0.123708,2.911118,0.051374,0.198403,-0.184540,-0.358641,2.726003,-0.503705,-1.145753,-0.086700,2.429233,0.306404,0.185138,0.271159,-0.206769,0.144527,-0.216511,-0.348014,0.223772,0.047771,0.118187,0.028494,-0.163808,-0.095401,-0.360508,0.057027,-0.076005,61.204978,-5.342388,-35.198371,2.488787,18.006278,0.000027,0.497122,-0.856712,-0.137530,-0.858862,-0.463308,-0.218407,0.123393,0.226694,-0.966118
4.220000,1.038909,-1.159789,0.329670,-0.041443,0.069814,-0.090533,-1.047767,-0.122267,2.909644,0.051870,0.199024,-0.184965,-0.356785,2.728726,-0.505770,-1.144324,-0.088875,2.425716,0.308648,0.185603,0.272328,-0.206452,0.142856,-0.217443,-0.351638,0.224335,0.046582,0.116922,0.031656,-0.167075,-0.093205,-0.362457,0.056311,-0.076194,61.040626,-5.336256,-35.228651,2.491930,18.002182,0.000027,0.495778,-0.857115,-0.139852,-0.859843,-0.461842,-0.217652,0.121963,0.228158,-0.965955
4.230000,1.038493,-1.159090,0.328764,-0.041586,0.070054,-0.090843,-1.049440,-0.120821,2.908166,0.052369,0.199643,-0.185388,-0.354924,2.731461,-0.507831,-1.142913,-0.091058,2.422163,0.310897,0.186057,0.273484,-0.206104,0.141153,-0.218353,-0.355282,0.224891,0.045373,0.115598,0.034870,-0.170351,-0.090922,-0.364370,0.055575,-0.076324,60.875445,-5.329593,-35.259309,2.494714,17.997992,0.000026,0.494426,-0.857512,-0.142180,-0.860823,-0.460374,-0.216887,0.120527,0.229627,-0.965787
4.240000,1.038077,-1.158388,0.327854,-0.041728,0.070293,-0.091154,-1.051118,-0.119370,2.906682,0.052871,0.200260,-0.185807,-0.353059,2.734207,-0.509888,-1.141519,-0.093250,2.418574,0.313151,0.186499,0.274626,-0.205722,0.139416,-0.219238,-0.358945,0.225439,0.044145,0.114213,0.038133,-0.173635,-0.088550,-0.366247,0.054819,-0.076392,60.709438,-5.322396,-35.290343,2.497133,17.993708,0.000026,0.493067,-0.857905,-0.144513,-0.861802,-0.458903,-0.216113,0.119087,0.231100,-0.965614
4.250000,1.037659,-1.157684,0.326941,-0.041870,0.070533,-0.091464,-1.052802,-0.117914,2.905193,0.053377,0.200874,-0.186225,-0.351190,2.736965,-0.511941,-1.140142,-0.095451,2.414948,0.315411,0.186928,0.275754,-0.205308,0.137647,-0.220099,-0.362626,0.225979,0.042898,0.112766,0.041446,-0.176927,-0.086088,-0.368085,0.054041,-0.076396,60.542611,-5.314661,-35.321749,2.499183,17.989330,0.000026,0.491701,-0.858292,-0.146851,-0.862781,-0.457430,-0.215329,0.117641,0.232577,-0.965437
4.260000,1.037239,-1.156978,0.326024,-0.042012,0.070772,-0.091775,-1.054491,-0.116454,2.903699,0.053886,0.201487,-0.186639,-0.349316,2.739733,-0.513990,-1.138784,-0.097661,2.411284,0.317676,0.187344,0.276866,-0.204860,0.135845,-0.220934,-0.366324,0.226512,0.041632,0.111256,0.044806,-0.180225,-0.083534,-0.369884,0.053243,-0.076335,60.374970,-5.306383,-35.353525,2.500859,17.984855,0.000025,0.490326,-0.858674,-0.149193,-0.863759,-0.455955,-0.214535,0.116191,0.234060,-0.965254
4.270000,1.036819,-1.156269,0.325105,-0.042154,0.071011,-0.092084,-1.056187,-0.114988,2.902201,0.054398,0.202097,-0.187050,-0.347439,2.742513,-0.516034,-1.137444,-0.099878,2.407584,0.319946,0.187747,0.277963,-0.204378,0.134010,-0.221743,-0.370041,0.227036,0.040350,0.109682,0.048213,-0.183527,-0.080887,-0.371641,0.052424,-0.076206,60.206520,-5.297559,-35.385668,2.502157,17.980285,0.000025,0.488945,-0.859051,-0.151541,-0.864736,-0.454477,-0.213732,0.114735,0.235546,-0.965067
4.280000,1.036396,-1.155558,0.324183,-0.042296,0.071249,-0.092394,-1.057888,-0.113517,2.900697,0.054913,0.202705,-0.187459,-0.345557,2.745303,-0.518072,-1.136122,-0.102103,2.403846,0.322222,0.188138,0.279043,-0.203861,0.132141,-0.222525,-0.373774,0.227552,0.039051,0.108042,0.051664,-0.186833,-0.078147,-0.373354,0.051582,-0.076007,60.037268,-5.288185,-35.418176,2.503071,17.975617,0.000024,0.487555,-0.859422,-0.153894,-0.865713,-0.452997,-0.212919,0.113273,0.237037,-0.964874
4.290000,1.035973,-1.154844,0.323257,-0.042437,0.071488,-0.092703,-1.059595,-0.112041,2.899188,0.055432,0.203311,-0.187865,-0.343672,2.748104,-0.520105,-1.134820,-0.104336,2.400071,0.324502,0.188515,0.280107,-0.203309,0.130240,-0.223278,-0.377525,0.228059,0.037737,0.106335,0.055159,-0.190142,-0.075312,-0.375022,0.050718,-0.075736,59.867219,-5.278258,-35.451045,2.503596,17.970851,0.000024,0.486158,-0.859788,-0.156251,-0.866689,-0.451515,-0.212095,0.111807,0.238533,-0.964677
4.300000,1.035548,-1.154128,0.322329,-0.042579,0.071726,-0.093012,-1.061307,-0.110561,2.897674,0.055954,0.203915,-0.188268,-0.341783,2.750916,-0.522133,-1.133537,-0.106576,2.396258,0.326788,0.188879,0.281152,-0.202722,0.128305,-0.224002,-0.381291,0.228557,0.036409,0.104560,0.058696,-0.193451,-0.072382,-0.376642,0.049832,-0.075391,59.696381,-5.267774,-35.484272,2.503729,17.965986,0.000024,0.484753,-0.860149,-0.158613,-0.867664,-0.450031,-0.211262,0.110336,0.240033,-0.964474
4.310000,1.035121,-1.153409,0.321397,-0.042720,0.071964,-0.093321,-1.063025,-0.109075,2.896155,0.056479,0.204517,-0.188668,-0.339891,2.753738,-0.524154,-1.132273,-0.108823,2.392407,0.329078,0.189230,0.282180,-0.202100,0.126338,-0.224695,-0.385073,0.229047,0.035067,0.102716,0.062272,-0.196760,-0.069355,-0.378213,0.048923,-0.074971,59.524761,-5.256731,-35.517854,2.503465,17.961022,0.000023,0.483341,-0.860504,-0.160980,-0.868637,-0.448545,-0.210419,0.108859,0.241537,-0.964266
4.320000,1.034693,-1.152688,0.320462,-0.042861,0.072202,-0.093629,-1.064749,-0.107585,2.894631,0.057007,0.205116,-0.189065,-0.337995,2.756570,-0.526168,-1.131030,-0.111077,2.388519,0.331374,0.189567,0.283188,-0.201441,0.124337,-0.225358,-0.388870,0.229527,0.033713,0.100801,0.065886,-0.200067,-0.066231,-0.379732,0.047991,-0.074473,59.352367,-5.245126,-35.551785,2.502798,17.955957,0.000023,0.481921,-0.860853,-0.163351,-0.869610,-0.447057,-0.209565,0.107378,0.243046,-0.964053
4.330000,1.034264,-1.151965,0.319524,-0.043002,0.072440,-0.093937,-1.066479,-0.106090,2.893102,0.057539,0.205713,-0.189459,-0.336097,2.759411,-0.528175,-1.129807,-0.113337,2.384592,0.333674,0.189891,0.284176,-0.200746,0.122303,-0.225988,-0.392682,0.229997,0.032348,0.098814,0.069536,-0.203370,-0.063009,-0.381198,0.047035,-0.073895,59.179207,-5.232956,-35.586063,2.501725,17.950791,0.000023,0.480493,-0.861197,-0.165727,-0.870582,-0.445567,-0.208702,0.105891,0.244559,-0.963835
4.340000,1.033833,-1.151240,0.318583,-0.043143,0.072677,-0.094245,-1.068214,-0.104589,2.891567,0.058073,0.206307,-0.189851,-0.334195,2.762263,-0.530176,-1.128605,-0.115602,2.380627,0.335978,0.190200,0.285143,-0.200013,0.120237,-0.226585,-0.396508,0.230457,0.030973,0.096755,0.073220,-0.206668,-0.059690,-0.382609,0.046055,-0.073237,59.005289,-5.220219,-35.620684,2.500240,17.945523,0.000022,0.479058,-0.861535,-0.168108,-0.871553,-0.444076,-0.207828,0.104399,0.246076,-0.963612
4.350000,1.033401,-1.150512,0.317639,-0.043284,0.072914,-0.094552,-1.069955,-0.103084,2.890028,0.058612,0.206900,-0.190239,-0.332290,2.765124,-0.532168,-1.127423,-0.117874,2.376623,0.338287,0.190496,0.286089,-0.199244,0.118137,-0.227147,-0.400348,0.230908,0.029589,0.094622,0.076934,-0.209960,-0.056271,-0.383962,0.045051,-0.072495,58.830623,-5.206913,-35.655641,2.498340,17.940153,0.000022,0.477615,-0.861868,-0.170492,-0.872522,-0.442582,-0.206944,0.102902,0.247598,-0.963383
4.360000,1.032968,-1.149781,0.316692,-0.043424,0.073151,-0.094859,-1.071702,-0.101574,2.888484,0.059153,0.207489,-0.190625,-0.330382,2.767994,-0.534152,-1.126263,-0.120151,2.372581,0.340601,0.190778,0.287014,-0.198437,0.116005,-0.227675,-0.404201,0.231348,0.028197,0.092414,0.080678,-0.213243,-0.052754,-0.385255,0.044023,-0.071668,58.655218,-5.193037,-35.690932,2.496019,17.934678,0.000021,0.476164,-0.862195,-0.172881,-0.873491,-0.441087,-0.206050,0.101400,0.249124,-0.963149
4.370000,1.032533,-1.149049,0.315742,-0.043565,0.073387,-0.095166,-1.073454,-0.100059,2.886935,0.059698,0.208077,-0.191007,-0.328471,2.770873,-0.536128,-1.125125,-0.122432,2.368501,0.342919,0.191046,0.287915,-0.197593,0.113840,-0.228166,-0.408065,0.231778,0.026800,0.090131,0.084448,-0.216516,-0.049138,-0.386487,0.042970,-0.070755,58.479084,-5.178588,-35.726551,2.493274,17.929100,0.000021,0.474705,-0.862516,-0.175275,-0.874458,-0.439590,-0.205146,0.099892,0.250654,-0.962909
4.380000,1.032096,-1.148314,0.314789,-0.043705,0.073623,-0.095472,-1.075212,-0.098540,2.885381,0.060245,0.208662,-0.191387,-0.326558,2.773761,-0.538095,-1.124008,-0.124719,2.364381,0.345241,0.191300,0.288793,-0.196710,0.111642,-0.228620,-0.411942,0.232197,0.025397,0.087770,0.088241,-0.219778,-0.045423,-0.387655,0.041893,-0.069754,58.302231,-5.163565,-35.762492,2.490100,17.923416,0.000021,0.473239,-0.862831,-0.177672,-0.875423,-0.438091,-0.204231,0.098380,0.252188,-0.962664
4.390000,1.031658,-1.147576,0.313833,-0.043845,0.073859,-0.095778,-1.076975,-0.097015,2.883822,0.060797,0.209244,-0.191763,-0.324643,2.776657,-0.540053,-1.122914,-0.127009,2.360223,0.347567,0.191540,0.289646,-0.195790,0.109412,-0.229037,-0.415830,0.232605,0.023990,0.085332,0.092056,-0.223027,-0.041609,-0.388757,0.040791,-0.068664,58.124671,-5.147968,-35.798751,2.486493,17.917626,0.000020,0.471765,-0.863140,-0.180074,-0.876388,-0.436591,-0.203306,0.096863,0.253727,-0.962414
4.400000,1.031219,-1.146836,0.312873,-0.043985,0.074095,-0.096084,-1.078744,-0.095485,2.882258,0.061351,0.209824,-0.192137,-0.322725,2.779562,-0.542002,-1.121843,-0.129303,2.356026,0.349897,0.191766,0.290474,-0.194831,0.107149,-0.229413,-0.419728,0.233001,0.022581,0.082815,0.095888,-0.226261,-0.037696,-0.389790,0.039663,-0.067484,57.946416,-5.131796,-35.835321,2.482449,17.911729,0.000020,0.470283,-0.863444,-0.182480,-0.877350,-0.435089,-0.202370,0.095340,0.255270,-0.962158
4.410000,1.030779,-1.146094,0.311911,-0.044125,0.074331,-0.096389,-1.080519,-0.093951,2.880689,0.061909,0.210401,-0.192507,-0.320806,2.782475,-0.543940,-1.120794,-0.131601,2.351789,0.352230,0.191978,0.291276,-0.193834,0.104854,-0.229750,-0.423635,0.233387,0.021171,0.080219,0.099735,-0.229478,-0.033686,-0.390754,0.038511,-0.066211,57.767477,-5.115049,-35.872198,2.477963,17.905724,0.000019,0.468794,-0.863741,-0.184889,-0.878312,-0.433586,-0.201424,0.093813,0.256817,-0.961896
4.420000,1.030337,-1.145350,0.310946,-0.044264,0.074566,-0.096694,-1.082300,-0.092412,2.879114,0.062470,0.210976,-0.192874,-0.318884,2.785395,-0.545868,-1.119769,-0.133901,2.347514,0.354568,0.192175,0.292052,-0.192798,0.102527,-0.230046,-0.427551,0.233760,0.019762,0.077543,0.103593,-0.232676,-0.029577,-0.391644,0.037334,-0.064846,57.587866,-5.097726,-35.909374,2.473032,17.899612,0.000019,0.467296,-0.864032,-0.187303,-0.879272,-0.432082,-0.200467,0.092280,0.258368,-0.961629
4.430000,1.029894,-1.144603,0.309977,-0.044404,0.074801,-0.096999,-1.084086,-0.090867,2.877535,0.063034,0.211548,-0.193239,-0.316960,2.788323,-0.547785,-1.118767,-0.136204,2.343199,0.356909,0.192359,0.292800,-0.191723,0.100169,-0.230300,-0.431476,0.234121,0.018354,0.074786,0.107460,-0.235855,-0.025372,-0.392461,0.036131,-0.063387,57.407598,-5.079827,-35.946844,2.467651,17.893389,0.000019,0.465791,-0.864317,-0.189720,-0.880230,-0.430576,-0.199500,0.090742,0.259923,-0.961356
4.440000,1.029449,-1.143854,0.309006,-0.044543,0.075035,-0.097303,-1.085877,-0.089318,2.875951,0.063601,0.212117,-0.193600,-0.315035,2.791259,-0.549691,-1.117790,-0.138509,2.338845,0.359254,0.192528,0.293519,-0.190610,0.097779,-0.230511,-0.435408,0.234470,0.016950,0.071948,0.111332,-0.239011,-0.021071,-0.393200,0.034903,-0.061833,57.226685,-5.061355,-35.984600,2.461817,17.887057,0.000018,0.464278,-0.864597,-0.192141,-0.881186,-0.429069,-0.198522,0.089200,0.261482,-0.961078
4.450000,1.029003,-1.143102,0.308031,-0.044682,0.075270,-0.097607,-1.087675,-0.087764,2.874362,0.064172,0.212684,-0.193958,-0.313108,2.794201,-0.551586,-1.116836,-0.140816,2.334451,0.361602,0.192684,0.294209,-0.189458,0.095357,-0.230677,-0.439347,0.234807,0.015550,0.069028,0.115205,-0.242143,-0.016676,-0.393860,0.033650,-0.060184,57.045143,-5.042308,-36.022637,2.455526,17.880614,0.000018,0.462758,-0.864870,-0.194566,-0.882141,-0.427561,-0.197533,0.087652,0.263045,-0.960794
4.460000,1.028555,-1.142348,0.307054,-0.044821,0.075504,-0.097910,-1.089478,-0.086206,2.872769,0.064746,0.213248,-0.194313,-0.311180,2.797149,-0.553468,-1.115907,-0.143124,2.330018,0.363953,0.192825,0.294870,-0.188267,0.092905,-0.230799,-0.443291,0.235130,0.014157,0.066026,0.119076,-0.245250,-0.012186,-0.394439,0.032371,-0.058439,56.862986,-5.022689,-36.060948,2.448774,17.874059,0.000017,0.461229,-0.865136,-0.196994,-0.883094,-0.426052,-0.196534,0.086099,0.264612,-0.960504
4.470000,1.028106,-1.141592,0.306073,-0.044960,0.075737,-0.098213,-1.091286,-0.084642,2.871170,0.065323,0.213809,-0.194665,-0.309250,2.800104,-0.555339,-1.115003,-0.145433,2.325546,0.366308,0.192953,0.295499,-0.187037,0.090421,-0.230875,-0.447240,0.235441,0.012771,0.062941,0.122941,-0.248328,-0.007605,-0.394935,0.031068,-0.056597,56.680230,-5.002500,-36.099524,2.441557,17.867392,0.000017,0.459693,-0.865397,-0.199426,-0.884045,-0.424541,-0.195524,0.084541,0.266183,-0.960208
4.480000,1.027656,-1.140834,0.305089,-0.045098,0.075971,-0.098516,-1.093100,-0.083074,2.869566,0.065904,0.214368,-0.195014,-0.307320,2.803065,-0.557197,-1.114124,-0.147742,2.321034,0.368665,0.193067,0.296097,-0.185770,0.087908,-0.230905,-0.451194,0.235738,0.011395,0.059773,0.126796,-0.251378,-0.002932,-0.395345,0.029740,-0.054658,56.496890,-4.981742,-36.138359,2.433872,17.860611,0.000016,0.458149,-0.865651,-0.201862,-0.884994,-0.423030,-0.194503,0.082978,0.267758,-0.959906
4.490000,1.027204,-1.140073,0.304103,-0.045236,0.076204,-0.098818,-1.094920,-0.081501,2.867957,0.066488,0.214923,-0.195360,-0.305388,2.806032,-0.559041,-1.113270,-0.150051,2.316483,0.371025,0.193167,0.296662,-0.184463,0.085364,-0.230886,-0.455151,0.236022,0.010029,0.056523,0.130637,-0.254395,0.001829,-0.395667,0.028387,-0.052621,56.312985,-4.960417,-36.177445,2.425716,17.853716,0.000016,0.456597,-0.865899,-0.204300,-0.885941,-0.421518,-0.193471,0.081410,0.269336,-0.959599
4.500000,1.026751,-1.139310,0.303113,-0.045375,0.076436,-0.099120,-1.096745,-0.079923,2.866343,0.067075,0.215476,-0.195703,-0.303455,2.809004,-0.560872,-1.112442,-0.152359,2.311892,0.373388,0.193254,0.297194,-0.183119,0.082790,-0.230819,-0.459110,0.236292,0.008675,0.053189,0.134461,-0.257380,0.006677,-0.395899,0.027009,-0.050488,56.128530,-4.938529,-36.216774,2.417086,17.846707,0.000016,0.455037,-0.866140,-0.206742,-0.886886,-0.420005,-0.192429,0.079838,0.270919,-0.959286
4.510000,1.026297,-1.138544,0.302120,-0.045513,0.076669,-0.099422,-1.098576,-0.078340,2.864725,0.067665,0.216026,-0.196042,-0.301522,2.811981,-0.562690,-1.111640,-0.154666,2.307261,0.375754,0.193327,0.297692,-0.181736,0.080187,-0.230703,-0.463070,0.236549,0.007335,0.049771,0.138264,-0.260330,0.011610,-0.396040,0.025608,-0.048257,55.943544,-4.916081,-36.256338,2.407977,17.839581,0.000015,0.453470,-0.866375,-0.209187,-0.887829,-0.418491,-0.191375,0.078260,0.272506,-0.958966
4.520000,1.025841,-1.137776,0.301125,-0.045650,0.076901,-0.099723,-1.100412,-0.076752,2.863101,0.068259,0.216573,-0.196378,-0.299588,2.814962,-0.564493,-1.110865,-0.156971,2.302591,0.378122,0.193388,0.298154,-0.180316,0.077554,-0.230537,-0.467031,0.236790,0.006011,0.046271,0.142040,-0.263242,0.016625,-0.396087,0.024182,-0.045930,55.758046,-4.893076,-36.296129,2.398387,17.832339,0.000015,0.451894,-0.866604,-0.211636,-0.888770,-0.416977,-0.190311,0.076677,0.274096,-0.958641
4.530000,1.025384,-1.137006,0.300126,-0.045788,0.077133,-0.100023,-1.102254,-0.075160,2.861473,0.068856,0.217117,-0.196711,-0.297654,2.817948,-0.566281,-1.110116,-0.159274,2.297881,0.380492,0.193435,0.298581,-0.178858,0.074893,-0.230320,-0.470991,0.237018,0.004702,0.042688,0.145786,-0.266115,0.021720,-0.396038,0.022733,-0.043505,55.572056,-4.869518,-36.336138,2.388313,17.824979,0.000014,0.450311,-0.866825,-0.214087,-0.889709,-0.415462,-0.189235,0.075089,0.275690,-0.958309
4.540000,1.024925,-1.136234,0.299124,-0.045926,0.077364,-0.100324,-1.104101,-0.073563,2.859840,0.069456,0.217658,-0.197041,-0.295719,2.820938,-0.568055,-1.109394,-0.161575,2.293131,0.382864,0.193469,0.298971,-0.177363,0.072204,-0.230051,-0.474950,0.237230,0.003412,0.039022,0.149498,-0.268948,0.026893,-0.395891,0.021261,-0.040985,55.385592,-4.845412,-36.376357,2.377753,17.817501,0.000014,0.448720,-0.867041,-0.216542,-0.890645,-0.413946,-0.188149,0.073496,0.277288,-0.957972
4.550000,1.024465,-1.135459,0.298119,-0.046063,0.077596,-0.100623,-1.105954,-0.071961,2.858202,0.070059,0.218196,-0.197368,-0.293784,2.823931,-0.569813,-1.108699,-0.163872,2.288342,0.385238,0.193490,0.299324,-0.175831,0.069486,-0.229730,-0.478907,0.237428,0.002140,0.035275,0.153171,-0.271739,0.032140,-0.395645,0.019767,-0.038370,55.198677,-4.820761,-36.416776,2.366703,17.809904,0.000013,0.447121,-0.867250,-0.218999,-0.891579,-0.412430,-0.187051,0.071898,0.278889,-0.957628
4.560000,1.024004,-1.134682,0.297112,-0.046200,0.077826,-0.100923,-1.107813,-0.070354,2.856559,0.070666,0.218731,-0.197691,-0.291849,2.826927,-0.571556,-1.108031,-0.166166,2.283513,0.387615,0.193499,0.299639,-0.174263,0.066741,-0.229355,-0.482860,0.237610,0.000890,0.031445,0.156802,-0.274485,0.037459,-0.395297,0.018250,-0.035660,55.011330,-4.795572,-36.457387,2.355161,17.802187,0.000013,0.445515,-0.867452,-0.221459,-0.892511,-0.410914,-0.185943,0.070296,0.280495,-0.957278
4.570000,1.023541,-1.133902,0.296101,-0.046337,0.078057,-0.101222,-1.109677,-0.068742,2.854911,0.071276,0.219262,-0.198011,-0.289914,2.829927,-0.573283,-1.107392,-0.168455,2.278645,0.389992,0.193496,0.299914,-0.172659,0.063970,-0.228927,-0.486808,0.237778,-0.000339,0.027535,0.160384,-0.277184,0.042846,-0.394846,0.016712,-0.032857,54.823575,-4.769850,-36.498180,2.343124,17.794350,0.000013,0.443900,-0.867647,-0.223922,-0.893440,-0.409397,-0.184823,0.068688,0.282103,-0.956922
4.580000,1.023077,-1.133121,0.295087,-0.046473,0.078287,-0.101520,-1.111546,-0.067126,2.853258,0.071889,0.219791,-0.198328,-0.287980,2.832928,-0.574993,-1.106780,-0.170739,2.273738,0.392372,0.193480,0.300149,-0.171020,0.061171,-0.228444,-0.490751,0.237929,-0.001544,0.023544,0.163916,-0.279836,0.048298,-0.394290,0.015152,-0.029962,54.635433,-4.743600,-36.539146,2.330591,17.786391,0.000012,0.442278,-0.867836,-0.226387,-0.894366,-0.407880,-0.183692,0.067076,0.283716,-0.956560
4.590000,1.022612,-1.132337,0.294070,-0.046610,0.078517,-0.101818,-1.113421,-0.065505,2.851600,0.072505,0.220317,-0.198642,-0.286045,2.835932,-0.576686,-1.106197,-0.173018,2.268791,0.394752,0.193453,0.300344,-0.169346,0.058347,-0.227905,-0.494687,0.238065,-0.002724,0.019474,0.167391,-0.282439,0.053811,-0.393628,0.013572,-0.026977,54.446929,-4.716829,-36.580275,2.317559,17.778309,0.000012,0.440647,-0.868018,-0.228855,-0.895291,-0.406363,-0.182549,0.065458,0.285332,-0.956191
4.600000,1.022145,-1.131550,0.293051,-0.046746,0.078746,-0.102115,-1.115302,-0.063879,2.849938,0.073125,0.220839,-0.198952,-0.284111,2.838937,-0.578363,-1.105642,-0.175292,2.263805,0.397134,0.193414,0.300497,-0.167638,0.055497,-0.227312,-0.498616,0.238185,-0.003879,0.015326,0.170805,-0.284990,0.059382,-0.392857,0.011973,-0.023902,54.258086,-4.689544,-36.621557,2.304026,17.770105,0.000011,0.439009,-0.868193,-0.231326,-0.896212,-0.404845,-0.181396,0.063836,0.286951,-0.955816
4.610000,1.021677,-1.130762,0.292028,-0.046882,0.078975,-0.102412,-1.117188,-0.062249,2.848270,0.073747,0.221358,-0.199259,-0.282177,2.841943,-0.580022,-1.105115,-0.177558,2.258779,0.399517,0.193364,0.300608,-0.165896,0.052622,-0.226662,-0.502536,0.238288,-0.005007,0.011100,0.174154,-0.287488,0.065007,-0.391977,0.010354,-0.020740,54.068929,-4.661751,-36.662983,2.289991,17.761777,0.000011,0.437363,-0.868361,-0.233799,-0.897131,-0.403328,-0.180231,0.062208,0.288574,-0.955434
4.620000,1.021207,-1.129971,0.291003,-0.047018,0.079204,-0.102709,-1.119079,-0.060613,2.846598,0.074373,0.221874,-0.199563,-0.280244,2.844949,-0.581663,-1.104618,-0.179818,2.253715,0.401901,0.193303,0.300676,-0.164122,0.049723,-0.225955,-0.506445,0.238375,-0.006107,0.006799,0.177434,-0.289932,0.070681,-0.390985,0.008717,-0.017493,53.879483,-4.633459,-36.704541,2.275451,17.753324,0.000010,0.435709,-0.868523,-0.236274,-0.898047,-0.401810,-0.179055,0.060576,0.290201,-0.955047
4.630000,1.020737,-1.129178,0.289974,-0.047153,0.079432,-0.103005,-1.120976,-0.058973,2.844921,0.075003,0.222387,-0.199863,-0.278312,2.847956,-0.583286,-1.104150,-0.182070,2.248612,0.404285,0.193231,0.300701,-0.162316,0.046799,-0.225191,-0.510344,0.238446,-0.007178,0.002422,0.180641,-0.292319,0.076401,-0.389882,0.007063,-0.014162,53.689774,-4.604675,-36.746223,2.260405,17.744746,0.000010,0.434048,-0.868677,-0.238751,-0.898960,-0.400293,-0.177867,0.058939,0.291831,-0.954652
4.640000,1.020264,-1.128382,0.288942,-0.047288,0.079660,-0.103301,-1.122879,-0.057329,2.843239,0.075635,0.222896,-0.200160,-0.276380,2.850963,-0.584891,-1.103712,-0.184313,2.243469,0.406670,0.193149,0.300680,-0.160478,0.043853,-0.224369,-0.514231,0.238500,-0.008219,-0.002027,0.183769,-0.294649,0.082162,-0.388665,0.005392,-0.010750,53.499829,-4.575408,-36.788017,2.244853,17.736041,0.000009,0.432378,-0.868825,-0.241231,-0.899870,-0.398776,-0.176669,0.057297,0.293464,-0.954252
4.650000,1.019791,-1.127584,0.287908,-0.047424,0.079888,-0.103596,-1.124786,-0.055679,2.841552,0.076271,0.223402,-0.200454,-0.274450,2.853969,-0.586477,-1.103303,-0.186548,2.238288,0.409056,0.193057,0.300615,-0.158610,0.040884,-0.223490,-0.518104,0.238537,-0.009229,-0.006549,0.186815,-0.296920,0.087960,-0.387334,0.003705,-0.007260,53.309675,-4.545666,-36.829912,2.228792,17.727209,0.000009,0.430701,-0.868966,-0.243712,-0.900777,-0.397259,-0.175458,0.055650,0.295101,-0.953844
4.660000,1.019316,-1.126784,0.286871,-0.047558,0.080115,-0.103891,-1.126700,-0.054025,2.839861,0.076910,0.223904,-0.200744,-0.272520,2.856974,-0.588044,-1.102924,-0.188774,2.233069,0.411441,0.192955,0.300503,-0.156712,0.037892,-0.222552,-0.521963,0.238557,-0.010207,-0.011140,0.189774,-0.299131,0.093790,-0.385887,0.002004,-0.003693,53.119340,-4.515459,-36.871898,2.212223,17.718250,0.000009,0.429016,-0.869099,-0.246196,-0.901682,-0.395742,-0.174237,0.053999,0.296741,-0.953430
4.670000,1.018840,-1.125982,0.285830,-0.047693,0.080342,-0.104185,-1.128618,-0.052366,2.838165,0.077552,0.224404,-0.201031,-0.270592,2.859978,-0.589592,-1.102575,-0.190989,2.227811,0.413827,0.192843,0.300345,-0.154786,0.034880,-0.221555,-0.525806,0.238560,-0.011153,-0.015800,0.192642,-0.301279,0.099647,-0.384324,0.000289,-0.000053,52.928852,-4.484795,-36.913965,2.195143,17.709162,0.000008,0.427322,-0.869226,-0.248681,-0.902583,-0.394226,-0.173003,0.052342,0.298384,-0.953010
4.680000,1.018362,-1.125177,0.284787,-0.047828,0.080568,-0.104478,-1.130542,-0.050703,2.836464,0.078197,0.224899,-0.201315,-0.268665,2.862979,-0.591120,-1.102257,-0.193194,2.222514,0.416212,0.192722,0.300140,-0.152832,0.031846,-0.220500,-0.529633,0.238545,-0.012065,-0.020525,0.195416,-0.303365,0.105527,-0.382644,-0.001439,0.003658,52.738241,-4.453686,-36.956100,2.177553,17.699945,0.000008,0.425621,-0.869345,-0.251169,-0.903481,-0.392710,-0.171759,0.050681,0.300030,-0.952582
4.690000,1.017883,-1.124371,0.283741,-0.047962,0.080795,-0.104772,-1.132472,-0.049034,2.834758,0.078845,0.225391,-0.201595,-0.266739,2.865978,-0.592629,-1.101969,-0.195388,2.217180,0.418597,0.192593,0.299887,-0.150851,0.028792,-0.219386,-0.533441,0.238514,-0.012944,-0.025315,0.198091,-0.305387,0.111425,-0.380847,-0.003180,0.007437,52.547536,-4.422140,-36.998293,2.159452,17.690597,0.000007,0.423913,-0.869457,-0.253658,-0.904376,-0.391195,-0.170502,0.049015,0.301680,-0.952149
4.700000,1.017403,-1.123562,0.282691,-0.048096,0.081020,-0.105064,-1.134407,-0.047362,2.833047,0.079497,0.225880,-0.201872,-0.264814,2.868974,-0.594117,-1.101711,-0.197570,2.211808,0.420982,0.192455,0.299585,-0.148844,0.025719,-0.218212,-0.537231,0.238464,-0.013788,-0.030167,0.200663,-0.307343,0.117336,-0.378931,-0.004930,0.011280,52.356767,-4.390170,-37.040532,2.140841,17.681119,0.000007,0.422196,-0.869562,-0.256148,-0.905267,-0.389680,-0.169234,0.047344,0.303333,-0.951708
4.710000,1.016921,-1.122750,0.281639,-0.048229,0.081245,-0.105356,-1.136347,-0.045684,2.831332,0.080152,0.226365,-0.202146,-0.262891,2.871966,-0.595585,-1.101485,-0.199740,2.206398,0.423366,0.192309,0.299235,-0.146813,0.022626,-0.216980,-0.540999,0.238397,-0.014597,-0.035079,0.203129,-0.309234,0.123254,-0.376897,-0.006691,0.015184,52.165966,-4.357785,-37.082807,2.121718,17.671509,0.000006,0.420472,-0.869660,-0.258640,-0.906156,-0.388166,-0.167955,0.045668,0.304989,-0.951260
4.720000,1.016438,-1.121937,0.280584,-0.048363,0.081470,-0.105648,-1.138293,-0.044002,2.829611,0.080809,0.226847,-0.202416,-0.260970,2.874955,-0.597033,-1.101290,-0.201897,2.200950,0.425749,0.192155,0.298834,-0.144758,0.019516,-0.215688,-0.544747,0.238313,-0.015371,-0.040048,0.205485,-0.311056,0.129175,-0.374744,-0.008460,0.019147,51.975163,-4.324998,-37.125106,2.102084,17.661767,0.000006,0.418739,-0.869751,-0.261134,-0.907040,-0.386653,-0.166664,0.043988,0.306648,-0.950806
4.730000,1.015954,-1.121121,0.279526,-0.048496,0.081695,-0.105939,-1.140244,-0.042315,2.827887,0.081470,0.227325,-0.202682,-0.259050,2.877938,-0.598460,-1.101126,-0.204040,2.195465,0.428131,0.191994,0.298383,-0.142681,0.016388,-0.214337,-0.548472,0.238210,-0.016109,-0.045072,0.207727,-0.312811,0.135093,-0.372472,-0.010237,0.023163,51.784390,-4.291819,-37.167416,2.081941,17.651891,0.000005,0.416999,-0.869834,-0.263629,-0.907922,-0.385141,-0.165361,0.042302,0.308310,-0.950345
4.740000,1.015468,-1.120303,0.278465,-0.048629,0.081919,-0.106230,-1.142200,-0.040624,2.826157,0.082135,0.227799,-0.202945,-0.257131,2.880917,-0.599865,-1.100994,-0.206170,2.189944,0.430512,0.191826,0.297882,-0.140582,0.013243,-0.212927,-0.552172,0.238090,-0.016811,-0.050149,0.209853,-0.314496,0.141003,-0.370082,-0.012020,0.027231,51.593680,-4.258262,-37.209727,2.061287,17.641882,0.000005,0.415251,-0.869910,-0.266125,-0.908800,-0.383630,-0.164047,0.040612,0.309975,-0.949877
4.750000,1.014981,-1.119482,0.277402,-0.048762,0.082143,-0.106520,-1.144162,-0.038928,2.824423,0.082802,0.228270,-0.203205,-0.255215,2.883891,-0.601250,-1.100893,-0.208284,2.184385,0.432892,0.191651,0.297329,-0.138463,0.010082,-0.211458,-0.555848,0.237952,-0.017478,-0.055275,0.211858,-0.316112,0.146900,-0.367573,-0.013809,0.031346,51.403066,-4.224338,-37.252027,2.040124,17.631738,0.000004,0.413496,-0.869979,-0.268622,-0.909674,-0.382119,-0.162720,0.038918,0.311643,-0.949402
4.760000,1.014493,-1.118660,0.276335,-0.048894,0.082366,-0.106809,-1.146129,-0.037227,2.822683,0.083473,0.228736,-0.203461,-0.253300,2.886858,-0.602613,-1.100824,-0.210384,2.178790,0.435270,0.191470,0.296725,-0.136326,0.006905,-0.209930,-0.559498,0.237796,-0.018108,-0.060448,0.213740,-0.317657,0.152779,-0.364946,-0.015602,0.035505,51.212581,-4.190060,-37.294304,2.018454,17.621459,0.000004,0.411732,-0.870040,-0.271121,-0.910545,-0.380610,-0.161383,0.037218,0.313314,-0.948920
4.770000,1.014003,-1.117835,0.275266,-0.049027,0.082589,-0.107098,-1.148102,-0.035521,2.820940,0.084146,0.229200,-0.203714,-0.251387,2.889819,-0.603955,-1.100787,-0.212467,2.173159,0.437646,0.191283,0.296068,-0.134171,0.003714,-0.208344,-0.563120,0.237622,-0.018702,-0.065665,0.215496,-0.319131,0.158633,-0.362201,-0.017397,0.039703,51.022258,-4.155441,-37.336547,1.996277,17.611045,0.000003,0.409961,-0.870095,-0.273620,-0.911412,-0.379102,-0.160033,0.035514,0.314988,-0.948431
4.780000,1.013512,-1.117008,0.274193,-0.049159,0.082811,-0.107387,-1.150080,-0.033812,2.819191,0.084823,0.229659,-0.203964,-0.249476,2.892772,-0.605275,-1.100782,-0.214534,2.167492,0.440020,0.191091,0.295359,-0.132000,0.000508,-0.206699,-0.566713,0.237430,-0.019260,-0.070923,0.217123,-0.320534,0.164459,-0.359339,-0.019194,0.043936,50.832131,-4.120495,-37.378742,1.973595,17.600493,0.000003,0.408181,-0.870141,-0.276120,-0.912275,-0.377595,-0.158672,0.033805,0.316664,-0.947935
4.790000,1.013020,-1.116179,0.273118,-0.049291,0.083033,-0.107674,-1.152063,-0.032097,2.817438,0.085503,0.230114,-0.204209,-0.247567,2.895718,-0.606573,-1.100809,-0.216584,2.161789,0.442392,0.190893,0.294597,-0.129814,-0.002710,-0.204997,-0.570277,0.237220,-0.019782,-0.076219,0.218618,-0.321864,0.170251,-0.356360,-0.020992,0.048202,50.642235,-4.085235,-37.420879,1.950409,17.589804,0.000002,0.406394,-0.870180,-0.278621,-0.913134,-0.376090,-0.157299,0.032092,0.318344,-0.947432
4.800000,1.012527,-1.115348,0.272040,-0.049422,0.083255,-0.107962,-1.154051,-0.030378,2.815680,0.086186,0.230566,-0.204452,-0.245661,2.898656,-0.607849,-1.100868,-0.218616,2.156051,0.444762,0.190690,0.293781,-0.127614,-0.005941,-0.203237,-0.573809,0.236992,-0.020269,-0.081551,0.219980,-0.323123,0.176003,-0.353266,-0.022789,0.052495,50.452605,-4.049676,-37.462946,1.926722,17.578978,0.000002,0.404600,-0.870212,-0.281123,-0.913989,-0.374586,-0.155914,0.030373,0.320026,-0.946922
4.810000,1.012032,-1.114514,0.270959,-0.049553,0.083476,-0.108248,-1.156045,-0.028654,2.813917,0.086872,0.231014,-0.204691,-0.243756,2.901585,-0.609103,-1.100960,-0.220630,2.150278,0.447130,0.190483,0.292912,-0.125402,-0.009185,-0.201420,-0.577310,0.236747,-0.020721,-0.086914,0.221206,-0.324308,0.181710,-0.350057,-0.024585,0.056811,50.263276,-4.013830,-37.504930,1.902535,17.568012,0.000001,0.402797,-0.870236,-0.283625,-0.914841,-0.373083,-0.154517,0.028650,0.321711,-0.946404
4.820000,1.011536,-1.113678,0.269875,-0.049684,0.083696,-0.108535,-1.158044,-0.026926,2.812150,0.087561,0.231458,-0.204926,-0.241853,2.904505,-0.610335,-1.101084,-0.222626,2.144470,0.449495,0.190272,0.291989,-0.123179,-0.012439,-0.199546,-0.580777,0.236483,-0.021137,-0.092306,0.222294,-0.325421,0.187368,-0.346736,-0.026377,0.061148,50.074283,-3.977713,-37.546819,1.877852,17.556908,0.000001,0.400987,-0.870253,-0.286128,-0.915688,-0.371582,-0.153108,0.026923,0.323398,-0.945880
4.830000,1.011038,-1.112840,0.268788,-0.049815,0.083916,-0.108820,-1.160048,-0.025193,2.810378,0.088253,0.231898,-0.205158,-0.239952,2.907415,-0.611545,-1.101241,-0.224602,2.138628,0.451857,0.190056,0.291012,-0.120946,-0.015703,-0.197616,-0.584210,0.236201,-0.021519,-0.097723,0.223242,-0.326462,0.192970,-0.343302,-0.028165,0.065499,49.885661,-3.941339,-37.588602,1.852673,17.545663,0.000000,0.399169,-0.870262,-0.288631,-0.916531,-0.370083,-0.151688,0.025191,0.325089,-0.945348
4.840000,1.010539,-1.112000,0.267698,-0.049945,0.084136,-0.109105,-1.162058,-0.023456,2.808601,0.088948,0.232334,-0.205386,-0.238054,2.910315,-0.612732,-1.101431,-0.226558,2.132752,0.454216,0.189838,0.289980,-0.118706,-0.018978,-0.195631,-0.587608,0.235902,-0.021868,-0.103163,0.224048,-0.327429,0.198513,-0.339757,-0.029948,0.069862,49.697447,-3.904723,-37.630266,1.827003,17.534278,-0.000000,0.397343,-0.870264,-0.291135,-0.917370,-0.368585,-0.150255,0.023454,0.326781,-0.944809
4.850000,1.010039,-1.111157,0.266606,-0.050076,0.084356,-0.109389,-1.164072,-0.021714,2.806820,0.089646,0.232765,-0.205611,-0.236158,2.913204,-0.613896,-1.101654,-0.228494,2.126842,0.456571,0.189616,0.288894,-0.116459,-0.022261,-0.193591,-0.590969,0.235584,-0.022183,-0.108621,0.224712,-0.328324,0.203991,-0.336104,-0.031725,0.074231,49.509676,-3.867880,-37.671800,1.800844,17.522751,-0.000001,0.395509,-0.870258,-0.293639,-0.918205,-0.367089,-0.148811,0.021712,0.328477,-0.944262
4.860000,1.009538,-1.110313,0.265511,-0.050206,0.084574,-0.109673,-1.166092,-0.019968,2.805034,0.090347,0.233193,-0.205832,-0.234264,2.916081,-0.615038,-1.101909,-0.230409,2.120899,0.458924,0.189391,0.287753,-0.114207,-0.025552,-0.191497,-0.594292,0.235249,-0.022466,-0.114094,0.225232,-0.329146,0.209400,-0.332343,-0.033493,0.078604,49.322385,-3.830825,-37.713192,1.774200,17.511083,-0.000001,0.393668,-0.870244,-0.296143,-0.919036,-0.365595,-0.147355,0.019966,0.330175,-0.943709
4.870000,1.009035,-1.109466,0.264412,-0.050335,0.084793,-0.109956,-1.168118,-0.018217,2.803244,0.091052,0.233617,-0.206050,-0.232372,2.918947,-0.616158,-1.102198,-0.232303,2.114924,0.461273,0.189164,0.286557,-0.111951,-0.028851,-0.189350,-0.597577,0.234897,-0.022716,-0.119580,0.225607,-0.329895,0.214734,-0.328477,-0.035253,0.082975,49.135610,-3.793574,-37.754428,1.747074,17.499272,-0.000002,0.391819,-0.870223,-0.298647,-0.919862,-0.364103,-0.145887,0.018216,0.331875,-0.943148
4.880000,1.008531,-1.108617,0.263311,-0.050465,0.085011,-0.110239,-1.170148,-0.016461,2.801449,0.091759,0.234037,-0.206264,-0.230483,2.921800,-0.617255,-1.102519,-0.234174,2.108915,0.463618,0.188935,0.285306,-0.109692,-0.032157,-0.187150,-0.600822,0.234527,-0.022936,-0.125074,0.225836,-0.330573,0.219990,-0.324508,-0.037004,0.087341,48.949386,-3.756143,-37.795499,1.719469,17.487318,-0.000002,0.389963,-0.870194,-0.301151,-0.920684,-0.362613,-0.144407,0.016460,0.333578,-0.942579
4.890000,1.008026,-1.107766,0.262208,-0.050594,0.085228,-0.110521,-1.172184,-0.014701,2.799649,0.092469,0.234452,-0.206475,-0.228596,2.924640,-0.618329,-1.102874,-0.236023,2.102875,0.465959,0.188704,0.284001,-0.107433,-0.035469,-0.184898,-0.604026,0.234139,-0.023126,-0.130572,0.225919,-0.331178,0.225163,-0.320437,-0.038743,0.091697,48.763751,-3.718546,-37.836391,1.691389,17.475220,-0.000003,0.388098,-0.870157,-0.303654,-0.921501,-0.361126,-0.142914,0.014701,0.335283,-0.942003
4.900000,1.007519,-1.106912,0.261101,-0.050722,0.085445,-0.110802,-1.174224,-0.012937,2.797845,0.093182,0.234864,-0.206681,-0.226711,2.927466,-0.619381,-1.103262,-0.237849,2.096803,0.468297,0.188471,0.282640,-0.105174,-0.038786,-0.182596,-0.607189,0.233735,-0.023286,-0.136073,0.225855,-0.331712,0.230249,-0.316267,-0.040470,0.096040,48.578741,-3.680801,-37.877092,1.662839,17.462979,-0.000003,0.386226,-0.870113,-0.306158,-0.922313,-0.359640,-0.141410,0.012936,0.336990,-0.941419
4.910000,1.007011,-1.106057,0.259992,-0.050851,0.085662,-0.111083,-1.176271,-0.011168,2.796036,0.093899,0.235271,-0.206885,-0.224829,2.930279,-0.620410,-1.103683,-0.239652,2.090700,0.470630,0.188236,0.281224,-0.102918,-0.042108,-0.180243,-0.610309,0.233313,-0.023418,-0.141571,0.225645,-0.332176,0.235243,-0.312000,-0.042185,0.100366,48.394391,-3.642922,-37.917592,1.633823,17.450592,-0.000004,0.384347,-0.870061,-0.308661,-0.923121,-0.358157,-0.139894,0.011168,0.338699,-0.940828
4.920000,1.006502,-1.105199,0.258879,-0.050979,0.085878,-0.111363,-1.178322,-0.009394,2.794222,0.094618,0.235673,-0.207085,-0.222949,2.933076,-0.621417,-1.104137,-0.241430,2.084566,0.472959,0.188001,0.279754,-0.100665,-0.045433,-0.177842,-0.613386,0.232874,-0.023523,-0.147064,0.225288,-0.332569,0.240142,-0.307639,-0.043886,0.104670,48.210740,-3.604926,-37.957878,1.604345,17.438060,-0.000004,0.382459,-0.870001,-0.311164,-0.923925,-0.356676,-0.138366,0.009394,0.340411,-0.940230
4.930000,1.005992,-1.104339,0.257764,-0.051107,0.086093,-0.111643,-1.180378,-0.007617,2.792404,0.095340,0.236072,-0.207281,-0.221071,2.935858,-0.622401,-1.104625,-0.243184,2.078402,0.475283,0.187765,0.278228,-0.098417,-0.048762,-0.175393,-0.616417,0.232418,-0.023602,-0.152548,0.224784,-0.332893,0.244942,-0.303187,-0.045572,0.108948,48.027821,-3.566829,-37.997938,1.574410,17.425382,-0.000005,0.380564,-0.869934,-0.313666,-0.924723,-0.355198,-0.136826,0.007617,0.342125,-0.939624
4.940000,1.005480,-1.103477,0.256646,-0.051235,0.086308,-0.111922,-1.182440,-0.005834,2.790582,0.096065,0.236466,-0.207473,-0.219196,2.938625,-0.623363,-1.105146,-0.244913,2.072208,0.477602,0.187529,0.276648,-0.096176,-0.052094,-0.172896,-0.619404,0.231946,-0.023655,-0.158019,0.224135,-0.333147,0.249639,-0.298645,-0.047242,0.113198,47.845673,-3.528647,-38.037761,1.544024,17.412558,-0.000005,0.378662,-0.869858,-0.316167,-0.925517,-0.353722,-0.135274,0.005834,0.343841,-0.939010
4.950000,1.004967,-1.102613,0.255526,-0.051362,0.086523,-0.112200,-1.184506,-0.004048,2.788755,0.096793,0.236856,-0.207662,-0.217323,2.941375,-0.624302,-1.105700,-0.246617,2.065985,0.479917,0.187292,0.275013,-0.093942,-0.055427,-0.170354,-0.622344,0.231457,-0.023684,-0.163474,0.223340,-0.333334,0.254230,-0.294017,-0.048895,0.117415,47.664330,-3.490397,-38.077335,1.513190,17.399587,-0.000006,0.376751,-0.869775,-0.318668,-0.926306,-0.352249,-0.133710,0.004048,0.345559,-0.938388
4.960000,1.004453,-1.101747,0.254402,-0.051489,0.086737,-0.112478,-1.186578,-0.002256,2.786923,0.097524,0.237242,-0.207848,-0.215452,2.944108,-0.625219,-1.106288,-0.248294,2.059732,0.482226,0.187055,0.273324,-0.091718,-0.058762,-0.167767,-0.625237,0.230952,-0.023690,-0.168911,0.222401,-0.333453,0.258713,-0.289305,-0.050532,0.121595,47.483828,-3.452095,-38.116649,1.481915,17.386468,-0.000006,0.374834,-0.869684,-0.321168,-0.927089,-0.350779,-0.132134,0.002256,0.347280,-0.937759
4.970000,1.003937,-1.100878,0.253276,-0.051616,0.086951,-0.112755,-1.188655,-0.000461,2.785087,0.098257,0.237623,-0.208029,-0.213584,2.946824,-0.626114,-1.106909,-0.249946,2.053451,0.484531,0.186818,0.271581,-0.089505,-0.062097,-0.165136,-0.628082,0.230430,-0.023674,-0.174324,0.221319,-0.333505,0.263083,-0.284513,-0.052150,0.125735,47.304204,-3.413757,-38.155691,1.450205,17.373201,-0.000007,0.372908,-0.869586,-0.323667,-0.927868,-0.349311,-0.130546,0.000461,0.349002,-0.937122
4.980000,1.003420,-1.100008,0.252147,-0.051743,0.087164,-0.113031,-1.190737,0.001339,2.783246,0.098994,0.237999,-0.208208,-0.211718,2.949522,-0.626987,-1.107563,-0.251570,2.047143,0.486830,0.186582,0.269784,-0.087304,-0.065432,-0.162463,-0.630879,0.229893,-0.023638,-0.179711,0.220094,-0.333491,0.267338,-0.279643,-0.053749,0.129832,47.125492,-3.375400,-38.194450,1.418064,17.359785,-0.000007,0.370975,-0.869479,-0.326164,-0.928642,-0.347847,-0.128946,-0.001339,0.350726,-0.936477
4.990000,1.002902,-1.099135,0.251016,-0.051869,0.087376,-0.113307,-1.192824,0.003144,2.781401,0.099733,0.238371,-0.208382,-0.209855,2.952201,-0.627838,-1.108251,-0.253168,2.040806,0.489123,0.186346,0.267933,-0.085117,-0.068766,-0.159748,-0.633626,0.229339,-0.023582,-0.185069,0.218729,-0.333413,0.271475,-0.274699,-0.055329,0.133882,46.947726,-3.337039,-38.232915,1.385499,17.346221,-0.000008,0.369035,-0.869365,-0.328661,-0.929410,-0.346385,-0.127334,-0.003144,0.352452,-0.935825
5.000000,1.002383,-1.098260,0.249881,-0.051995,0.087588,-0.113582,-1.194916,0.004953,2.779551,0.100476,0.238739,-0.208553,-0.207994,2.954861,-0.628668,-1.108972,-0.254738,2.034443,0.491411,0.186111,0.266029,-0.082945,-0.072098,-0.156993,-0.636322,0.228770,-0.023508,-0.190395,0.217225,-0.333271,0.275493,-0.269683,-0.056888,0.137882,46.770943,-3.298692,-38.271074,1.352516,17.332507,-0.000008,0.367087,-0.869243,-0.331157,-0.930173,-0.344927,-0.125710,-0.004952,0.354179,-0.935164
5.010000,1.001863,-1.097383,0.248744,-0.052120,0.087800,-0.113856,-1.197013,0.006766,2.777697,0.101221,0.239102,-0.208720,-0.206135,2.957502,-0.629476,-1.109726,-0.256280,2.028053,0.493693,0.185877,0.264072,-0.080789,-0.075429,-0.154199,-0.638968,0.228186,-0.023417,-0.195684,0.215583,-0.333066,0.279388,-0.264600,-0.058427,0.141829,46.595177,-3.260375,-38.308918,1.319122,17.318642,-0.000009,0.365131,-0.869112,-0.333651,-0.930931,-0.343471,-0.124073,-0.006766,0.355909,-0.934496
5.020000,1.001341,-1.096504,0.247604,-0.052246,0.088011,-0.114130,-1.199116,0.008583,2.775839,0.101969,0.239461,-0.208884,-0.204279,2.960123,-0.630262,-1.110514,-0.257793,2.021638,0.495968,0.185644,0.262063,-0.078651,-0.078757,-0.151367,-0.641563,0.227587,-0.023309,-0.200935,0.213806,-0.332799,0.283159,-0.259451,-0.059944,0.145720,46.420460,-3.222104,-38.346434,1.285322,17.304628,-0.000009,0.363168,-0.868974,-0.336143,-0.931684,-0.342019,-0.122425,-0.008583,0.357640,-0.933820
5.030000,1.000818,-1.095623,0.246461,-0.052371,0.088222,-0.114403,-1.201223,0.010405,2.773976,0.102719,0.239815,-0.209043,-0.202425,2.962723,-0.631028,-1.111334,-0.259278,2.015197,0.498238,0.185412,0.260001,-0.076532,-0.082082,-0.148499,-0.644105,0.226972,-0.023188,-0.206143,0.211896,-0.332471,0.286805,-0.254241,-0.061439,0.149552,46.246828,-3.183895,-38.383612,1.251124,17.290462,-0.000010,0.361198,-0.868828,-0.338634,-0.932431,-0.340570,-0.120765,-0.010405,0.359373,-0.933136
5.040000,1.000293,-1.094740,0.245316,-0.052495,0.088432,-0.114675,-1.203335,0.012231,2.772108,0.103473,0.240164,-0.209200,-0.200573,2.965302,-0.631772,-1.112188,-0.260734,2.008731,0.500502,0.185181,0.257888,-0.074433,-0.085403,-0.145596,-0.646595,0.226343,-0.023052,-0.211307,0.209854,-0.332084,0.290323,-0.248973,-0.062912,0.153322,46.074313,-3.145764,-38.420441,1.216535,17.276145,-0.000010,0.359220,-0.868675,-0.341124,-0.933173,-0.339125,-0.119092,-0.012231,0.361108,-0.932444
5.050000,0.999768,-1.093854,0.244168,-0.052620,0.088641,-0.114947,-1.205453,0.014062,2.770236,0.104229,0.240508,-0.209352,-0.198723,2.967859,-0.632496,-1.113076,-0.262161,2.002240,0.502759,0.184952,0.255724,-0.072357,-0.088719,-0.142659,-0.649032,0.225700,-0.022905,-0.216422,0.207684,-0.331638,0.293712,-0.243649,-0.064362,0.157028,45.902948,-3.107727,-38.456912,1.181561,17.261676,-0.000011,0.357235,-0.868513,-0.343611,-0.933909,-0.337683,-0.117408,-0.014062,0.362844,-0.931744
5.060000,0.999241,-1.092967,0.243017,-0.052744,0.088850,-0.115218,-1.207575,0.015897,2.768360,0.104988,0.240848,-0.209501,-0.196876,2.970394,-0.633199,-1.113996,-0.263558,1.995726,0.505009,0.184725,0.253509,-0.070303,-0.092030,-0.139689,-0.651414,0.225042,-0.022746,-0.221486,0.205388,-0.331134,0.296971,-0.238275,-0.065790,0.160667,45.732765,-3.069801,-38.493013,1.146210,17.247055,-0.000011,0.355242,-0.868343,-0.346097,-0.934639,-0.336245,-0.115711,-0.015896,0.364581,-0.931036
5.070000,0.998713,-1.092077,0.241864,-0.052867,0.089058,-0.115488,-1.209702,0.017736,2.766479,0.105750,0.241183,-0.209646,-0.195031,2.972907,-0.633881,-1.114949,-0.264925,1.989189,0.507253,0.184499,0.251244,-0.068273,-0.095336,-0.136688,-0.653743,0.224370,-0.022578,-0.226497,0.202968,-0.330575,0.300100,-0.232853,-0.067193,0.164237,45.563797,-3.032002,-38.528734,1.110489,17.232280,-0.000012,0.353242,-0.868165,-0.348581,-0.935364,-0.334810,-0.114003,-0.017735,0.366321,-0.930320
5.080000,0.998184,-1.091186,0.240707,-0.052991,0.089266,-0.115758,-1.211835,0.019580,2.764594,0.106514,0.241514,-0.209788,-0.193188,2.975396,-0.634544,-1.115936,-0.266261,1.982629,0.509490,0.184275,0.248930,-0.066269,-0.098636,-0.133657,-0.656017,0.223684,-0.022401,-0.231451,0.200428,-0.329960,0.303097,-0.227386,-0.068573,0.167735,45.396075,-2.994345,-38.564065,1.074406,17.217353,-0.000012,0.351235,-0.867980,-0.351063,-0.936083,-0.333380,-0.112282,-0.019578,0.368061,-0.929595
5.090000,0.997653,-1.090292,0.239548,-0.053114,0.089474,-0.116026,-1.213972,0.021428,2.762704,0.107281,0.241839,-0.209925,-0.191348,2.977861,-0.635187,-1.116955,-0.267567,1.976046,0.511719,0.184053,0.246566,-0.064291,-0.101929,-0.130598,-0.658236,0.222985,-0.022216,-0.236345,0.197770,-0.329291,0.305961,-0.221878,-0.069930,0.171159,45.229629,-2.956845,-38.598997,1.037968,17.202272,-0.000013,0.349220,-0.867786,-0.353542,-0.936796,-0.331953,-0.110549,-0.021426,0.369803,-0.928863
5.100000,0.997121,-1.089396,0.238387,-0.053237,0.089680,-0.116295,-1.216114,0.023280,2.760810,0.108051,0.242160,-0.210059,-0.189509,2.980303,-0.635810,-1.118007,-0.268842,1.969442,0.513942,0.183833,0.244155,-0.062341,-0.105214,-0.127511,-0.660399,0.222272,-0.022025,-0.241179,0.194996,-0.328569,0.308694,-0.216333,-0.071262,0.174509,45.064490,-2.919519,-38.633519,1.001183,17.187037,-0.000014,0.347198,-0.867585,-0.356019,-0.937503,-0.330530,-0.108805,-0.023278,0.371546,-0.928123
5.110000,0.996588,-1.088498,0.237223,-0.053359,0.089887,-0.116562,-1.218262,0.025136,2.758912,0.108823,0.242476,-0.210190,-0.187673,2.982720,-0.636415,-1.119092,-0.270086,1.962817,0.516158,0.183614,0.241695,-0.060420,-0.108492,-0.124398,-0.662506,0.221546,-0.021828,-0.245948,0.192111,-0.327795,0.311294,-0.210753,-0.072569,0.177780,44.900687,-2.882382,-38.667623,0.964060,17.171648,-0.000014,0.345169,-0.867376,-0.358494,-0.938204,-0.329111,-0.107048,-0.025133,0.373291,-0.927374
5.120000,0.996054,-1.087598,0.236056,-0.053481,0.090092,-0.116829,-1.220414,0.026997,2.757009,0.109598,0.242786,-0.210316,-0.185839,2.985112,-0.637000,-1.120210,-0.271299,1.956172,0.518366,0.183398,0.239189,-0.058529,-0.111762,-0.121260,-0.664558,0.220808,-0.021628,-0.250650,0.189118,-0.326971,0.313761,-0.205143,-0.073853,0.180973,44.738251,-2.845449,-38.701297,0.926607,17.156103,-0.000015,0.343132,-0.867158,-0.360967,-0.938899,-0.327696,-0.105279,-0.026993,0.375036,-0.926617
5.130000,0.995519,-1.086697,0.234886,-0.053603,0.090298,-0.117095,-1.222571,0.028862,2.755102,0.110376,0.243092,-0.210439,-0.184007,2.987478,-0.637566,-1.121360,-0.272480,1.949506,0.520566,0.183184,0.236636,-0.056669,-0.115023,-0.118099,-0.666553,0.220057,-0.021424,-0.255284,0.186019,-0.326098,0.316096,-0.199506,-0.075112,0.184085,44.577208,-2.808735,-38.734534,0.888831,17.140404,-0.000015,0.341088,-0.866933,-0.363437,-0.939588,-0.326285,-0.103499,-0.028858,0.376783,-0.925852
5.140000,0.994982,-1.085793,0.233714,-0.053724,0.090502,-0.117360,-1.224733,0.030731,2.753191,0.111156,0.243393,-0.210559,-0.182178,2.989819,-0.638115,-1.122543,-0.273629,1.942821,0.522759,0.182972,0.234037,-0.054840,-0.118275,-0.114916,-0.668491,0.219293,-0.021218,-0.259847,0.182818,-0.325176,0.318300,-0.193846,-0.076347,0.187114,44.417589,-2.772255,-38.767324,0.850741,17.124548,-0.000016,0.339037,-0.866700,-0.365904,-0.940271,-0.324879,-0.101706,-0.030726,0.378531,-0.925079
5.150000,0.994444,-1.084886,0.232539,-0.053845,0.090706,-0.117625,-1.226900,0.032604,2.751275,0.111938,0.243689,-0.210674,-0.180350,2.992133,-0.638645,-1.123758,-0.274746,1.936118,0.524944,0.182761,0.231394,-0.053045,-0.121517,-0.111713,-0.670373,0.218518,-0.021011,-0.264337,0.179518,-0.324208,0.320372,-0.188165,-0.077557,0.190061,44.259419,-2.736024,-38.799658,0.812346,17.108537,-0.000016,0.336979,-0.866458,-0.368368,-0.940948,-0.323477,-0.099901,-0.032598,0.380280,-0.924297
5.160000,0.993905,-1.083978,0.231361,-0.053966,0.090910,-0.117888,-1.229071,0.034482,2.749355,0.112724,0.243980,-0.210786,-0.178525,2.994420,-0.639158,-1.125005,-0.275831,1.929396,0.527122,0.182553,0.228706,-0.051284,-0.124749,-0.108489,-0.672198,0.217730,-0.020804,-0.268751,0.176124,-0.323194,0.322314,-0.182468,-0.078744,0.192922,44.102726,-2.700057,-38.831528,0.773654,17.092369,-0.000017,0.334914,-0.866209,-0.370829,-0.941618,-0.322079,-0.098085,-0.034475,0.382029,-0.923507
5.170000,0.993365,-1.083068,0.230181,-0.054087,0.091112,-0.118151,-1.231248,0.036363,2.747431,0.113512,0.244266,-0.210894,-0.176701,2.996679,-0.639654,-1.126285,-0.276883,1.922656,0.529291,0.182347,0.225975,-0.049558,-0.127970,-0.105248,-0.673965,0.216931,-0.020598,-0.273089,0.172637,-0.322135,0.324126,-0.176757,-0.079906,0.195698,43.947536,-2.664368,-38.862924,0.734674,17.076044,-0.000017,0.332841,-0.865952,-0.373288,-0.942282,-0.320687,-0.096256,-0.036355,0.383780,-0.922709
5.180000,0.992823,-1.082156,0.228998,-0.054207,0.091315,-0.118414,-1.233429,0.038249,2.745503,0.114302,0.244547,-0.210999,-0.174880,2.998911,-0.640132,-1.127597,-0.277903,1.915899,0.531452,0.182143,0.223202,-0.047867,-0.131180,-0.101990,-0.675676,0.216121,-0.020394,-0.277348,0.169063,-0.321032,0.325810,-0.171036,-0.081044,0.198388,43.793875,-2.628970,-38.893838,0.695414,17.059563,-0.000018,0.330762,-0.865687,-0.375743,-0.942939,-0.319298,-0.094415,-0.038240,0.385532,-0.921902
5.190000,0.992281,-1.081242,0.227813,-0.054327,0.091516,-0.118675,-1.235615,0.040140,2.743570,0.115095,0.244823,-0.211099,-0.173060,3.001115,-0.640595,-1.128941,-0.278891,1.909126,0.533605,0.181942,0.220387,-0.046213,-0.134379,-0.098716,-0.677329,0.215299,-0.020192,-0.281527,0.165404,-0.319888,0.327366,-0.165308,-0.082159,0.200990,43.641766,-2.593879,-38.924263,0.655885,17.042923,-0.000018,0.328675,-0.865414,-0.378195,-0.943590,-0.317915,-0.092563,-0.040129,0.387284,-0.921087
5.200000,0.991737,-1.080326,0.226625,-0.054446,0.091718,-0.118936,-1.237806,0.042034,2.741633,0.115890,0.245093,-0.211196,-0.171243,3.003291,-0.641041,-1.130316,-0.279845,1.902337,0.535750,0.181742,0.217530,-0.044596,-0.137566,-0.095428,-0.678924,0.214467,-0.019993,-0.285624,0.161665,-0.318702,0.328797,-0.159577,-0.083249,0.203504,43.491236,-2.559108,-38.954190,0.616095,17.026126,-0.000019,0.326581,-0.865133,-0.380644,-0.944234,-0.316536,-0.090698,-0.042021,0.389037,-0.920263
5.210000,0.991192,-1.079408,0.225434,-0.054565,0.091918,-0.119196,-1.240002,0.043932,2.739691,0.116687,0.245358,-0.211289,-0.169427,3.005437,-0.641471,-1.131724,-0.280766,1.895532,0.537886,0.181544,0.214634,-0.043018,-0.140741,-0.092127,-0.680463,0.213624,-0.019800,-0.289637,0.157848,-0.317476,0.330104,-0.153846,-0.084317,0.205929,43.342306,-2.524671,-38.983611,0.576052,17.009171,-0.000020,0.324481,-0.864844,-0.383089,-0.944872,-0.315162,-0.088822,-0.043918,0.390791,-0.919431
5.220000,0.990646,-1.078487,0.224241,-0.054684,0.092118,-0.119456,-1.242203,0.045835,2.737746,0.117487,0.245618,-0.211379,-0.167614,3.007554,-0.641885,-1.133163,-0.281654,1.888713,0.540014,0.181348,0.211698,-0.041478,-0.143903,-0.088815,-0.681944,0.212770,-0.019611,-0.293565,0.153958,-0.316211,0.331288,-0.148117,-0.085362,0.208266,43.195000,-2.490581,-39.012519,0.535766,16.992056,-0.000020,0.322373,-0.864547,-0.385531,-0.945503,-0.313793,-0.086934,-0.045819,0.392546,-0.918590
5.230000,0.990098,-1.077565,0.223045,-0.054802,0.092317,-0.119714,-1.244408,0.047742,2.735796,0.118290,0.245873,-0.211465,-0.165802,3.009641,-0.642285,-1.134633,-0.282509,1.881879,0.542133,0.181153,0.208724,-0.039978,-0.147052,-0.085491,-0.683368,0.211906,-0.019428,-0.297408,0.149998,-0.314908,0.332351,-0.142395,-0.086384,0.210513,43.049340,-2.456851,-39.040906,0.495247,16.974783,-0.000021,0.320259,-0.864242,-0.387969,-0.946127,-0.312430,-0.085034,-0.047723,0.394301,-0.917741
5.240000,0.989550,-1.076641,0.221846,-0.054920,0.092516,-0.119972,-1.246618,0.049652,2.733842,0.119095,0.246123,-0.211546,-0.163993,3.011698,-0.642670,-1.136135,-0.283331,1.875032,0.544243,0.180961,0.205713,-0.038519,-0.150188,-0.082158,-0.684735,0.211032,-0.019252,-0.301163,0.145972,-0.313568,0.333295,-0.136682,-0.087383,0.212670,42.905349,-2.423494,-39.068765,0.454504,16.957351,-0.000021,0.318137,-0.863929,-0.390404,-0.946745,-0.311071,-0.083122,-0.049632,0.396057,-0.916884
5.250000,0.989000,-1.075715,0.220645,-0.055038,0.092714,-0.120229,-1.248833,0.051567,2.731884,0.119902,0.246367,-0.211625,-0.162185,3.013725,-0.643041,-1.137668,-0.284119,1.868171,0.546345,0.180770,0.202664,-0.037100,-0.153310,-0.078817,-0.686045,0.210149,-0.019083,-0.304830,0.141884,-0.312192,0.334123,-0.130980,-0.088361,0.214737,42.763045,-2.390523,-39.096089,0.413546,16.939759,-0.000022,0.316009,-0.863609,-0.392834,-0.947355,-0.309718,-0.081198,-0.051545,0.397813,-0.916018
5.260000,0.988449,-1.074787,0.219442,-0.055155,0.092912,-0.120485,-1.251053,0.053486,2.729922,0.120711,0.246606,-0.211699,-0.160379,3.015721,-0.643399,-1.139232,-0.284874,1.861298,0.548437,0.180581,0.199580,-0.035722,-0.156418,-0.075469,-0.687298,0.209256,-0.018922,-0.308407,0.137738,-0.310782,0.334835,-0.125294,-0.089317,0.216715,42.622451,-2.357950,-39.122871,0.372383,16.922007,-0.000022,0.313873,-0.863280,-0.395261,-0.947959,-0.308370,-0.079262,-0.053461,0.399569,-0.915143
5.270000,0.987897,-1.073857,0.218236,-0.055272,0.093109,-0.120741,-1.253277,0.055409,2.727955,0.121523,0.246840,-0.211770,-0.158575,3.017685,-0.643743,-1.140827,-0.285595,1.854413,0.550521,0.180393,0.196461,-0.034387,-0.159511,-0.072114,-0.688494,0.208353,-0.018770,-0.311894,0.133536,-0.309338,0.335435,-0.119625,-0.090252,0.218603,42.483585,-2.325788,-39.149105,0.331024,16.904095,-0.000023,0.311731,-0.862944,-0.397683,-0.948555,-0.307027,-0.077315,-0.055381,0.401326,-0.914259
5.280000,0.987343,-1.072925,0.217027,-0.055388,0.093305,-0.120995,-1.255507,0.057337,2.725984,0.122337,0.247068,-0.211837,-0.156773,3.019618,-0.644073,-1.142453,-0.286282,1.847517,0.552595,0.180207,0.193309,-0.033094,-0.162590,-0.068755,-0.689634,0.207441,-0.018627,-0.315291,0.129284,-0.307861,0.335924,-0.113977,-0.091166,0.220401,42.346466,-2.294049,-39.174784,0.289478,16.886022,-0.000023,0.309582,-0.862599,-0.400102,-0.949144,-0.305690,-0.075356,-0.057305,0.403083,-0.913367
5.290000,0.986789,-1.071991,0.215816,-0.055505,0.093501,-0.121249,-1.257740,0.059268,2.724009,0.123153,0.247290,-0.211900,-0.154973,3.021520,-0.644392,-1.144110,-0.286936,1.840610,0.554660,0.180022,0.190123,-0.031844,-0.165653,-0.065392,-0.690717,0.206521,-0.018494,-0.318595,0.124984,-0.306353,0.336306,-0.108353,-0.092060,0.222111,42.211113,-2.262745,-39.199902,0.247756,16.867788,-0.000024,0.307427,-0.862247,-0.402516,-0.949726,-0.304359,-0.073385,-0.059233,0.404840,-0.912467
5.300000,0.986233,-1.071055,0.214602,-0.055620,0.093696,-0.121502,-1.259979,0.061203,2.722030,0.123972,0.247508,-0.211960,-0.153175,3.023389,-0.644698,-1.145797,-0.287556,1.833692,0.556716,0.179838,0.186905,-0.030638,-0.168701,-0.062026,-0.691745,0.205591,-0.018372,-0.321807,0.120640,-0.304813,0.336582,-0.102754,-0.092935,0.223731,42.077543,-2.231887,-39.224452,0.205867,16.849393,-0.000025,0.305265,-0.861887,-0.404926,-0.950301,-0.303033,-0.071403,-0.061165,0.406598,-0.911557
5.310000,0.985676,-1.070117,0.213386,-0.055736,0.093891,-0.121754,-1.262222,0.063142,2.720047,0.124792,0.247719,-0.212016,-0.151378,3.025225,-0.644993,-1.147514,-0.288143,1.826765,0.558763,0.179655,0.183655,-0.029475,-0.171734,-0.058658,-0.692717,0.204653,-0.018260,-0.324927,0.116256,-0.303244,0.336754,-0.097184,-0.093789,0.225263,41.945772,-2.201486,-39.248430,0.163820,16.830836,-0.000025,0.303096,-0.861519,-0.407331,-0.950869,-0.301714,-0.069408,-0.063101,0.408356,-0.910639
5.320000,0.985119,-1.069177,0.212167,-0.055851,0.094085,-0.122006,-1.264470,0.065086,2.718060,0.125615,0.247926,-0.212068,-0.149583,3.027029,-0.645277,-1.149262,-0.288696,1.819829,0.560800,0.179474,0.180376,-0.028357,-0.174750,-0.055290,-0.693633,0.203707,-0.018160,-0.327953,0.111835,-0.301646,0.336827,-0.091645,-0.094626,0.226707,41.815818,-2.171554,-39.271829,0.121626,16.812118,-0.000026,0.300920,-0.861143,-0.409731,-0.951429,-0.300400,-0.067403,-0.065040,0.410113,-0.909713
5.330000,0.984559,-1.068235,0.210946,-0.055966,0.094278,-0.122256,-1.266722,0.067033,2.716069,0.126440,0.248126,-0.212116,-0.147790,3.028800,-0.645549,-1.151039,-0.289215,1.812884,0.562827,0.179293,0.177067,-0.027283,-0.177750,-0.051922,-0.694494,0.202753,-0.018072,-0.330886,0.107381,-0.300020,0.336801,-0.086140,-0.095443,0.228063,41.687695,-2.142101,-39.294645,0.079294,16.793237,-0.000026,0.298738,-0.860759,-0.412127,-0.951982,-0.299091,-0.065385,-0.066983,0.411871,-0.908777
5.340000,0.983999,-1.067291,0.209722,-0.056080,0.094471,-0.122506,-1.268979,0.068984,2.714073,0.127267,0.248322,-0.212161,-0.145999,3.030537,-0.645812,-1.152847,-0.289701,1.805931,0.564845,0.179113,0.173730,-0.026254,-0.180734,-0.048555,-0.695301,0.201790,-0.017996,-0.333726,0.102898,-0.298366,0.336680,-0.080671,-0.096244,0.229334,41.561418,-2.113139,-39.316871,0.036834,16.774194,-0.000027,0.296549,-0.860368,-0.414519,-0.952527,-0.297789,-0.063356,-0.068930,0.413628,-0.907833
5.350000,0.983438,-1.066346,0.208496,-0.056194,0.094663,-0.122755,-1.271240,0.070940,2.712074,0.128096,0.248511,-0.212201,-0.144210,3.032241,-0.646065,-1.154684,-0.290153,1.798970,0.566854,0.178934,0.170365,-0.025270,-0.183701,-0.045191,-0.696053,0.200820,-0.017933,-0.336471,0.098389,-0.296687,0.336467,-0.075240,-0.097027,0.230518,41.437003,-2.084678,-39.338504,-0.005745,16.754988,-0.000027,0.294354,-0.859969,-0.416905,-0.953064,-0.296494,-0.061316,-0.070880,0.415386,-0.906880
5.360000,0.982875,-1.065398,0.207267,-0.056308,0.094854,-0.123003,-1.273507,0.072899,2.710071,0.128928,0.248695,-0.212238,-0.142422,3.033910,-0.646308,-1.156550,-0.290571,1.792003,0.568852,0.178755,0.166974,-0.024332,-0.186651,-0.041829,-0.696752,0.199842,-0.017883,-0.339123,0.093858,-0.294982,0.336164,-0.069849,-0.097793,0.231617,41.314461,-2.056727,-39.359538,-0.048433,16.735620,-0.000028,0.292152,-0.859562,-0.419286,-0.953594,-0.295204,-0.059263,-0.072834,0.417143,-0.905918
5.370000,0.982312,-1.064449,0.206036,-0.056421,0.095045,-0.123251,-1.275777,0.074862,2.708063,0.129761,0.248873,-0.212272,-0.140637,3.035546,-0.646542,-1.158446,-0.290956,1.785029,0.570841,0.178577,0.163557,-0.023439,-0.189583,-0.038471,-0.697397,0.198857,-0.017846,-0.341680,0.089307,-0.293252,0.335774,-0.064501,-0.098543,0.232633,41.193806,-2.029296,-39.379968,-0.091220,16.716087,-0.000028,0.289944,-0.859147,-0.421662,-0.954117,-0.293921,-0.057200,-0.074792,0.418900,-0.904947
5.380000,0.981747,-1.063497,0.204802,-0.056534,0.095235,-0.123497,-1.278053,0.076829,2.706051,0.130596,0.249046,-0.212301,-0.138853,3.037147,-0.646768,-1.160371,-0.291307,1.778049,0.572819,0.178398,0.160115,-0.022591,-0.192498,-0.035118,-0.697989,0.197864,-0.017824,-0.344144,0.084740,-0.291499,0.335300,-0.059197,-0.099278,0.233565,41.075051,-2.002396,-39.399792,-0.134097,16.696392,-0.000029,0.287729,-0.858724,-0.424033,-0.954631,-0.292644,-0.055125,-0.076754,0.420657,-0.903967
5.390000,0.981181,-1.062544,0.203566,-0.056646,0.095424,-0.123743,-1.280333,0.078800,2.704036,0.131433,0.249212,-0.212327,-0.137070,3.038714,-0.646986,-1.162325,-0.291625,1.771064,0.574788,0.178220,0.156650,-0.021790,-0.195395,-0.031771,-0.698528,0.196864,-0.017816,-0.346514,0.080161,-0.289723,0.334745,-0.053940,-0.099997,0.234415,40.958208,-1.976036,-39.419004,-0.177053,16.676532,-0.000029,0.285508,-0.858294,-0.426399,-0.955138,-0.291373,-0.053038,-0.078719,0.422413,-0.902979
5.400000,0.980614,-1.061589,0.202327,-0.056758,0.095613,-0.123988,-1.282617,0.080775,2.702016,0.132272,0.249373,-0.212349,-0.135290,3.040245,-0.647197,-1.164308,-0.291909,1.764073,0.576746,0.178042,0.153162,-0.021034,-0.198275,-0.028430,-0.699016,0.195857,-0.017822,-0.348791,0.075573,-0.287924,0.334111,-0.048731,-0.100703,0.235183,40.843286,-1.950225,-39.437600,-0.220079,16.656509,-0.000030,0.283281,-0.857856,-0.428759,-0.955637,-0.290109,-0.050940,-0.080687,0.424169,-0.901981
5.410000,0.980046,-1.060632,0.201086,-0.056870,0.095801,-0.124232,-1.284906,0.082754,2.699993,0.133114,0.249529,-0.212368,-0.133511,3.041742,-0.647400,-1.166319,-0.292160,1.757079,0.578695,0.177864,0.149653,-0.020324,-0.201136,-0.025096,-0.699451,0.194843,-0.017843,-0.350976,0.070979,-0.286104,0.333402,-0.043573,-0.101394,0.235872,40.730298,-1.924972,-39.455578,-0.263166,16.636321,-0.000031,0.281047,-0.857411,-0.431114,-0.956128,-0.288852,-0.048831,-0.082660,0.425924,-0.900975
5.420000,0.979477,-1.059673,0.199842,-0.056981,0.095989,-0.124475,-1.287199,0.084737,2.697965,0.133956,0.249678,-0.212382,-0.131735,3.043203,-0.647596,-1.168359,-0.292377,1.750081,0.580633,0.177685,0.146122,-0.019660,-0.203978,-0.021770,-0.699836,0.193822,-0.017879,-0.353067,0.066382,-0.284263,0.332619,-0.038467,-0.102072,0.236483,40.619252,-1.900286,-39.472933,-0.306303,16.615968,-0.000031,0.278807,-0.856958,-0.433463,-0.956610,-0.287602,-0.046711,-0.084636,0.427679,-0.899960
5.430000,0.978906,-1.058712,0.198596,-0.057092,0.096175,-0.124717,-1.289497,0.086723,2.695934,0.134801,0.249822,-0.212393,-0.129960,3.044629,-0.647787,-1.170427,-0.292562,1.743079,0.582561,0.177505,0.142571,-0.019042,-0.206802,-0.018452,-0.700170,0.192795,-0.017931,-0.355066,0.061784,-0.282403,0.331767,-0.033414,-0.102737,0.237015,40.510158,-1.876175,-39.489662,-0.349483,16.595451,-0.000032,0.276561,-0.856497,-0.435806,-0.957085,-0.286358,-0.044579,-0.086615,0.429433,-0.898936
5.440000,0.978335,-1.057749,0.197348,-0.057203,0.096362,-0.124958,-1.291799,0.088714,2.693898,0.135648,0.249960,-0.212400,-0.128186,3.046019,-0.647972,-1.172523,-0.292713,1.736074,0.584479,0.177325,0.139002,-0.018471,-0.209608,-0.015143,-0.700454,0.191761,-0.017999,-0.356974,0.057191,-0.280523,0.330847,-0.028416,-0.103391,0.237472,40.403024,-1.852648,-39.505763,-0.392693,16.574768,-0.000032,0.274309,-0.856028,-0.438144,-0.957552,-0.285121,-0.042436,-0.088598,0.431186,-0.897903
5.450000,0.977762,-1.056785,0.196097,-0.057313,0.096547,-0.125199,-1.294106,0.090708,2.691859,0.136496,0.250092,-0.212404,-0.126415,3.047373,-0.648151,-1.174647,-0.292832,1.729067,0.586386,0.177145,0.135414,-0.017945,-0.212394,-0.011845,-0.700689,0.190721,-0.018082,-0.358791,0.052603,-0.278624,0.329863,-0.023476,-0.104032,0.237853,40.297860,-1.829712,-39.521232,-0.435927,16.553920,-0.000033,0.272050,-0.855552,-0.440475,-0.958010,-0.283891,-0.040282,-0.090584,0.432938,-0.896861
5.460000,0.977189,-1.055818,0.194844,-0.057423,0.096732,-0.125439,-1.296417,0.092706,2.689816,0.137346,0.250218,-0.212403,-0.124645,3.048691,-0.648326,-1.176798,-0.292917,1.722059,0.588283,0.176963,0.131808,-0.017464,-0.215161,-0.008557,-0.700875,0.189674,-0.018181,-0.360518,0.048024,-0.276708,0.328817,-0.018593,-0.104663,0.238160,40.194672,-1.807376,-39.536067,-0.479173,16.532907,-0.000033,0.269786,-0.855069,-0.442801,-0.958460,-0.282669,-0.038116,-0.092574,0.434690,-0.895809
5.470000,0.976614,-1.054850,0.193588,-0.057532,0.096916,-0.125677,-1.298733,0.094708,2.687769,0.138198,0.250338,-0.212399,-0.122877,3.049973,-0.648496,-1.178978,-0.292970,1.715049,0.590169,0.176780,0.128187,-0.017030,-0.217909,-0.005280,-0.701013,0.188621,-0.018297,-0.362155,0.043457,-0.274775,0.327713,-0.013770,-0.105283,0.238396,40.093468,-1.785647,-39.550266,-0.522423,16.511728,-0.000034,0.267516,-0.854578,-0.445120,-0.958902,-0.281453,-0.035940,-0.094567,0.436441,-0.894749
5.480000,0.976038,-1.053880,0.192330,-0.057641,0.097099,-0.125915,-1.301053,0.096714,2.685718,0.139052,0.250452,-0.212391,-0.121111,3.051218,-0.648662,-1.181184,-0.292990,1.708038,0.592044,0.176596,0.124550,-0.016641,-0.220637,-0.002014,-0.701103,0.187562,-0.018430,-0.363703,0.038905,-0.272825,0.326553,-0.009008,-0.105893,0.238560,39.994254,-1.764532,-39.563825,-0.565667,16.490383,-0.000034,0.265239,-0.854079,-0.447433,-0.959335,-0.280245,-0.033753,-0.096563,0.438191,-0.893680
5.490000,0.975461,-1.052908,0.191070,-0.057749,0.097282,-0.126152,-1.303377,0.098724,2.683663,0.139907,0.250560,-0.212380,-0.119347,3.052427,-0.648825,-1.183417,-0.292978,1.701026,0.593909,0.176410,0.120898,-0.016297,-0.223346,0.001239,-0.701146,0.186497,-0.018579,-0.365164,0.034370,-0.270859,0.325339,-0.004308,-0.106493,0.238655,39.897036,-1.744039,-39.576745,-0.608897,16.468872,-0.000035,0.262957,-0.853573,-0.449740,-0.959760,-0.279044,-0.031554,-0.098563,0.439940,-0.892602
5.500000,0.974883,-1.051934,0.189807,-0.057857,0.097464,-0.126388,-1.305706,0.100737,2.681604,0.140764,0.250662,-0.212365,-0.117585,3.053600,-0.648985,-1.185678,-0.292933,1.694015,0.595764,0.176222,0.117233,-0.015998,-0.226034,0.004480,-0.701143,0.185427,-0.018746,-0.366537,0.029855,-0.268879,0.324075,0.000329,-0.107085,0.238681,39.801819,-1.724174,-39.589021,-0.652102,16.447194,-0.000036,0.260669,-0.853060,-0.452040,-0.960176,-0.277850,-0.029345,-0.100567,0.441688,-0.891515
5.510000,0.974304,-1.050959,0.188542,-0.057965,0.097646,-0.126624,-1.308039,0.102754,2.679541,0.141623,0.250758,-0.212346,-0.115825,3.054735,-0.649143,-1.187965,-0.292856,1.687004,0.597607,0.176033,0.113555,-0.015745,-0.228703,0.007708,-0.701094,0.184350,-0.018929,-0.367824,0.025362,-0.266883,0.322763,0.004902,-0.107669,0.238641,39.708610,-1.704945,-39.600654,-0.695275,16.425350,-0.000036,0.258374,-0.852539,-0.454334,-0.960584,-0.276664,-0.027124,-0.102573,0.443434,-0.890418
5.520000,0.973724,-1.049981,0.187275,-0.058072,0.097827,-0.126858,-1.310376,0.104775,2.677475,0.142483,0.250848,-0.212323,-0.114066,3.055834,-0.649298,-1.190278,-0.292747,1.679994,0.599440,0.175842,0.109864,-0.015536,-0.231352,0.010922,-0.701000,0.183267,-0.019130,-0.369027,0.020895,-0.264874,0.321406,0.009409,-0.108244,0.238536,39.617411,-1.686358,-39.611642,-0.738405,16.403339,-0.000037,0.256075,-0.852011,-0.456621,-0.960983,-0.275485,-0.024893,-0.104583,0.445179,-0.889313
5.530000,0.973142,-1.049002,0.186005,-0.058179,0.098007,-0.127092,-1.312718,0.106799,2.675404,0.143344,0.250932,-0.212297,-0.112310,3.056895,-0.649452,-1.192618,-0.292606,1.672985,0.601262,0.175648,0.106163,-0.015371,-0.233980,0.014122,-0.700861,0.182179,-0.019349,-0.370145,0.016454,-0.262851,0.320006,0.013850,-0.108812,0.238367,39.528228,-1.668419,-39.621982,-0.781484,16.381161,-0.000037,0.253769,-0.851476,-0.458901,-0.961373,-0.274315,-0.022651,-0.106597,0.446924,-0.888198
5.540000,0.972560,-1.048021,0.184733,-0.058286,0.098186,-0.127324,-1.315064,0.108828,2.673330,0.144208,0.251010,-0.212266,-0.110555,3.057920,-0.649604,-1.194984,-0.292433,1.665978,0.603072,0.175452,0.102451,-0.015251,-0.236589,0.017308,-0.700679,0.181086,-0.019585,-0.371180,0.012044,-0.260816,0.318565,0.018224,-0.109374,0.238136,39.441063,-1.651135,-39.631676,-0.824504,16.358815,-0.000038,0.251458,-0.850933,-0.461175,-0.961755,-0.273151,-0.020398,-0.108613,0.448666,-0.887075
5.550000,0.971977,-1.047038,0.183459,-0.058392,0.098365,-0.127556,-1.317414,0.110860,2.671253,0.145072,0.251081,-0.212233,-0.108803,3.058907,-0.649756,-1.197376,-0.292228,1.658974,0.604872,0.175254,0.098730,-0.015174,-0.239176,0.020478,-0.700453,0.179986,-0.019839,-0.372133,0.007665,-0.258769,0.317088,0.022530,-0.109929,0.237844,39.355920,-1.634510,-39.640720,-0.867455,16.336303,-0.000038,0.249141,-0.850383,-0.463441,-0.962127,-0.271996,-0.018135,-0.110633,0.450408,-0.885942
5.560000,0.971392,-1.046054,0.182182,-0.058497,0.098543,-0.127787,-1.319769,0.112895,2.669171,0.145938,0.251147,-0.212195,-0.107052,3.059857,-0.649907,-1.199793,-0.291991,1.651972,0.606661,0.175053,0.095000,-0.015141,-0.241743,0.023634,-0.700186,0.178881,-0.020112,-0.373006,0.003321,-0.256710,0.315575,0.026768,-0.110478,0.237493,39.272802,-1.618552,-39.649116,-0.910329,16.313623,-0.000039,0.246818,-0.849826,-0.465701,-0.962491,-0.270849,-0.015861,-0.112656,0.452147,-0.884800
5.570000,0.970807,-1.045068,0.180903,-0.058603,0.098720,-0.128016,-1.322127,0.114935,2.667086,0.146806,0.251206,-0.212154,-0.105304,3.060770,-0.650059,-1.202236,-0.291724,1.644973,0.608439,0.174849,0.091262,-0.015151,-0.244290,0.026774,-0.699876,0.177771,-0.020402,-0.373799,-0.000987,-0.254640,0.314029,0.030936,-0.111021,0.237085,39.191711,-1.603265,-39.656862,-0.953117,16.290776,-0.000039,0.244490,-0.849261,-0.467953,-0.962846,-0.269709,-0.013576,-0.114682,0.453886,-0.883649
5.580000,0.970220,-1.044079,0.179622,-0.058707,0.098896,-0.128245,-1.324490,0.116978,2.664996,0.147675,0.251259,-0.212109,-0.103557,3.061645,-0.650211,-1.204704,-0.291425,1.637978,0.610205,0.174642,0.087517,-0.015203,-0.246815,0.029899,-0.699526,0.176656,-0.020712,-0.374514,-0.005256,-0.252560,0.312454,0.035034,-0.111560,0.236620,39.112648,-1.588656,-39.663959,-0.995811,16.267760,-0.000040,0.242157,-0.848690,-0.470198,-0.963192,-0.268578,-0.011281,-0.116711,0.455622,-0.882489
5.590000,0.969633,-1.043090,0.178338,-0.058812,0.099072,-0.128473,-1.326858,0.119024,2.662904,0.148545,0.251306,-0.212060,-0.101813,3.062483,-0.650364,-1.207197,-0.291095,1.630987,0.611961,0.174431,0.083765,-0.015298,-0.249320,0.033008,-0.699135,0.175535,-0.021040,-0.375152,-0.009484,-0.250471,0.310850,0.039062,-0.112094,0.236101,39.035615,-1.574728,-39.670406,-1.038403,16.244577,-0.000041,0.239818,-0.848111,-0.472435,-0.963529,-0.267455,-0.008975,-0.118743,0.457357,-0.881320
5.600000,0.969044,-1.042098,0.177052,-0.058916,0.099247,-0.128700,-1.329229,0.121074,2.660807,0.149416,0.251346,-0.212008,-0.100071,3.063283,-0.650518,-1.209715,-0.290734,1.623999,0.613705,0.174217,0.080008,-0.015435,-0.251804,0.036100,-0.698705,0.174408,-0.021386,-0.375714,-0.013670,-0.248372,0.309220,0.043018,-0.112624,0.235529,38.960613,-1.561487,-39.676203,-1.080884,16.221226,-0.000041,0.237473,-0.847525,-0.474665,-0.963856,-0.266340,-0.006659,-0.120779,0.459090,-0.880141
5.610000,0.968454,-1.041105,0.175764,-0.059019,0.099422,-0.128927,-1.331605,0.123128,2.658707,0.150289,0.251381,-0.211952,-0.098331,3.064045,-0.650674,-1.212258,-0.290342,1.617017,0.615438,0.174000,0.076246,-0.015613,-0.254266,0.039175,-0.698236,0.173277,-0.021752,-0.376201,-0.017812,-0.246264,0.307567,0.046903,-0.113150,0.234905,38.887644,-1.548938,-39.681351,-1.123246,16.197706,-0.000042,0.235124,-0.846933,-0.476888,-0.964175,-0.265233,-0.004332,-0.122817,0.460822,-0.878954
5.620000,0.967864,-1.040110,0.174474,-0.059122,0.099595,-0.129152,-1.333984,0.125186,2.656603,0.151163,0.251409,-0.211892,-0.096593,3.064770,-0.650833,-1.214825,-0.289920,1.610040,0.617159,0.173779,0.072480,-0.015832,-0.256708,0.042234,-0.697729,0.172140,-0.022137,-0.376615,-0.021907,-0.244149,0.305893,0.050716,-0.113672,0.234231,38.816706,-1.537086,-39.685849,-1.165481,16.174018,-0.000042,0.232769,-0.846333,-0.479103,-0.964484,-0.264135,-0.001995,-0.124859,0.462551,-0.877757
5.630000,0.967272,-1.039113,0.173181,-0.059225,0.099768,-0.129376,-1.336368,0.127247,2.654495,0.152038,0.251430,-0.211829,-0.094858,3.065457,-0.650994,-1.217416,-0.289467,1.603068,0.618869,0.173553,0.068710,-0.016092,-0.259128,0.045276,-0.697185,0.170998,-0.022541,-0.376958,-0.025954,-0.242026,0.304199,0.054457,-0.114192,0.233508,38.747800,-1.525935,-39.689700,-1.207582,16.150162,-0.000043,0.230409,-0.845726,-0.481310,-0.964784,-0.263045,0.000352,-0.126904,0.464279,-0.876551
5.640000,0.966679,-1.038114,0.171886,-0.059327,0.099940,-0.129599,-1.338756,0.129311,2.652384,0.152914,0.251446,-0.211762,-0.093124,3.066106,-0.651158,-1.220032,-0.288984,1.596102,0.620567,0.173323,0.064938,-0.016391,-0.261527,0.048301,-0.696603,0.169851,-0.022965,-0.377230,-0.029952,-0.239896,0.302488,0.058125,-0.114709,0.232739,38.680926,-1.515488,-39.692902,-1.249541,16.126138,-0.000043,0.228043,-0.845113,-0.483509,-0.965074,-0.261963,0.002709,-0.128951,0.466004,-0.875335
5.650000,0.966085,-1.037114,0.170589,-0.059429,0.100112,-0.129822,-1.341149,0.131380,2.650269,0.153792,0.251455,-0.211691,-0.091393,3.066718,-0.651325,-1.222671,-0.288471,1.589142,0.622254,0.173089,0.061164,-0.016730,-0.263905,0.051309,-0.695986,0.168699,-0.023409,-0.377434,-0.033898,-0.237760,0.300762,0.061721,-0.115223,0.231924,38.616082,-1.505751,-39.695459,-1.291349,16.101945,-0.000044,0.225673,-0.844492,-0.485700,-0.965355,-0.260891,0.005077,-0.131002,0.467727,-0.874111
5.660000,0.965490,-1.036112,0.169290,-0.059530,0.100283,-0.130043,-1.343545,0.133451,2.648151,0.154670,0.251457,-0.211617,-0.089665,3.067292,-0.651496,-1.225333,-0.287928,1.582189,0.623930,0.172851,0.057388,-0.017108,-0.266261,0.054299,-0.695334,0.167542,-0.023873,-0.377569,-0.037790,-0.235618,0.299023,0.065243,-0.115736,0.231065,38.553269,-1.496727,-39.697369,-1.333000,16.077583,-0.000044,0.223297,-0.843865,-0.487883,-0.965626,-0.259827,0.007454,-0.133056,0.469449,-0.872877
5.670000,0.964895,-1.035108,0.167988,-0.059631,0.100453,-0.130264,-1.345945,0.135527,2.646029,0.155550,0.251453,-0.211539,-0.087939,3.067828,-0.651671,-1.228019,-0.287355,1.575242,0.625594,0.172607,0.053611,-0.017524,-0.268596,0.057272,-0.694647,0.166379,-0.024357,-0.377639,-0.041628,-0.233471,0.297272,0.068692,-0.116247,0.230163,38.492484,-1.488421,-39.698635,-1.374486,16.053052,-0.000045,0.220917,-0.843231,-0.490058,-0.965888,-0.258771,0.009842,-0.135112,0.471168,-0.871634
5.680000,0.964298,-1.034103,0.166684,-0.059732,0.100622,-0.130483,-1.348350,0.137605,2.643903,0.156431,0.251443,-0.211457,-0.086215,3.068326,-0.651851,-1.230728,-0.286753,1.568303,0.627246,0.172358,0.049835,-0.017978,-0.270909,0.060227,-0.693926,0.165212,-0.024862,-0.377644,-0.045410,-0.231320,0.295512,0.072067,-0.116756,0.229220,38.433725,-1.480835,-39.699258,-1.415800,16.028353,-0.000046,0.218531,-0.842590,-0.492225,-0.966141,-0.257725,0.012239,-0.137171,0.472884,-0.870382
5.690000,0.963700,-1.033096,0.165379,-0.059832,0.100791,-0.130702,-1.350758,0.139688,2.641774,0.157312,0.251426,-0.211372,-0.084494,3.068787,-0.652036,-1.233460,-0.286121,1.561371,0.628886,0.172105,0.046059,-0.018470,-0.273200,0.063164,-0.693172,0.164039,-0.025387,-0.377585,-0.049135,-0.229164,0.293744,0.075369,-0.117265,0.228237,38.376992,-1.473973,-39.699240,-1.456935,16.003484,-0.000046,0.216141,-0.841943,-0.494384,-0.966383,-0.256687,0.014647,-0.139234,0.474598,-0.869120
5.700000,0.963101,-1.032087,0.164070,-0.059932,0.100958,-0.130919,-1.353170,0.141773,2.639641,0.158195,0.251403,-0.211283,-0.082776,3.069210,-0.652226,-1.236215,-0.285460,1.554447,0.630515,0.171845,0.042284,-0.018998,-0.275471,0.066084,-0.692386,0.162861,-0.025933,-0.377465,-0.052800,-0.227004,0.291970,0.078598,-0.117772,0.227216,38.322281,-1.467838,-39.698582,-1.497884,15.978447,-0.000047,0.213746,-0.841289,-0.496534,-0.966616,-0.255659,0.017064,-0.141299,0.476310,-0.867850
5.710000,0.962501,-1.031077,0.162760,-0.060031,0.101125,-0.131136,-1.355587,0.143862,2.637504,0.159078,0.251373,-0.211191,-0.081060,3.069595,-0.652421,-1.238992,-0.284770,1.547532,0.632132,0.171580,0.038512,-0.019562,-0.277719,0.068986,-0.691569,0.161678,-0.026500,-0.377285,-0.056405,-0.224842,0.290191,0.081753,-0.118279,0.226158,38.269590,-1.462434,-39.697286,-1.538639,15.953241,-0.000047,0.211346,-0.840628,-0.498675,-0.966840,-0.254639,0.019491,-0.143367,0.478020,-0.866570
5.720000,0.961901,-1.030065,0.161448,-0.060129,0.101292,-0.131352,-1.358007,0.145955,2.635365,0.159962,0.251337,-0.211095,-0.079347,3.069942,-0.652623,-1.241792,-0.284052,1.540625,0.633736,0.171309,0.034741,-0.020161,-0.279946,0.071870,-0.690721,0.160491,-0.027089,-0.377045,-0.059949,-0.222677,0.288409,0.084834,-0.118786,0.225064,38.218917,-1.457764,-39.695354,-1.579195,15.927866,-0.000048,0.208941,-0.839961,-0.500808,-0.967053,-0.253629,0.021927,-0.145437,0.479726,-0.865281
5.730000,0.961299,-1.029051,0.160133,-0.060228,0.101457,-0.131566,-1.360432,0.148051,2.633221,0.160847,0.251294,-0.210995,-0.077637,3.070252,-0.652831,-1.244613,-0.283304,1.533726,0.635329,0.171032,0.030974,-0.020796,-0.282151,0.074736,-0.689842,0.159298,-0.027699,-0.376748,-0.063429,-0.220511,0.286626,0.087842,-0.119292,0.223936,38.170258,-1.453830,-39.692788,-1.619544,15.902322,-0.000048,0.206532,-0.839288,-0.502932,-0.967256,-0.252628,0.024373,-0.147511,0.481430,-0.863982
5.740000,0.960696,-1.028036,0.158816,-0.060326,0.101622,-0.131780,-1.362860,0.150151,2.631074,0.161733,0.251245,-0.210892,-0.075929,3.070524,-0.653046,-1.247457,-0.282528,1.526837,0.636910,0.170749,0.027210,-0.021464,-0.284334,0.077585,-0.688934,0.158100,-0.028331,-0.376395,-0.066846,-0.218343,0.284843,0.090776,-0.119799,0.222775,38.123611,-1.450636,-39.689589,-1.659681,15.876609,-0.000049,0.204118,-0.838608,-0.505047,-0.967450,-0.251636,0.026829,-0.149587,0.483132,-0.862675
5.750000,0.960092,-1.027018,0.157497,-0.060423,0.101786,-0.131993,-1.365292,0.152253,2.628924,0.162620,0.251189,-0.210785,-0.074224,3.070759,-0.653267,-1.250322,-0.281724,1.519957,0.638479,0.170459,0.023450,-0.022166,-0.286496,0.080415,-0.687998,0.156897,-0.028986,-0.375988,-0.070198,-0.216174,0.283061,0.093637,-0.120305,0.221582,38.078972,-1.448184,-39.685762,-1.699599,15.850727,-0.000049,0.201700,-0.837921,-0.507154,-0.967633,-0.250654,0.029294,-0.151666,0.484830,-0.861358
5.760000,0.959488,-1.026000,0.156177,-0.060520,0.101949,-0.132205,-1.367729,0.154360,2.626770,0.163507,0.251126,-0.210674,-0.072523,3.070956,-0.653496,-1.253208,-0.280892,1.513086,0.640036,0.170163,0.019695,-0.022901,-0.288636,0.083228,-0.687034,0.155689,-0.029663,-0.375527,-0.073483,-0.214005,0.281283,0.096425,-0.120812,0.220359,38.036337,-1.446476,-39.681307,-1.739291,15.824676,-0.000050,0.199277,-0.837229,-0.509251,-0.967807,-0.249681,0.031768,-0.153747,0.486526,-0.860031
5.770000,0.958882,-1.024979,0.154853,-0.060616,0.102112,-0.132415,-1.370169,0.156469,2.624613,0.164395,0.251057,-0.210560,-0.070824,3.071115,-0.653733,-1.256115,-0.280032,1.506226,0.641581,0.169859,0.015944,-0.023668,-0.290754,0.086023,-0.686042,0.154475,-0.030362,-0.375015,-0.076701,-0.211836,0.279508,0.099140,-0.121320,0.219106,37.995703,-1.445515,-39.676228,-1.778753,15.798456,-0.000050,0.196850,-0.836530,-0.511339,-0.967970,-0.248717,0.034252,-0.155832,0.488219,-0.858696
5.780000,0.958275,-1.023958,0.153528,-0.060712,0.102274,-0.132625,-1.372613,0.158582,2.622452,0.165284,0.250981,-0.210442,-0.069129,3.071237,-0.653978,-1.259044,-0.279144,1.499376,0.643114,0.169548,0.012200,-0.024466,-0.292851,0.088801,-0.685024,0.153257,-0.031085,-0.374453,-0.079851,-0.209668,0.277738,0.101782,-0.121828,0.217826,37.957066,-1.445303,-39.670526,-1.817978,15.772067,-0.000051,0.194418,-0.835825,-0.513418,-0.968124,-0.247763,0.036745,-0.157918,0.489909,-0.857351
5.790000,0.957668,-1.022934,0.152201,-0.060808,0.102435,-0.132834,-1.375060,0.160699,2.620288,0.166173,0.250899,-0.210321,-0.067437,3.071322,-0.654230,-1.261993,-0.278228,1.492536,0.644634,0.169230,0.008462,-0.025296,-0.294926,0.091560,-0.683981,0.152034,-0.031831,-0.373842,-0.082931,-0.207501,0.275975,0.104352,-0.122337,0.216518,37.920421,-1.445842,-39.664206,-1.856960,15.745509,-0.000052,0.191983,-0.835113,-0.515488,-0.968267,-0.246819,0.039247,-0.160008,0.491595,-0.855997
5.800000,0.957059,-1.021909,0.150872,-0.060903,0.102595,-0.133042,-1.377512,0.162818,2.618121,0.167062,0.250810,-0.210196,-0.065747,3.071369,-0.654492,-1.264963,-0.277285,1.485707,0.646142,0.168904,0.004730,-0.026155,-0.296979,0.094303,-0.682912,0.150805,-0.032601,-0.373184,-0.085941,-0.205337,0.274220,0.106849,-0.122846,0.215184,37.885765,-1.447135,-39.657269,-1.895694,15.718783,-0.000052,0.189543,-0.834396,-0.517549,-0.968399,-0.245884,0.041758,-0.162100,0.493279,-0.854634
5.810000,0.956450,-1.020882,0.149540,-0.060998,0.102754,-0.133248,-1.379968,0.164941,2.615950,0.167953,0.250714,-0.210068,-0.064062,3.071379,-0.654762,-1.267953,-0.276315,1.478889,0.647638,0.168570,0.001005,-0.027044,-0.299011,0.097027,-0.681820,0.149572,-0.033395,-0.372480,-0.088880,-0.203175,0.272473,0.109274,-0.123357,0.213826,37.853093,-1.449183,-39.649718,-1.934174,15.691887,-0.000053,0.187098,-0.833673,-0.519600,-0.968522,-0.244959,0.044278,-0.164194,0.494959,-0.853262
5.820000,0.955839,-1.019854,0.148207,-0.061092,0.102913,-0.133454,-1.382427,0.167067,2.613775,0.168843,0.250612,-0.209936,-0.062379,3.071352,-0.655042,-1.270963,-0.275318,1.472082,0.649121,0.168228,-0.002712,-0.027961,-0.301021,0.099735,-0.680703,0.148333,-0.034213,-0.371732,-0.091747,-0.201016,0.270735,0.111627,-0.123869,0.212444,37.822401,-1.451988,-39.641557,-1.972396,15.664823,-0.000053,0.184650,-0.832943,-0.521641,-0.968634,-0.244044,0.046807,-0.166291,0.496636,-0.851880
5.830000,0.955228,-1.018824,0.146871,-0.061186,0.103071,-0.133659,-1.384890,0.169197,2.611598,0.169734,0.250503,-0.209800,-0.060701,3.071288,-0.655331,-1.273993,-0.274293,1.465286,0.650592,0.167877,-0.006422,-0.028907,-0.303010,0.102425,-0.679564,0.147089,-0.035056,-0.370940,-0.094542,-0.198861,0.269008,0.113909,-0.124381,0.211039,37.793683,-1.455551,-39.632788,-2.010353,15.637590,-0.000054,0.182198,-0.832208,-0.523673,-0.968736,-0.243139,0.049345,-0.168391,0.498310,-0.850489
5.840000,0.954615,-1.017792,0.145533,-0.061279,0.103228,-0.133863,-1.387357,0.171330,2.609417,0.170626,0.250387,-0.209661,-0.059026,3.071186,-0.655630,-1.277043,-0.273242,1.458502,0.652050,0.167518,-0.010123,-0.029879,-0.304977,0.105098,-0.678403,0.145840,-0.035923,-0.370107,-0.097262,-0.196710,0.267293,0.116120,-0.124895,0.209613,37.766936,-1.459875,-39.623415,-2.048043,15.610188,-0.000054,0.179742,-0.831467,-0.525695,-0.968827,-0.242244,0.051892,-0.170493,0.499980,-0.849089
5.850000,0.954002,-1.016759,0.144194,-0.061372,0.103384,-0.134065,-1.389827,0.173466,2.607233,0.171518,0.250264,-0.209519,-0.057354,3.071048,-0.655939,-1.280112,-0.272165,1.451730,0.653496,0.167150,-0.013815,-0.030879,-0.306923,0.107754,-0.677221,0.144586,-0.036817,-0.369234,-0.099909,-0.194563,0.265589,0.118260,-0.125410,0.208165,37.742154,-1.464960,-39.613441,-2.085458,15.582618,-0.000055,0.177282,-0.830720,-0.527707,-0.968907,-0.241359,0.054447,-0.172597,0.501647,-0.847679
5.860000,0.953388,-1.015725,0.142852,-0.061464,0.103540,-0.134267,-1.392302,0.175605,2.605045,0.172410,0.250135,-0.209373,-0.055686,3.070873,-0.656258,-1.283201,-0.271061,1.444970,0.654929,0.166772,-0.017498,-0.031903,-0.308847,0.110393,-0.676017,0.143327,-0.037736,-0.368322,-0.102480,-0.192422,0.263899,0.120330,-0.125926,0.206697,37.719332,-1.470809,-39.602870,-2.122596,15.554880,-0.000055,0.174818,-0.829968,-0.529710,-0.968977,-0.240484,0.057011,-0.174704,0.503310,-0.846261
5.870000,0.952773,-1.014688,0.141508,-0.061556,0.103695,-0.134468,-1.394780,0.177747,2.602854,0.173302,0.249999,-0.209223,-0.054022,3.070662,-0.656587,-1.286308,-0.269931,1.438222,0.656350,0.166386,-0.021172,-0.032953,-0.310750,0.113015,-0.674794,0.142062,-0.038681,-0.367372,-0.104976,-0.190287,0.262222,0.122329,-0.126442,0.205211,37.698466,-1.477422,-39.591704,-2.159451,15.526974,-0.000056,0.172350,-0.829209,-0.531702,-0.969037,-0.239619,0.059583,-0.176813,0.504970,-0.844833
5.880000,0.952157,-1.013651,0.140163,-0.061647,0.103848,-0.134667,-1.397261,0.179893,2.600660,0.174195,0.249856,-0.209070,-0.052363,3.070413,-0.656928,-1.289435,-0.268774,1.431486,0.657758,0.165989,-0.024836,-0.034027,-0.312631,0.115620,-0.673551,0.140793,-0.039653,-0.366386,-0.107396,-0.188158,0.260560,0.124259,-0.126960,0.203706,37.679550,-1.484800,-39.579947,-2.196018,15.498899,-0.000056,0.169879,-0.828446,-0.533685,-0.969086,-0.238764,0.062164,-0.178924,0.506626,-0.843396
5.890000,0.951540,-1.012612,0.138815,-0.061738,0.104002,-0.134866,-1.399747,0.182042,2.598463,0.175087,0.249706,-0.208914,-0.050707,3.070128,-0.657279,-1.292580,-0.267592,1.424763,0.659153,0.165583,-0.028490,-0.035124,-0.314492,0.118209,-0.672290,0.139518,-0.040652,-0.365366,-0.109738,-0.186037,0.258912,0.126120,-0.127479,0.202183,37.662579,-1.492945,-39.567603,-2.232295,15.470656,-0.000057,0.167404,-0.827676,-0.535657,-0.969124,-0.237920,0.064753,-0.181038,0.508278,-0.841949
5.900000,0.950922,-1.011571,0.137465,-0.061828,0.104154,-0.135063,-1.402236,0.184193,2.596262,0.175980,0.249550,-0.208754,-0.049055,3.069807,-0.657641,-1.295743,-0.266385,1.418053,0.660536,0.165166,-0.032133,-0.036245,-0.316331,0.120782,-0.671011,0.138238,-0.041679,-0.364311,-0.112003,-0.183922,0.257280,0.127912,-0.127998,0.200643,37.647549,-1.501858,-39.554675,-2.268277,15.442246,-0.000058,0.164925,-0.826901,-0.537619,-0.969151,-0.237086,0.067350,-0.183154,0.509926,-0.840494
5.910000,0.950303,-1.010528,0.136114,-0.061918,0.104305,-0.135260,-1.404729,0.186349,2.594059,0.176873,0.249386,-0.208590,-0.047408,3.069449,-0.658015,-1.298924,-0.265151,1.411356,0.661905,0.164738,-0.035765,-0.037386,-0.318149,0.123339,-0.669715,0.136953,-0.042733,-0.363224,-0.114189,-0.181816,0.255664,0.129635,-0.128519,0.199087,37.634453,-1.511540,-39.541167,-2.303960,15.413668,-0.000058,0.162444,-0.826121,-0.539570,-0.969168,-0.236262,0.069956,-0.185272,0.511571,-0.839029
5.920000,0.949684,-1.009485,0.134760,-0.062008,0.104456,-0.135455,-1.407225,0.188507,2.591852,0.177766,0.249216,-0.208423,-0.045765,3.069055,-0.658401,-1.302124,-0.263892,1.404672,0.663262,0.164300,-0.039386,-0.038549,-0.319946,0.125880,-0.668402,0.135662,-0.043816,-0.362106,-0.116297,-0.179719,0.254064,0.131291,-0.129040,0.197515,37.623286,-1.521990,-39.527082,-2.339341,15.384922,-0.000059,0.159958,-0.825335,-0.541512,-0.969174,-0.235449,0.072569,-0.187392,0.513211,-0.837555
5.930000,0.949063,-1.008439,0.133405,-0.062097,0.104606,-0.135650,-1.409725,0.190668,2.589642,0.178659,0.249039,-0.208253,-0.044126,3.068626,-0.658798,-1.305341,-0.262608,1.398001,0.664605,0.163851,-0.042996,-0.039733,-0.321723,0.128404,-0.667073,0.134367,-0.044927,-0.360958,-0.118326,-0.177631,0.252481,0.132879,-0.129561,0.195928,37.614044,-1.533211,-39.512424,-2.374415,15.356009,-0.000059,0.157470,-0.824544,-0.543443,-0.969168,-0.234646,0.075191,-0.189515,0.514847,-0.836072
5.940000,0.948442,-1.007393,0.132047,-0.062185,0.104755,-0.135843,-1.412228,0.192832,2.587428,0.179552,0.248855,-0.208079,-0.042492,3.068160,-0.659207,-1.308576,-0.261299,1.391344,0.665936,0.163390,-0.046594,-0.040935,-0.323478,0.130914,-0.665729,0.133066,-0.046067,-0.359781,-0.120275,-0.175552,0.250915,0.134400,-0.130083,0.194327,37.606722,-1.545203,-39.497197,-2.409180,15.326929,-0.000060,0.154978,-0.823748,-0.545363,-0.969152,-0.233854,0.077820,-0.191640,0.516479,-0.834580
5.950000,0.947820,-1.006344,0.130688,-0.062273,0.104903,-0.136035,-1.414735,0.195000,2.585212,0.180445,0.248664,-0.207902,-0.040863,3.067658,-0.659629,-1.311828,-0.259965,1.384700,0.667254,0.162918,-0.050179,-0.042157,-0.325213,0.133407,-0.664370,0.131760,-0.047237,-0.358577,-0.122143,-0.173484,0.249367,0.135854,-0.130605,0.192711,37.601312,-1.557966,-39.481405,-2.443632,15.297682,-0.000060,0.152483,-0.822947,-0.547272,-0.969125,-0.233073,0.080457,-0.193767,0.518107,-0.833078
5.960000,0.947196,-1.005294,0.129327,-0.062361,0.105051,-0.136227,-1.417246,0.197171,2.582992,0.181337,0.248466,-0.207721,-0.039239,3.067120,-0.660063,-1.315097,-0.258606,1.378070,0.668558,0.162434,-0.053753,-0.043396,-0.326927,0.135886,-0.662998,0.130449,-0.048437,-0.357346,-0.123931,-0.171427,0.247836,0.137243,-0.131126,0.191081,37.597812,-1.571501,-39.465051,-2.477768,15.268269,-0.000061,0.149984,-0.822141,-0.549171,-0.969087,-0.232302,0.083102,-0.195895,0.519731,-0.831568
5.970000,0.946572,-1.004243,0.127963,-0.062448,0.105198,-0.136417,-1.419760,0.199344,2.580770,0.182230,0.248262,-0.207537,-0.037619,3.066547,-0.660509,-1.318384,-0.257223,1.371454,0.669850,0.161937,-0.057314,-0.044653,-0.328621,0.138349,-0.661612,0.129132,-0.049668,-0.356089,-0.125638,-0.169381,0.246324,0.138565,-0.131648,0.189437,37.596214,-1.585808,-39.448139,-2.511586,15.238688,-0.000061,0.147483,-0.821329,-0.551060,-0.969038,-0.231542,0.085755,-0.198026,0.521350,-0.830048
5.980000,0.945947,-1.003191,0.126598,-0.062535,0.105343,-0.136606,-1.422277,0.201521,2.578544,0.183122,0.248050,-0.207350,-0.036005,3.065939,-0.660969,-1.321686,-0.255815,1.364852,0.671128,0.161428,-0.060862,-0.045925,-0.330295,0.140797,-0.660214,0.127811,-0.050930,-0.354808,-0.127263,-0.167348,0.244829,0.139823,-0.132169,0.187781,37.596515,-1.600887,-39.430674,-2.545082,15.208942,-0.000062,0.144979,-0.820513,-0.552937,-0.968977,-0.230793,0.088415,-0.200159,0.522965,-0.828519
5.990000,0.945322,-1.002136,0.125231,-0.062621,0.105488,-0.136794,-1.424799,0.203700,2.576315,0.184014,0.247832,-0.207159,-0.034396,3.065295,-0.661441,-1.325006,-0.254383,1.358264,0.672392,0.160905,-0.064397,-0.047213,-0.331948,0.143231,-0.658804,0.126484,-0.052223,-0.353504,-0.128806,-0.165327,0.243353,0.141016,-0.132690,0.186111,37.598708,-1.616739,-39.412658,-2.578254,15.179030,-0.000062,0.142472,-0.819692,-0.554803,-0.968906,-0.230055,0.091082,-0.202294,0.524575,-0.826981
6.000000,0.944695,-1.001081,0.123862,-0.062706,0.105633,-0.136981,-1.427323,0.205883,2.574083,0.184905,0.247607,-0.206965,-0.032792,3.064615,-0.661926,-1.328342,-0.252926,1.351690,0.673644,0.160370,-0.067919,-0.048516,-0.333581,0.145650,-0.657383,0.125152,-0.053549,-0.352178,-0.130266,-0.163319,0.241895,0.142145,-0.133209,0.184428,37.602789,-1.633365,-39.394096,-2.611100,15.148952,-0.000063,0.139962,-0.818866,-0.556658,-0.968823,-0.229328,0.093757,-0.204431,0.526181,-0.825434
6.010000,0.944067,-1.000024,0.122492,-0.062791,0.105776,-0.137167,-1.429851,0.208068,2.571848,0.185797,0.247374,-0.206768,-0.031194,3.063901,-0.662424,-1.331694,-0.251445,1.345131,0.674882,0.159821,-0.071427,-0.049832,-0.335194,0.148054,-0.655950,0.123814,-0.054907,-0.350830,-0.131643,-0.161325,0.240456,0.143211,-0.133728,0.182732,37.608753,-1.650763,-39.374992,-2.643617,15.118708,-0.000063,0.137449,-0.818036,-0.558503,-0.968729,-0.228611,0.096439,-0.206570,0.527782,-0.823878
6.020000,0.943439,-0.998965,0.121119,-0.062876,0.105919,-0.137352,-1.432382,0.210257,2.569610,0.186687,0.247135,-0.206567,-0.029602,3.063152,-0.662936,-1.335062,-0.249941,1.338585,0.676107,0.159258,-0.074921,-0.051162,-0.336788,0.150444,-0.654508,0.122472,-0.056298,-0.349461,-0.132938,-0.159344,0.239035,0.144213,-0.134245,0.181024,37.616595,-1.668935,-39.355349,-2.675802,15.088299,-0.000064,0.134934,-0.817201,-0.560336,-0.968624,-0.227906,0.099128,-0.208711,0.529379,-0.822312
6.030000,0.942810,-0.997905,0.119745,-0.062960,0.106060,-0.137535,-1.434917,0.212448,2.567369,0.187578,0.246889,-0.206363,-0.028015,3.062368,-0.663461,-1.338445,-0.248413,1.332055,0.677318,0.158681,-0.078402,-0.052503,-0.338361,0.152821,-0.653057,0.121124,-0.057722,-0.348073,-0.134148,-0.157379,0.237632,0.145153,-0.134760,0.179303,37.626309,-1.687879,-39.335172,-2.707655,15.057726,-0.000065,0.132416,-0.816361,-0.562158,-0.968507,-0.227212,0.101824,-0.210854,0.530971,-0.820738
6.040000,0.942180,-0.996844,0.118368,-0.063044,0.106201,-0.137718,-1.437455,0.214643,2.565125,0.188468,0.246636,-0.206155,-0.026434,3.061549,-0.663999,-1.341844,-0.246861,1.325539,0.678516,0.158089,-0.081869,-0.053856,-0.339916,0.155183,-0.651596,0.119772,-0.059181,-0.346666,-0.135275,-0.155429,0.236247,0.146031,-0.135273,0.177568,37.637890,-1.707597,-39.314464,-2.739173,15.026988,-0.000065,0.129895,-0.815516,-0.563968,-0.968379,-0.226529,0.104527,-0.212998,0.532558,-0.819154
6.050000,0.941549,-0.995781,0.116990,-0.063127,0.106341,-0.137900,-1.439997,0.216840,2.562879,0.189357,0.246376,-0.205944,-0.024859,3.060696,-0.664552,-1.345259,-0.245286,1.319038,0.679700,0.157482,-0.085321,-0.055219,-0.341451,0.157532,-0.650128,0.118414,-0.060675,-0.345241,-0.136317,-0.153495,0.234881,0.146848,-0.135783,0.175821,37.651335,-1.728087,-39.293229,-2.770354,14.996085,-0.000066,0.127373,-0.814668,-0.565767,-0.968240,-0.225857,0.107237,-0.215145,0.534140,-0.817562
6.060000,0.940917,-0.994717,0.115610,-0.063209,0.106480,-0.138080,-1.442542,0.219040,2.560629,0.190246,0.246109,-0.205730,-0.023290,3.059808,-0.665118,-1.348689,-0.243687,1.312551,0.680870,0.156860,-0.088759,-0.056592,-0.342966,0.159867,-0.648652,0.117051,-0.062203,-0.343799,-0.137275,-0.151577,0.233532,0.147604,-0.136291,0.174060,37.666638,-1.749349,-39.271471,-2.801197,14.965019,-0.000066,0.124847,-0.813815,-0.567555,-0.968089,-0.225196,0.109953,-0.217293,0.535716,-0.815961
6.070000,0.940285,-0.993652,0.114229,-0.063292,0.106619,-0.138259,-1.445090,0.221243,2.558376,0.191134,0.245834,-0.205513,-0.021728,3.058887,-0.665697,-1.352133,-0.242065,1.306079,0.682027,0.156222,-0.092183,-0.057973,-0.344463,0.162189,-0.647169,0.115683,-0.063767,-0.342341,-0.138148,-0.149676,0.232201,0.148299,-0.136796,0.172285,37.683794,-1.771384,-39.249194,-2.831700,14.933789,-0.000067,0.122320,-0.812958,-0.569331,-0.967927,-0.224547,0.112677,-0.219443,0.537288,-0.814350
6.080000,0.939652,-0.992585,0.112845,-0.063373,0.106756,-0.138438,-1.447641,0.223449,2.556120,0.192021,0.245553,-0.205292,-0.020173,3.057931,-0.666291,-1.355593,-0.240420,1.299623,0.683170,0.155569,-0.095591,-0.059363,-0.345941,0.164498,-0.645680,0.114310,-0.065368,-0.340867,-0.138935,-0.147793,0.230888,0.148935,-0.137296,0.170496,37.702799,-1.794190,-39.226401,-2.861862,14.902395,-0.000067,0.119790,-0.812096,-0.571096,-0.967753,-0.223909,0.115407,-0.221594,0.538855,-0.812731
6.090000,0.939017,-0.991517,0.111460,-0.063454,0.106893,-0.138615,-1.450196,0.225658,2.553862,0.192908,0.245265,-0.205068,-0.018624,3.056941,-0.666898,-1.359067,-0.238752,1.293181,0.684300,0.154899,-0.098985,-0.060759,-0.347400,0.166794,-0.644185,0.112932,-0.067005,-0.339378,-0.139637,-0.145927,0.229592,0.149511,-0.137793,0.168693,37.723649,-1.817767,-39.203097,-2.891683,14.870839,-0.000068,0.117258,-0.811231,-0.572849,-0.967568,-0.223282,0.118143,-0.223748,0.540417,-0.811102
6.100000,0.938382,-0.990447,0.110073,-0.063535,0.107028,-0.138791,-1.452754,0.227870,2.551600,0.193794,0.244970,-0.204841,-0.017081,3.055917,-0.667520,-1.362555,-0.237061,1.286754,0.685415,0.154212,-0.102364,-0.062162,-0.348841,0.169077,-0.642684,0.111549,-0.068680,-0.337875,-0.140252,-0.144080,0.228312,0.150029,-0.138285,0.166875,37.746340,-1.842115,-39.179286,-2.921160,14.839120,-0.000068,0.114724,-0.810361,-0.574590,-0.967371,-0.222666,0.120885,-0.225903,0.541973,-0.809465
6.110000,0.937747,-0.989376,0.108684,-0.063615,0.107163,-0.138966,-1.455315,0.230084,2.549336,0.194679,0.244668,-0.204611,-0.015546,3.054860,-0.668156,-1.366058,-0.235348,1.280342,0.686517,0.153508,-0.105727,-0.063569,-0.350264,0.171348,-0.641179,0.110161,-0.070392,-0.336357,-0.140782,-0.142252,0.227050,0.150488,-0.138773,0.165041,37.770866,-1.867233,-39.154970,-2.950293,14.807239,-0.000069,0.112188,-0.809487,-0.576319,-0.967162,-0.222063,0.123634,-0.228059,0.543524,-0.807819
6.120000,0.937110,-0.988304,0.107294,-0.063695,0.107297,-0.139140,-1.457880,0.232301,2.547069,0.195563,0.244359,-0.204377,-0.014019,3.053769,-0.668806,-1.369574,-0.233612,1.273945,0.687604,0.152786,-0.109076,-0.064982,-0.351668,0.173606,-0.639670,0.108769,-0.072143,-0.334827,-0.141225,-0.140443,0.225803,0.150890,-0.139255,0.163190,37.797225,-1.893120,-39.130155,-2.979081,14.775197,-0.000069,0.109650,-0.808610,-0.578037,-0.966942,-0.221470,0.126389,-0.230217,0.545069,-0.806163
6.130000,0.936473,-0.987230,0.105901,-0.063774,0.107431,-0.139312,-1.460447,0.234521,2.544799,0.196446,0.244043,-0.204140,-0.012498,3.052645,-0.669470,-1.373105,-0.231853,1.267564,0.688678,0.152047,-0.112409,-0.066397,-0.353055,0.175852,-0.638158,0.107371,-0.073933,-0.333283,-0.141581,-0.138654,0.224572,0.151236,-0.139731,0.161323,37.825412,-1.919775,-39.104843,-3.007524,14.742992,-0.000070,0.107111,-0.807729,-0.579742,-0.966710,-0.220889,0.129150,-0.232377,0.546610,-0.804499
6.140000,0.935835,-0.986155,0.104507,-0.063852,0.107563,-0.139484,-1.463018,0.236743,2.542526,0.197328,0.243720,-0.203900,-0.010985,3.051488,-0.670148,-1.376649,-0.230073,1.261197,0.689738,0.151290,-0.115726,-0.067816,-0.354424,0.178085,-0.636643,0.105969,-0.075762,-0.331728,-0.141850,-0.136886,0.223357,0.151525,-0.140200,0.159438,37.855423,-1.947198,-39.079038,-3.035621,14.710627,-0.000070,0.104569,-0.806844,-0.581436,-0.966466,-0.220320,0.131917,-0.234538,0.548144,-0.802826
6.150000,0.935196,-0.985079,0.103112,-0.063930,0.107695,-0.139655,-1.465592,0.238969,2.540250,0.198209,0.243390,-0.203657,-0.009480,3.050297,-0.670840,-1.380207,-0.228269,1.254846,0.690783,0.150513,-0.119027,-0.069236,-0.355775,0.180307,-0.635125,0.104563,-0.077632,-0.330160,-0.142032,-0.135138,0.222156,0.151758,-0.140663,0.157534,37.887255,-1.975387,-39.052743,-3.063372,14.678102,-0.000071,0.102026,-0.805956,-0.583118,-0.966211,-0.219762,0.134689,-0.236701,0.549673,-0.801144
6.160000,0.934556,-0.984001,0.101714,-0.064008,0.107825,-0.139824,-1.468169,0.241197,2.537972,0.199089,0.243053,-0.203411,-0.007983,3.049074,-0.671547,-1.383778,-0.226444,1.248510,0.691815,0.149718,-0.122313,-0.070657,-0.357109,0.182516,-0.633606,0.103152,-0.079542,-0.328580,-0.142127,-0.133412,0.220969,0.151936,-0.141118,0.155610,37.920904,-2.004342,-39.025964,-3.090776,14.645416,-0.000071,0.099482,-0.805063,-0.584787,-0.965944,-0.219216,0.137468,-0.238865,0.551196,-0.799454
6.170000,0.933916,-0.982922,0.100315,-0.064085,0.107955,-0.139992,-1.470749,0.243428,2.535691,0.199968,0.242708,-0.203161,-0.006494,3.047819,-0.672267,-1.387362,-0.224597,1.242189,0.692832,0.148903,-0.125583,-0.072079,-0.358426,0.184714,-0.632085,0.101736,-0.081493,-0.326990,-0.142133,-0.131707,0.219797,0.152059,-0.141565,0.153665,37.956367,-2.034060,-38.998702,-3.117834,14.612571,-0.000072,0.096935,-0.804168,-0.586445,-0.965664,-0.218682,0.140252,-0.241031,0.552713,-0.797754
6.180000,0.933274,-0.981842,0.098914,-0.064161,0.108084,-0.140159,-1.473333,0.245661,2.533407,0.200846,0.242357,-0.202909,-0.005013,3.046530,-0.673002,-1.390959,-0.222728,1.235884,0.693836,0.148068,-0.128837,-0.073499,-0.359726,0.186901,-0.630564,0.100316,-0.083486,-0.325388,-0.142051,-0.130025,0.218637,0.152129,-0.142003,0.151698,37.993641,-2.064542,-38.970962,-3.144545,14.579566,-0.000072,0.094388,-0.803269,-0.588090,-0.965373,-0.218159,0.143041,-0.243198,0.554225,-0.796046
6.190000,0.932632,-0.980761,0.097512,-0.064237,0.108212,-0.140325,-1.475919,0.247897,2.531120,0.201723,0.241999,-0.202653,-0.003541,3.045209,-0.673752,-1.394570,-0.220837,1.229593,0.694824,0.147213,-0.132075,-0.074918,-0.361010,0.189076,-0.629043,0.098892,-0.085521,-0.323775,-0.141881,-0.128365,0.217490,0.152145,-0.142432,0.149709,38.032723,-2.095786,-38.942746,-3.170910,14.546403,-0.000073,0.091839,-0.802367,-0.589723,-0.965071,-0.217648,0.145836,-0.245366,0.555731,-0.794329
6.200000,0.931990,-0.979678,0.096108,-0.064313,0.108339,-0.140490,-1.478509,0.250136,2.528831,0.202598,0.241634,-0.202394,-0.002078,3.043856,-0.674515,-1.398192,-0.218925,1.223318,0.695799,0.146337,-0.135296,-0.076334,-0.362277,0.191239,-0.627521,0.097463,-0.087598,-0.322152,-0.141623,-0.126728,0.216354,0.152109,-0.142851,0.147694,38.073609,-2.127789,-38.914059,-3.196929,14.513081,-0.000073,0.089289,-0.801462,-0.591343,-0.964756,-0.217149,0.148636,-0.247536,0.557230,-0.792604
6.210000,0.931346,-0.978594,0.094702,-0.064388,0.108465,-0.140654,-1.481101,0.252377,2.526539,0.203472,0.241261,-0.202132,-0.000623,3.042471,-0.675292,-1.401828,-0.216991,1.217058,0.696759,0.145440,-0.138501,-0.077747,-0.363528,0.193391,-0.626001,0.096031,-0.089719,-0.320519,-0.141275,-0.125114,0.215230,0.152020,-0.143259,0.145654,38.116298,-2.160552,-38.884904,-3.222603,14.479602,-0.000074,0.086738,-0.800553,-0.592951,-0.964429,-0.216662,0.151441,-0.249707,0.558724,-0.790869
6.220000,0.930702,-0.977509,0.093295,-0.064462,0.108591,-0.140817,-1.483696,0.254621,2.524244,0.204345,0.240882,-0.201867,0.000822,3.041055,-0.676084,-1.405475,-0.215036,1.210813,0.697705,0.144521,-0.141690,-0.079156,-0.364764,0.195533,-0.624482,0.094594,-0.091884,-0.318874,-0.140839,-0.123525,0.214116,0.151881,-0.143656,0.143586,38.160786,-2.194071,-38.855283,-3.247930,14.445965,-0.000074,0.084185,-0.799641,-0.594547,-0.964090,-0.216187,0.154251,-0.251879,0.560211,-0.789126
6.230000,0.930057,-0.976422,0.091886,-0.064536,0.108715,-0.140978,-1.486295,0.256868,2.521947,0.205216,0.240496,-0.201599,0.002258,3.039606,-0.676890,-1.409135,-0.213059,1.204584,0.698637,0.143580,-0.144862,-0.080559,-0.365983,0.197663,-0.622966,0.093154,-0.094093,-0.317220,-0.140313,-0.121959,0.213012,0.151690,-0.144041,0.141489,38.207071,-2.228346,-38.825201,-3.272914,14.412172,-0.000075,0.081632,-0.798727,-0.596130,-0.963739,-0.215723,0.157067,-0.254052,0.561693,-0.787375
6.240000,0.929411,-0.975334,0.090475,-0.064609,0.108839,-0.141138,-1.488896,0.259117,2.519647,0.206086,0.240102,-0.201328,0.003684,3.038126,-0.677709,-1.412807,-0.211061,1.198369,0.699554,0.142616,-0.148018,-0.081956,-0.367188,0.199782,-0.621451,0.091709,-0.096346,-0.315554,-0.139698,-0.120418,0.211917,0.151450,-0.144413,0.139361,38.255152,-2.263375,-38.794660,-3.297553,14.378223,-0.000076,0.079077,-0.797810,-0.597701,-0.963377,-0.215271,0.159887,-0.256227,0.563168,-0.785614
6.250000,0.928765,-0.974245,0.089063,-0.064682,0.108961,-0.141298,-1.491501,0.261369,2.517345,0.206954,0.239702,-0.201054,0.005100,3.036614,-0.678543,-1.416491,-0.209042,1.192170,0.700457,0.141630,-0.151157,-0.083346,-0.368377,0.201890,-0.619939,0.090262,-0.098645,-0.313879,-0.138993,-0.118901,0.210831,0.151160,-0.144772,0.137201,38.305026,-2.299155,-38.763664,-3.321849,14.344117,-0.000076,0.076522,-0.796889,-0.599259,-0.963002,-0.214832,0.162711,-0.258403,0.564637,-0.783845
6.260000,0.928118,-0.973155,0.087649,-0.064755,0.109083,-0.141456,-1.494108,0.263623,2.515039,0.207821,0.239294,-0.200776,0.006506,3.035071,-0.679390,-1.420186,-0.207003,1.185985,0.701345,0.140620,-0.154279,-0.084728,-0.369551,0.203988,-0.618431,0.088811,-0.100989,-0.312192,-0.138198,-0.117410,0.209751,0.150822,-0.145117,0.135006,38.356691,-2.335685,-38.732215,-3.345803,14.309857,-0.000077,0.073966,-0.795967,-0.600805,-0.962615,-0.214404,0.165541,-0.260580,0.566099,-0.782068
6.270000,0.927470,-0.972064,0.086234,-0.064826,0.109204,-0.141612,-1.496718,0.265879,2.512732,0.208686,0.238880,-0.200496,0.007902,3.033498,-0.680251,-1.423893,-0.204942,1.179816,0.702218,0.139586,-0.157384,-0.086101,-0.370710,0.206075,-0.616927,0.087356,-0.103379,-0.310495,-0.137313,-0.115944,0.208678,0.150436,-0.145446,0.132776,38.410145,-2.372962,-38.700317,-3.369416,14.275442,-0.000077,0.071410,-0.795041,-0.602337,-0.962216,-0.213989,0.168374,-0.262758,0.567555,-0.780282
6.280000,0.926821,-0.970971,0.084817,-0.064898,0.109324,-0.141768,-1.499331,0.268139,2.510422,0.209550,0.238458,-0.200213,0.009288,3.031893,-0.681126,-1.427612,-0.202860,1.173662,0.703077,0.138528,-0.160471,-0.087464,-0.371855,0.208151,-0.615427,0.085899,-0.105816,-0.308786,-0.136338,-0.114503,0.207611,0.150003,-0.145760,0.130507,38.465388,-2.410985,-38.667972,-3.392689,14.240873,-0.000078,0.068853,-0.794113,-0.603857,-0.961804,-0.213585,0.171213,-0.264937,0.569004,-0.778487
6.290000,0.926172,-0.969877,0.083399,-0.064969,0.109444,-0.141923,-1.501947,0.270400,2.508109,0.210412,0.238030,-0.199927,0.010662,3.030257,-0.682014,-1.431342,-0.200758,1.167522,0.703922,0.137445,-0.163542,-0.088817,-0.372986,0.210216,-0.613932,0.084438,-0.108300,-0.307066,-0.135273,-0.113089,0.206548,0.149524,-0.146057,0.128197,38.522418,-2.449750,-38.635184,-3.415624,14.206150,-0.000078,0.066295,-0.793183,-0.605364,-0.961381,-0.213193,0.174055,-0.267117,0.570447,-0.776684
6.300000,0.925522,-0.968782,0.081979,-0.065039,0.109562,-0.142076,-1.504566,0.272664,2.505794,0.211272,0.237594,-0.199637,0.012025,3.028591,-0.682915,-1.435083,-0.198635,1.161398,0.704751,0.136337,-0.166595,-0.090158,-0.374103,0.212271,-0.612442,0.082975,-0.110830,-0.305334,-0.134117,-0.111700,0.205490,0.148999,-0.146337,0.125845,38.581234,-2.489256,-38.601955,-3.438220,14.171275,-0.000079,0.063737,-0.792250,-0.606859,-0.960945,-0.212814,0.176902,-0.269298,0.571883,-0.774873
6.310000,0.924871,-0.967686,0.080557,-0.065108,0.109679,-0.142228,-1.507188,0.274931,2.503476,0.212130,0.237152,-0.199345,0.013377,3.026895,-0.683830,-1.438835,-0.196492,1.155288,0.705566,0.135203,-0.169631,-0.091487,-0.375206,0.214315,-0.610957,0.081509,-0.113409,-0.303590,-0.132870,-0.110338,0.204434,0.148429,-0.146599,0.123448,38.641834,-2.529499,-38.568287,-3.460481,14.136248,-0.000079,0.061178,-0.791315,-0.608340,-0.960498,-0.212447,0.179752,-0.271480,0.573312,-0.773053
6.320000,0.924220,-0.966589,0.079134,-0.065178,0.109796,-0.142379,-1.509812,0.277200,2.501156,0.212986,0.236702,-0.199050,0.014718,3.025169,-0.684758,-1.442598,-0.194329,1.149194,0.706367,0.134042,-0.172650,-0.092802,-0.376296,0.216349,-0.609479,0.080040,-0.116035,-0.301834,-0.131533,-0.109002,0.203380,0.147815,-0.146841,0.121003,38.704218,-2.570478,-38.534184,-3.482407,14.101068,-0.000080,0.058620,-0.790378,-0.609809,-0.960038,-0.212091,0.182607,-0.273663,0.574735,-0.771225
6.330000,0.923567,-0.965490,0.077709,-0.065246,0.109911,-0.142529,-1.512439,0.279471,2.498833,0.213841,0.236246,-0.198752,0.016046,3.023412,-0.685699,-1.446372,-0.192145,1.143114,0.707153,0.132855,-0.175650,-0.094103,-0.377373,0.218372,-0.608008,0.078570,-0.118709,-0.300064,-0.130104,-0.107692,0.202327,0.147158,-0.147063,0.118509,38.768386,-2.612188,-38.499649,-3.504000,14.065738,-0.000080,0.056061,-0.789439,-0.611264,-0.959565,-0.211748,0.185465,-0.275847,0.576151,-0.769389
6.340000,0.922915,-0.964390,0.076283,-0.065314,0.110026,-0.142678,-1.515069,0.281745,2.496508,0.214693,0.235782,-0.198451,0.017363,3.021626,-0.686653,-1.450156,-0.189941,1.137048,0.707924,0.131641,-0.178633,-0.095389,-0.378437,0.220385,-0.606543,0.077097,-0.121432,-0.298280,-0.128585,-0.106409,0.201274,0.146459,-0.147264,0.115962,38.834337,-2.654626,-38.464682,-3.525261,14.030258,-0.000081,0.053502,-0.788497,-0.612707,-0.959081,-0.211418,0.188327,-0.278032,0.577559,-0.767544
6.350000,0.922261,-0.963289,0.074856,-0.065382,0.110140,-0.142826,-1.517702,0.284021,2.494180,0.215544,0.235311,-0.198148,0.018667,3.019810,-0.687620,-1.453951,-0.187717,1.130997,0.708680,0.130399,-0.181598,-0.096659,-0.379489,0.222387,-0.605086,0.075622,-0.124203,-0.296482,-0.126975,-0.105153,0.200220,0.145719,-0.147443,0.113360,38.902071,-2.697791,-38.429288,-3.546193,13.994627,-0.000081,0.050943,-0.787554,-0.614136,-0.958584,-0.211099,0.191192,-0.280218,0.578961,-0.765691
6.360000,0.921607,-0.962188,0.073427,-0.065449,0.110253,-0.142972,-1.520337,0.286299,2.491851,0.216392,0.234834,-0.197841,0.019958,3.017964,-0.688599,-1.457756,-0.185474,1.124961,0.709421,0.129129,-0.184545,-0.097911,-0.380528,0.224379,-0.603636,0.074146,-0.127024,-0.294669,-0.125273,-0.103923,0.199164,0.144938,-0.147600,0.110700,38.971588,-2.741677,-38.393469,-3.566797,13.958848,-0.000082,0.048385,-0.786609,-0.615553,-0.958075,-0.210792,0.194061,-0.282404,0.580356,-0.763829
6.370000,0.920952,-0.961084,0.071996,-0.065515,0.110365,-0.143117,-1.522975,0.288580,2.489518,0.217238,0.234349,-0.197531,0.021236,3.016090,-0.689590,-1.461572,-0.183210,1.118939,0.710148,0.127830,-0.187473,-0.099146,-0.381555,0.226360,-0.602195,0.072669,-0.129893,-0.292840,-0.123480,-0.102721,0.198104,0.144117,-0.147732,0.107979,39.042888,-2.786282,-38.357226,-3.587075,13.922920,-0.000082,0.045826,-0.785662,-0.616956,-0.957553,-0.210498,0.196934,-0.284591,0.581743,-0.761960
6.380000,0.920297,-0.959980,0.070565,-0.065581,0.110476,-0.143261,-1.525616,0.290863,2.487184,0.218082,0.233858,-0.197219,0.022501,3.014186,-0.690594,-1.465397,-0.180927,1.112931,0.710860,0.126502,-0.190383,-0.100362,-0.382571,0.228330,-0.600763,0.071191,-0.132812,-0.290995,-0.121596,-0.101545,0.197041,0.143258,-0.147840,0.105194,39.115970,-2.831602,-38.320562,-3.607029,13.886844,-0.000083,0.043268,-0.784714,-0.618346,-0.957019,-0.210216,0.199809,-0.286779,0.583123,-0.760082
6.390000,0.919641,-0.958875,0.069131,-0.065647,0.110586,-0.143404,-1.528259,0.293149,2.484847,0.218924,0.233360,-0.196904,0.023753,3.012253,-0.691609,-1.469233,-0.178624,1.106938,0.711557,0.125144,-0.193274,-0.101558,-0.383575,0.230290,-0.599339,0.069712,-0.135779,-0.289132,-0.119621,-0.100395,0.195971,0.142362,-0.147921,0.102343,39.190836,-2.877632,-38.283479,-3.626661,13.850622,-0.000083,0.040710,-0.783764,-0.619723,-0.956473,-0.209946,0.202688,-0.288968,0.584496,-0.758196
6.400000,0.918984,-0.957769,0.067696,-0.065711,0.110695,-0.143545,-1.530905,0.295436,2.482507,0.219764,0.232854,-0.196586,0.024990,3.010292,-0.692637,-1.473079,-0.176301,1.100959,0.712239,0.123756,-0.196147,-0.102734,-0.384567,0.232239,-0.597925,0.068232,-0.138796,-0.287251,-0.117555,-0.099272,0.194896,0.141428,-0.147976,0.099421,39.267486,-2.924370,-38.245979,-3.645973,13.814253,-0.000084,0.038153,-0.782813,-0.621086,-0.955914,-0.209689,0.205570,-0.291157,0.585862,-0.756302
6.410000,0.918326,-0.956661,0.066260,-0.065776,0.110803,-0.143686,-1.533554,0.297726,2.480166,0.220602,0.232342,-0.196265,0.026214,3.008302,-0.693676,-1.476934,-0.173960,1.094994,0.712907,0.122337,-0.199000,-0.103888,-0.385549,0.234177,-0.596520,0.066752,-0.141862,-0.285351,-0.115398,-0.098176,0.193812,0.140460,-0.148003,0.096427,39.345921,-2.971810,-38.208065,-3.664967,13.777738,-0.000084,0.035596,-0.781860,-0.622437,-0.955343,-0.209443,0.208454,-0.293347,0.587220,-0.754400
6.420000,0.917668,-0.955552,0.064823,-0.065839,0.110911,-0.143825,-1.536205,0.300018,2.477822,0.221437,0.231823,-0.195942,0.027423,3.006283,-0.694726,-1.480799,-0.171598,1.089042,0.713559,0.120887,-0.201835,-0.105019,-0.386520,0.236104,-0.595126,0.065272,-0.144978,-0.283431,-0.113150,-0.097105,0.192720,0.139457,-0.148001,0.093355,39.426141,-3.019947,-38.169737,-3.683646,13.741079,-0.000085,0.033039,-0.780906,-0.623774,-0.954760,-0.209210,0.211341,-0.295538,0.588571,-0.752490
6.430000,0.917009,-0.954443,0.063384,-0.065903,0.111017,-0.143963,-1.538859,0.302313,2.475476,0.222269,0.231296,-0.195616,0.028617,3.004237,-0.695787,-1.484674,-0.169218,1.083105,0.714197,0.119406,-0.204650,-0.106127,-0.387481,0.238021,-0.593741,0.063792,-0.148142,-0.281489,-0.110812,-0.096061,0.191618,0.138421,-0.147968,0.090204,39.508147,-3.068778,-38.130999,-3.702011,13.704275,-0.000085,0.030484,-0.779951,-0.625097,-0.954164,-0.208990,0.214231,-0.297729,0.589915,-0.750572
6.440000,0.916350,-0.953332,0.061944,-0.065965,0.111123,-0.144100,-1.541515,0.304609,2.473127,0.223099,0.230763,-0.195287,0.029796,3.002162,-0.696859,-1.488559,-0.166819,1.077181,0.714821,0.117892,-0.207445,-0.107211,-0.388431,0.239926,-0.592368,0.062313,-0.151356,-0.279525,-0.108382,-0.095042,0.190504,0.137353,-0.147905,0.086970,39.591941,-3.118297,-38.091851,-3.720065,13.667328,-0.000086,0.027929,-0.778995,-0.626408,-0.953555,-0.208781,0.217123,-0.299920,0.591250,-0.748646
6.450000,0.915690,-0.952220,0.060502,-0.066027,0.111227,-0.144236,-1.544174,0.306908,2.470777,0.223927,0.230223,-0.194955,0.030959,3.000060,-0.697942,-1.492452,-0.164401,1.071271,0.715429,0.116346,-0.210220,-0.108270,-0.389372,0.241819,-0.591005,0.060835,-0.154618,-0.277538,-0.105863,-0.094049,0.189378,0.136254,-0.147809,0.083648,39.677523,-3.168499,-38.052295,-3.737810,13.630238,-0.000086,0.025375,-0.778038,-0.627704,-0.952935,-0.208585,0.220018,-0.302112,0.592578,-0.746712
6.460000,0.915030,-0.951108,0.059059,-0.066089,0.111331,-0.144370,-1.546835,0.309209,2.468424,0.224752,0.229676,-0.194621,0.032107,2.997930,-0.699035,-1.496355,-0.161964,1.065375,0.716022,0.114767,-0.212975,-0.109302,-0.390303,0.243702,-0.589654,0.059358,-0.157929,-0.275526,-0.103253,-0.093081,0.188239,0.135125,-0.147680,0.080236,39.764895,-3.219379,-38.012334,-3.755248,13.593006,-0.000087,0.022823,-0.777080,-0.628988,-0.952301,-0.208402,0.222915,-0.304305,0.593898,-0.744771
6.470000,0.914368,-0.949994,0.057614,-0.066150,0.111434,-0.144503,-1.549499,0.311512,2.466069,0.225575,0.229123,-0.194284,0.033238,2.995773,-0.700138,-1.500268,-0.159508,1.059491,0.716601,0.113154,-0.215710,-0.110308,-0.391224,0.245573,-0.588314,0.057883,-0.161287,-0.273488,-0.100553,-0.092137,0.187085,0.133968,-0.147516,0.076730,39.854057,-3.270931,-37.971969,-3.772383,13.555634,-0.000087,0.020271,-0.776121,-0.630258,-0.951655,-0.208230,0.225814,-0.306498,0.595211,-0.742821
6.480000,0.913707,-0.948879,0.056169,-0.066210,0.111535,-0.144635,-1.552165,0.313817,2.463712,0.226395,0.228562,-0.193944,0.034353,2.993589,-0.701251,-1.504189,-0.157034,1.053622,0.717165,0.111507,-0.218425,-0.111286,-0.392136,0.247432,-0.586987,0.056410,-0.164693,-0.271423,-0.097764,-0.091217,0.185915,0.132784,-0.147317,0.073125,39.945012,-3.323149,-37.931200,-3.789215,13.518120,-0.000088,0.017720,-0.775162,-0.631514,-0.950997,-0.208071,0.228715,-0.308691,0.596516,-0.740864
6.490000,0.913044,-0.947763,0.054722,-0.066270,0.111636,-0.144766,-1.554834,0.316124,2.461353,0.227212,0.227995,-0.193602,0.035452,2.991378,-0.702373,-1.508119,-0.154541,1.047765,0.717715,0.109826,-0.221118,-0.112234,-0.393039,0.249279,-0.585671,0.054939,-0.168147,-0.269329,-0.094886,-0.090321,0.184727,0.131575,-0.147081,0.069419,40.037760,-3.376026,-37.890031,-3.805748,13.480468,-0.000088,0.015171,-0.774201,-0.632757,-0.950326,-0.207925,0.231618,-0.310885,0.597812,-0.738899
6.500000,0.912381,-0.946646,0.053273,-0.066330,0.111736,-0.144896,-1.557505,0.318433,2.458991,0.228026,0.227420,-0.193257,0.036533,2.989140,-0.703505,-1.512059,-0.152030,1.041921,0.718249,0.108109,-0.223790,-0.113154,-0.393934,0.251114,-0.584367,0.053471,-0.171647,-0.267206,-0.091919,-0.089448,0.183521,0.130341,-0.146807,0.065607,40.132303,-3.429558,-37.848461,-3.821985,13.442676,-0.000088,0.012623,-0.773241,-0.633987,-0.949643,-0.207790,0.234523,-0.313079,0.599101,-0.736926
6.510000,0.911718,-0.945528,0.051824,-0.066388,0.111835,-0.145024,-1.560178,0.320744,2.456628,0.228838,0.226839,-0.192909,0.037596,2.986876,-0.704645,-1.516007,-0.149500,1.036090,0.718770,0.106357,-0.226440,-0.114042,-0.394820,0.252937,-0.583077,0.052006,-0.175193,-0.265051,-0.088864,-0.088598,0.182296,0.129084,-0.146493,0.061686,40.228642,-3.483735,-37.806493,-3.837927,13.404747,-0.000089,0.010077,-0.772280,-0.635203,-0.948947,-0.207668,0.237429,-0.315273,0.600382,-0.734945
6.520000,0.911053,-0.944409,0.050373,-0.066447,0.111933,-0.145151,-1.562854,0.323058,2.454262,0.229647,0.226251,-0.192559,0.038642,2.984585,-0.705794,-1.519964,-0.146953,1.030272,0.719275,0.104569,-0.229069,-0.114900,-0.395698,0.254748,-0.581799,0.050545,-0.178784,-0.262863,-0.085722,-0.087769,0.181049,0.127807,-0.146140,0.057651,40.326780,-3.538553,-37.764127,-3.853577,13.366680,-0.000089,0.007532,-0.771318,-0.636405,-0.948239,-0.207558,0.240337,-0.317468,0.601654,-0.732957
6.530000,0.910389,-0.943290,0.048921,-0.066504,0.112031,-0.145277,-1.565532,0.325373,2.451894,0.230452,0.225657,-0.192206,0.039669,2.982268,-0.706951,-1.523930,-0.144388,1.024467,0.719766,0.102745,-0.231675,-0.115724,-0.396567,0.256546,-0.580533,0.049087,-0.182420,-0.260642,-0.082493,-0.086961,0.179781,0.126510,-0.145745,0.053498,40.426716,-3.594003,-37.721365,-3.868937,13.328478,-0.000090,0.004988,-0.770357,-0.637594,-0.947518,-0.207461,0.243247,-0.319662,0.602918,-0.730962
6.540000,0.909723,-0.942169,0.047467,-0.066561,0.112127,-0.145402,-1.568212,0.327691,2.449525,0.231255,0.225055,-0.191851,0.040678,2.979925,-0.708117,-1.527904,-0.141804,1.018674,0.720242,0.100884,-0.234259,-0.116516,-0.397429,0.258330,-0.579281,0.047634,-0.186099,-0.258384,-0.079177,-0.086174,0.178489,0.125194,-0.145308,0.049224,40.528452,-3.650078,-37.678209,-3.884011,13.290140,-0.000090,0.002447,-0.769395,-0.638769,-0.946785,-0.207376,0.246157,-0.321857,0.604175,-0.728959
6.550000,0.909057,-0.941047,0.046013,-0.066618,0.112222,-0.145526,-1.570895,0.330010,2.447153,0.232055,0.224447,-0.191493,0.041668,2.977557,-0.709289,-1.531887,-0.139203,1.012894,0.720704,0.098986,-0.236820,-0.117274,-0.398283,0.260102,-0.578043,0.046186,-0.189821,-0.256090,-0.075776,-0.085406,0.177173,0.123863,-0.144827,0.044825,40.631990,-3.706769,-37.634658,-3.898800,13.251667,-0.000091,-0.000093,-0.768433,-0.639930,-0.946039,-0.207303,0.249069,-0.324052,0.605422,-0.726948
6.560000,0.908391,-0.939924,0.044557,-0.066674,0.112316,-0.145648,-1.573580,0.332331,2.444779,0.232852,0.223832,-0.191132,0.042639,2.975164,-0.710469,-1.535878,-0.136585,1.007126,0.721151,0.097050,-0.239358,-0.117997,-0.399129,0.261861,-0.576818,0.044743,-0.193584,-0.253757,-0.072291,-0.084656,0.175830,0.122516,-0.144301,0.040296,40.737331,-3.764069,-37.590715,-3.913307,13.213061,-0.000091,-0.002631,-0.767471,-0.641078,-0.945281,-0.207243,0.251982,-0.326248,0.606662,-0.724930
6.570000,0.907724,-0.938801,0.043100,-0.066729,0.112410,-0.145769,-1.576267,0.334654,2.442404,0.233646,0.223210,-0.190770,0.043589,2.972745,-0.711656,-1.539878,-0.133949,1.001370,0.721585,0.095076,-0.241872,-0.118684,-0.399969,0.263605,-0.575606,0.043306,-0.197388,-0.251383,-0.068721,-0.083924,0.174461,0.121157,-0.143729,0.035633,40.844476,-3.821969,-37.546380,-3.927535,13.174322,-0.000092,-0.005167,-0.766509,-0.642212,-0.944510,-0.207195,0.254896,-0.328443,0.607893,-0.722905
6.580000,0.907056,-0.937676,0.041642,-0.066784,0.112502,-0.145889,-1.578957,0.336980,2.440026,0.234436,0.222582,-0.190404,0.044520,2.970301,-0.712850,-1.543886,-0.131295,0.995626,0.722003,0.093064,-0.244361,-0.119335,-0.400801,0.265336,-0.574408,0.041874,-0.201231,-0.248967,-0.065069,-0.083208,0.173064,0.119787,-0.143110,0.030832,40.953426,-3.880460,-37.501654,-3.941486,13.135452,-0.000092,-0.007701,-0.765548,-0.643333,-0.943726,-0.207159,0.257810,-0.330638,0.609116,-0.720872
6.590000,0.906388,-0.936551,0.040182,-0.066838,0.112594,-0.146008,-1.581648,0.339307,2.437646,0.235224,0.221947,-0.190036,0.045430,2.967833,-0.714049,-1.547902,-0.128625,0.989893,0.722408,0.091013,-0.246826,-0.119948,-0.401626,0.267052,-0.573224,0.040450,-0.205111,-0.246508,-0.061335,-0.082507,0.171638,0.118408,-0.142443,0.025890,41.064181,-3.939533,-37.456538,-3.955162,13.096450,-0.000093,-0.010233,-0.764587,-0.644440,-0.942930,-0.207135,0.260725,-0.332833,0.610330,-0.718832
6.600000,0.905720,-0.935424,0.038721,-0.066892,0.112684,-0.146125,-1.584342,0.341636,2.435265,0.236008,0.221305,-0.189666,0.046319,2.965340,-0.715254,-1.551926,-0.125937,0.984173,0.722798,0.088923,-0.249266,-0.120523,-0.402444,0.268754,-0.572054,0.039033,-0.209028,-0.244004,-0.057521,-0.081820,0.170181,0.117021,-0.141726,0.020802,41.176742,-3.999177,-37.411033,-3.968566,13.057319,-0.000093,-0.012762,-0.763626,-0.645533,-0.942122,-0.207124,0.263641,-0.335029,0.611535,-0.716785
6.610000,0.905050,-0.934297,0.037260,-0.066945,0.112774,-0.146241,-1.587038,0.343966,2.432881,0.236788,0.220656,-0.189294,0.047187,2.962824,-0.716465,-1.555959,-0.123233,0.978464,0.723174,0.086793,-0.251681,-0.121060,-0.403256,0.270441,-0.570898,0.037623,-0.212979,-0.241452,-0.053627,-0.081147,0.168692,0.115630,-0.140959,0.015564,41.291110,-4.059383,-37.365140,-3.981701,13.018058,-0.000094,-0.015290,-0.762666,-0.646612,-0.941300,-0.207125,0.266557,-0.337224,0.612732,-0.714731
6.620000,0.904381,-0.933169,0.035797,-0.066998,0.112862,-0.146356,-1.589736,0.346299,2.430496,0.237566,0.220001,-0.188918,0.048034,2.960283,-0.717680,-1.559999,-0.120512,0.972766,0.723537,0.084623,-0.254069,-0.121556,-0.404060,0.272113,-0.569755,0.036222,-0.216964,-0.238853,-0.049656,-0.080484,0.167171,0.114235,-0.140141,0.010173,41.407285,-4.120141,-37.318860,-3.994568,12.978670,-0.000094,-0.017814,-0.761706,-0.647678,-0.940467,-0.207138,0.269474,-0.339419,0.613920,-0.712669
6.630000,0.903711,-0.932040,0.034332,-0.067050,0.112950,-0.146470,-1.592436,0.348634,2.428109,0.238340,0.219340,-0.188541,0.048858,2.957719,-0.718901,-1.564048,-0.117774,0.967080,0.723885,0.082413,-0.256431,-0.122012,-0.404859,0.273769,-0.568627,0.034829,-0.220979,-0.236203,-0.045608,-0.079832,0.165616,0.112839,-0.139270,0.004624,41.525266,-4.181438,-37.272193,-4.007170,12.939154,-0.000095,-0.020336,-0.760747,-0.648730,-0.939620,-0.207164,0.272391,-0.341614,0.615099,-0.710600
6.640000,0.903040,-0.930910,0.032867,-0.067101,0.113037,-0.146582,-1.595138,0.350970,2.425720,0.239110,0.218671,-0.188161,0.049659,2.955131,-0.720125,-1.568105,-0.115020,0.961405,0.724219,0.080163,-0.258766,-0.122427,-0.405651,0.275409,-0.567512,0.033446,-0.225024,-0.233501,-0.041484,-0.079189,0.164026,0.111444,-0.138346,-0.001086,41.645054,-4.243265,-37.225141,-4.019509,12.899512,-0.000095,-0.022856,-0.759789,-0.649768,-0.938762,-0.207202,0.275307,-0.343809,0.616270,-0.708525
6.650000,0.902368,-0.929779,0.031401,-0.067152,0.113122,-0.146693,-1.597843,0.353308,2.423329,0.239878,0.217996,-0.187779,0.050438,2.952520,-0.721353,-1.572169,-0.112249,0.955741,0.724540,0.077872,-0.261074,-0.122800,-0.406436,0.277033,-0.566412,0.032072,-0.229095,-0.230746,-0.037288,-0.078553,0.162400,0.110052,-0.137367,-0.006961,41.766647,-4.305610,-37.177704,-4.031588,12.859745,-0.000095,-0.025373,-0.758832,-0.650792,-0.937890,-0.207252,0.278224,-0.346003,0.617431,-0.706442
6.660000,0.901697,-0.928647,0.029933,-0.067203,0.113207,-0.146803,-1.600549,0.355648,2.420936,0.240641,0.217315,-0.187395,0.051193,2.949887,-0.722584,-1.576241,-0.109463,0.950087,0.724847,0.075540,-0.263353,-0.123130,-0.407215,0.278640,-0.565325,0.030709,-0.233192,-0.227936,-0.033019,-0.077923,0.160738,0.108666,-0.136333,-0.013004,41.890044,-4.368459,-37.129883,-4.043409,12.819854,-0.000096,-0.027887,-0.757875,-0.651803,-0.937006,-0.207314,0.281141,-0.348198,0.618584,-0.704353
6.670000,0.901024,-0.927515,0.028465,-0.067252,0.113291,-0.146912,-1.603257,0.357989,2.418542,0.241401,0.216627,-0.187008,0.051925,2.947231,-0.723818,-1.580321,-0.106661,0.944445,0.725141,0.073167,-0.265604,-0.123417,-0.407988,0.280231,-0.564252,0.029356,-0.237312,-0.225070,-0.028681,-0.077296,0.159038,0.107288,-0.135242,-0.019219,42.015244,-4.431802,-37.081678,-4.054973,12.779840,-0.000096,-0.030398,-0.756920,-0.652800,-0.936110,-0.207389,0.284057,-0.350392,0.619727,-0.702256
6.680000,0.900352,-0.926382,0.026995,-0.067302,0.113374,-0.147019,-1.605968,0.360333,2.416145,0.242157,0.215933,-0.186619,0.052633,2.944552,-0.725055,-1.584409,-0.103843,0.938813,0.725421,0.070753,-0.267825,-0.123660,-0.408755,0.281804,-0.563193,0.028015,-0.241452,-0.222145,-0.024275,-0.076672,0.157299,0.105920,-0.134094,-0.025610,42.142246,-4.495623,-37.033091,-4.066283,12.739703,-0.000097,-0.032906,-0.755966,-0.653783,-0.935201,-0.207475,0.286973,-0.352585,0.620862,-0.700153
6.690000,0.899678,-0.925248,0.025524,-0.067350,0.113456,-0.147125,-1.608680,0.362678,2.413748,0.242910,0.215232,-0.186227,0.053316,2.941852,-0.726293,-1.588504,-0.101009,0.933192,0.725688,0.068297,-0.270017,-0.123858,-0.409516,0.283359,-0.562148,0.026686,-0.245609,-0.219161,-0.019803,-0.076048,0.155521,0.104564,-0.132888,-0.032179,42.271045,-4.559911,-36.984123,-4.077342,12.699446,-0.000097,-0.035411,-0.755013,-0.654753,-0.934279,-0.207574,0.289888,-0.354779,0.621987,-0.698043
6.700000,0.899005,-0.924113,0.024053,-0.067398,0.113537,-0.147230,-1.611394,0.365024,2.411348,0.243659,0.214524,-0.185834,0.053974,2.939130,-0.727534,-1.592606,-0.098160,0.927580,0.725941,0.065799,-0.272178,-0.124010,-0.410270,0.284896,-0.561115,0.025370,-0.249782,-0.216116,-0.015267,-0.075423,0.153703,0.103224,-0.131624,-0.038929,42.401641,-4.624650,-36.934773,-4.088150,12.659069,-0.000098,-0.037913,-0.754062,-0.655708,-0.933345,-0.207685,0.292803,-0.356972,0.623103,-0.695926
6.710000,0.898330,-0.922977,0.022580,-0.067446,0.113617,-0.147334,-1.614111,0.367373,2.408946,0.244404,0.213810,-0.185438,0.054606,2.936387,-0.728775,-1.596717,-0.095296,0.921979,0.726182,0.063259,-0.274308,-0.124117,-0.411018,0.286414,-0.560096,0.024067,-0.253967,-0.213009,-0.010669,-0.074794,0.151843,0.101902,-0.130300,-0.045864,42.534028,-4.689827,-36.885044,-4.098710,12.618572,-0.000098,-0.040412,-0.753112,-0.656650,-0.932399,-0.207808,0.295716,-0.359165,0.624210,-0.693803
6.720000,0.897656,-0.921840,0.021106,-0.067493,0.113696,-0.147437,-1.616829,0.369723,2.406543,0.245145,0.213090,-0.185040,0.055213,2.933623,-0.730016,-1.600834,-0.092417,0.916389,0.726410,0.060677,-0.276407,-0.124177,-0.411759,0.287914,-0.559090,0.022778,-0.258162,-0.209837,-0.006013,-0.074161,0.149942,0.100599,-0.128916,-0.052985,42.668204,-4.755427,-36.834935,-4.109023,12.577958,-0.000099,-0.042907,-0.752163,-0.657578,-0.931440,-0.207943,0.298629,-0.361357,0.625308,-0.691673
6.730000,0.896981,-0.920703,0.019631,-0.067539,0.113774,-0.147538,-1.619549,0.372074,2.404139,0.245882,0.212364,-0.184639,0.055794,2.930839,-0.731258,-1.604959,-0.089523,0.910808,0.726625,0.058054,-0.278473,-0.124190,-0.412494,0.289394,-0.558097,0.021503,-0.262363,-0.206600,-0.001300,-0.073519,0.147999,0.099319,-0.127471,-0.060297,42.804164,-4.821433,-36.784448,-4.119092,12.537227,-0.000099,-0.045399,-0.751216,-0.658493,-0.930468,-0.208090,0.301541,-0.363548,0.626396,-0.689536
6.740000,0.896305,-0.919565,0.018155,-0.067585,0.113851,-0.147638,-1.622271,0.374427,2.401732,0.246616,0.211631,-0.184237,0.056347,2.928034,-0.732500,-1.609091,-0.086614,0.905236,0.726827,0.055388,-0.280506,-0.124156,-0.413223,0.290854,-0.557116,0.020244,-0.266567,-0.203298,0.003468,-0.072869,0.146013,0.098065,-0.125965,-0.067799,42.941902,-4.887830,-36.733583,-4.128918,12.496380,-0.000099,-0.047887,-0.750271,-0.659394,-0.929484,-0.208249,0.304452,-0.365740,0.627475,-0.687393
6.750000,0.895629,-0.918426,0.016678,-0.067630,0.113927,-0.147736,-1.624994,0.376782,2.399324,0.247345,0.210891,-0.183832,0.056874,2.925208,-0.733741,-1.613231,-0.083691,0.899675,0.727017,0.052680,-0.282505,-0.124073,-0.413945,0.292294,-0.556148,0.019000,-0.270772,-0.199927,0.008286,-0.072207,0.143983,0.096839,-0.124398,-0.075495,43.081413,-4.954602,-36.682342,-4.138502,12.455419,-0.000100,-0.050372,-0.749328,-0.660281,-0.928488,-0.208420,0.307361,-0.367930,0.628545,-0.685244
6.760000,0.894952,-0.917286,0.015200,-0.067674,0.114002,-0.147834,-1.627720,0.379139,2.396915,0.248070,0.210146,-0.183426,0.057374,2.922364,-0.734980,-1.617377,-0.080754,0.894123,0.727195,0.049931,-0.284470,-0.123941,-0.414661,0.293713,-0.555192,0.017772,-0.274973,-0.196488,0.013153,-0.071531,0.141909,0.095644,-0.122768,-0.083387,43.222689,-5.021731,-36.630726,-4.147846,12.414344,-0.000100,-0.052852,-0.748386,-0.661154,-0.927479,-0.208604,0.310269,-0.370120,0.629605,-0.683088
6.770000,0.894275,-0.916146,0.013722,-0.067718,0.114076,-0.147930,-1.630447,0.381496,2.394504,0.248792,0.209394,-0.183017,0.057845,2.919500,-0.736218,-1.621531,-0.077803,0.888581,0.727361,0.047139,-0.286400,-0.123761,-0.415369,0.295111,-0.554247,0.016561,-0.279166,-0.192979,0.018065,-0.070839,0.139792,0.094482,-0.121076,-0.091474,43.365724,-5.089200,-36.578734,-4.156952,12.373157,-0.000101,-0.055330,-0.747447,-0.662013,-0.926458,-0.208799,0.313176,-0.372310,0.630655,-0.680925
6.780000,0.893598,-0.915005,0.012242,-0.067762,0.114149,-0.148025,-1.633176,0.383856,2.392091,0.249509,0.208636,-0.182606,0.058288,2.916617,-0.737453,-1.625692,-0.074838,0.883047,0.727514,0.044306,-0.288294,-0.123530,-0.416070,0.296487,-0.553313,0.015368,-0.283350,-0.189400,0.023020,-0.070128,0.137630,0.093356,-0.119321,-0.099760,43.510510,-5.156991,-36.526370,-4.165820,12.331858,-0.000101,-0.057803,-0.746510,-0.662859,-0.925424,-0.209006,0.316081,-0.374498,0.631696,-0.678757
6.790000,0.892920,-0.913863,0.010761,-0.067805,0.114221,-0.148118,-1.635907,0.386217,2.389677,0.250222,0.207871,-0.182193,0.058702,2.913715,-0.738686,-1.629859,-0.071860,0.877523,0.727656,0.041430,-0.290151,-0.123250,-0.416764,0.297841,-0.552391,0.014193,-0.287518,-0.185749,0.028014,-0.069397,0.135423,0.092269,-0.117504,-0.108244,43.657037,-5.225084,-36.473633,-4.174451,12.290450,-0.000102,-0.060272,-0.745574,-0.663691,-0.924378,-0.209225,0.318984,-0.376687,0.632727,-0.676582
6.800000,0.892242,-0.912720,0.009279,-0.067847,0.114292,-0.148210,-1.638639,0.388579,2.387261,0.250931,0.207101,-0.181778,0.059087,2.910796,-0.739915,-1.634034,-0.068868,0.872009,0.727787,0.038514,-0.291971,-0.122920,-0.417451,0.299173,-0.551478,0.013037,-0.291669,-0.182027,0.033044,-0.068643,0.133172,0.091225,-0.115624,-0.116927,43.805295,-5.293462,-36.420526,-4.182847,12.248932,-0.000102,-0.062737,-0.744642,-0.664510,-0.923319,-0.209455,0.321885,-0.378874,0.633749,-0.674401
6.810000,0.891563,-0.911577,0.007797,-0.067889,0.114363,-0.148302,-1.641374,0.390943,2.384844,0.251635,0.206324,-0.181361,0.059443,2.907858,-0.741140,-1.638215,-0.065863,0.866503,0.727906,0.035556,-0.293754,-0.122539,-0.418129,0.300482,-0.550576,0.011900,-0.295797,-0.178232,0.038106,-0.067863,0.130876,0.090224,-0.113681,-0.125809,43.955274,-5.362104,-36.367048,-4.191009,12.207307,-0.000102,-0.065198,-0.743711,-0.665314,-0.922248,-0.209698,0.324784,-0.381060,0.634760,-0.672214
6.820000,0.890884,-0.910433,0.006313,-0.067930,0.114432,-0.148391,-1.644109,0.393308,2.382425,0.252335,0.205541,-0.180942,0.059769,2.904903,-0.742361,-1.642403,-0.062846,0.861006,0.728013,0.032557,-0.295497,-0.122107,-0.418800,0.301767,-0.549683,0.010783,-0.299899,-0.174364,0.043197,-0.067055,0.128535,0.089272,-0.111676,-0.134889,44.106963,-5.430990,-36.313203,-4.198937,12.165576,-0.000103,-0.067655,-0.742783,-0.666105,-0.921165,-0.209952,0.327681,-0.383246,0.635762,-0.670021
6.830000,0.890205,-0.909288,0.004829,-0.067970,0.114500,-0.148480,-1.646847,0.395675,2.380005,0.253031,0.204752,-0.180521,0.060064,2.901931,-0.743577,-1.646598,-0.059815,0.855518,0.728110,0.029517,-0.297202,-0.121624,-0.419462,0.303029,-0.548800,0.009687,-0.303970,-0.170423,0.048313,-0.066216,0.126149,0.088369,-0.109609,-0.144168,44.260347,-5.500099,-36.258991,-4.206633,12.123739,-0.000103,-0.070107,-0.741857,-0.666883,-0.920069,-0.210218,0.330576,-0.385431,0.636754,-0.667822
6.840000,0.889525,-0.908143,0.003344,-0.068010,0.114567,-0.148567,-1.649586,0.398043,2.377583,0.253722,0.203957,-0.180098,0.060328,2.898942,-0.744788,-1.650799,-0.056773,0.850039,0.728196,0.026437,-0.298866,-0.121089,-0.420115,0.304266,-0.547924,0.008612,-0.308007,-0.166408,0.053450,-0.065344,0.123719,0.087520,-0.107479,-0.153643,44.415415,-5.569410,-36.204413,-4.214096,12.081798,-0.000104,-0.072555,-0.740934,-0.667647,-0.918961,-0.210496,0.333468,-0.387615,0.637736,-0.665618
6.850000,0.888844,-0.906997,0.001858,-0.068049,0.114634,-0.148653,-1.652327,0.400413,2.375160,0.254409,0.203156,-0.179673,0.060561,2.895938,-0.745993,-1.655007,-0.053718,0.844568,0.728272,0.023317,-0.300489,-0.120503,-0.420760,0.305478,-0.547057,0.007559,-0.312004,-0.162320,0.058605,-0.064437,0.121245,0.086726,-0.105289,-0.163314,44.572151,-5.638900,-36.149473,-4.221327,12.039754,-0.000104,-0.074998,-0.740014,-0.668397,-0.917841,-0.210786,0.336358,-0.389798,0.638708,-0.663407
6.860000,0.888164,-0.905850,0.000371,-0.068088,0.114699,-0.148738,-1.655069,0.402784,2.372736,0.255092,0.202349,-0.179246,0.060763,2.892917,-0.747192,-1.659221,-0.050651,0.839106,0.728337,0.020157,-0.302070,-0.119865,-0.421395,0.306666,-0.546197,0.006529,-0.315957,-0.158158,0.063773,-0.063491,0.118728,0.085992,-0.103037,-0.173178,44.730539,-5.708549,-36.094171,-4.228326,11.997608,-0.000104,-0.077437,-0.739097,-0.669133,-0.916709,-0.211087,0.339246,-0.391981,0.639671,-0.661190
6.870000,0.887483,-0.904703,-0.001117,-0.068126,0.114763,-0.148821,-1.657813,0.405156,2.370310,0.255770,0.201536,-0.178817,0.060932,2.889881,-0.748384,-1.663441,-0.047573,0.833653,0.728393,0.016959,-0.303610,-0.119176,-0.422020,0.307827,-0.545344,0.005522,-0.319863,-0.153924,0.068951,-0.062505,0.116168,0.085318,-0.100725,-0.183233,44.890562,-5.778332,-36.038509,-4.235094,11.955362,-0.000105,-0.079871,-0.738182,-0.669857,-0.915564,-0.211400,0.342130,-0.394162,0.640623,-0.658968
6.880000,0.886801,-0.903555,-0.002606,-0.068164,0.114826,-0.148903,-1.660558,0.407529,2.367883,0.256443,0.200717,-0.178386,0.061070,2.886830,-0.749568,-1.667667,-0.044483,0.828208,0.728438,0.013722,-0.305106,-0.118434,-0.422634,0.308963,-0.544497,0.004538,-0.323715,-0.149617,0.074134,-0.061475,0.113565,0.084709,-0.098354,-0.193477,45.052203,-5.848226,-35.982489,-4.241631,11.913016,-0.000105,-0.082300,-0.737271,-0.670566,-0.914407,-0.211724,0.345012,-0.396342,0.641565,-0.656740
6.890000,0.886119,-0.902407,-0.004095,-0.068201,0.114889,-0.148984,-1.663305,0.409904,2.365454,0.257112,0.199892,-0.177954,0.061174,2.883764,-0.750744,-1.671899,-0.041383,0.822771,0.728474,0.010446,-0.306558,-0.117641,-0.423238,0.310072,-0.543655,0.003579,-0.327510,-0.145238,0.079318,-0.060399,0.110920,0.084166,-0.095925,-0.203906,45.215443,-5.918207,-35.926114,-4.247936,11.870573,-0.000106,-0.084724,-0.736362,-0.671262,-0.913237,-0.212060,0.347891,-0.398521,0.642496,-0.654507
6.900000,0.885437,-0.901257,-0.005585,-0.068237,0.114950,-0.149063,-1.666053,0.412280,2.363025,0.257776,0.199061,-0.177520,0.061245,2.880684,-0.751912,-1.676138,-0.038271,0.817343,0.728500,0.007134,-0.307966,-0.116796,-0.423831,0.311154,-0.542818,0.002644,-0.331243,-0.140788,0.084499,-0.059274,0.108235,0.083693,-0.093438,-0.214515,45.380261,-5.988251,-35.869387,-4.254009,11.828033,-0.000106,-0.087143,-0.735457,-0.671944,-0.912056,-0.212407,0.350767,-0.400700,0.643418,-0.652268
6.910000,0.884755,-0.900108,-0.007076,-0.068273,0.115010,-0.149142,-1.668803,0.414658,2.360594,0.258435,0.198225,-0.177083,0.061283,2.877591,-0.753071,-1.680382,-0.035149,0.811923,0.728517,0.003785,-0.309329,-0.115900,-0.424412,0.312210,-0.541986,0.001736,-0.334908,-0.136268,0.089672,-0.058099,0.105510,0.083291,-0.090896,-0.225302,45.546635,-6.058332,-35.812308,-4.259850,11.785398,-0.000106,-0.089558,-0.734555,-0.672613,-0.910862,-0.212766,0.353639,-0.402877,0.644329,-0.650023
6.920000,0.884072,-0.898957,-0.008568,-0.068308,0.115070,-0.149219,-1.671554,0.417036,2.358161,0.259089,0.197382,-0.176645,0.061287,2.874485,-0.754221,-1.684632,-0.032017,0.806512,0.728526,0.000400,-0.310646,-0.114951,-0.424981,0.313237,-0.541156,0.000853,-0.338502,-0.131678,0.094833,-0.056870,0.102746,0.082965,-0.088298,-0.236260,45.714544,-6.128426,-35.754882,-4.265458,11.742668,-0.000107,-0.091967,-0.733656,-0.673269,-0.909656,-0.213136,0.356509,-0.405052,0.645230,-0.647773
6.930000,0.883389,-0.897806,-0.010061,-0.068343,0.115128,-0.149294,-1.674307,0.419416,2.355728,0.259739,0.196534,-0.176206,0.061257,2.871366,-0.755360,-1.688887,-0.028874,0.801108,0.728526,-0.003020,-0.311916,-0.113951,-0.425537,0.314236,-0.540329,-0.000004,-0.342019,-0.127021,0.099977,-0.055584,0.099945,0.082715,-0.085647,-0.247386,45.883963,-6.198506,-35.697111,-4.270834,11.699846,-0.000107,-0.094370,-0.732761,-0.673911,-0.908438,-0.213517,0.359375,-0.407227,0.646121,-0.645518
6.940000,0.882705,-0.896655,-0.011554,-0.068377,0.115185,-0.149369,-1.677061,0.421797,2.353293,0.260384,0.195680,-0.175764,0.061192,2.868234,-0.756489,-1.693148,-0.025722,0.795713,0.728518,-0.006475,-0.313139,-0.112901,-0.426079,0.315208,-0.539503,-0.000833,-0.345455,-0.122298,0.105099,-0.054240,0.097106,0.082544,-0.082945,-0.258672,46.054868,-6.268545,-35.638997,-4.275975,11.656932,-0.000108,-0.096769,-0.731869,-0.674540,-0.907208,-0.213910,0.362237,-0.409401,0.647001,-0.643258
6.950000,0.882021,-0.895502,-0.013048,-0.068410,0.115242,-0.149442,-1.679816,0.424179,2.350857,0.261024,0.194820,-0.175321,0.061093,2.865091,-0.757607,-1.697414,-0.022561,0.790327,0.728501,-0.009963,-0.314314,-0.111799,-0.426608,0.316150,-0.538679,-0.001635,-0.348805,-0.117510,0.110196,-0.052836,0.094233,0.082455,-0.080192,-0.270114,46.227232,-6.338518,-35.580544,-4.280881,11.613928,-0.000108,-0.099162,-0.730980,-0.675155,-0.905966,-0.214314,0.365096,-0.411573,0.647871,-0.640992
6.960000,0.881337,-0.894350,-0.014543,-0.068443,0.115297,-0.149513,-1.682573,0.426563,2.348420,0.261659,0.193955,-0.174876,0.060958,2.861937,-0.758714,-1.701685,-0.019390,0.784948,0.728477,-0.013483,-0.315440,-0.110646,-0.427121,0.317063,-0.537854,-0.002409,-0.352064,-0.112659,0.115261,-0.051367,0.091326,0.082450,-0.077391,-0.281703,46.401027,-6.408397,-35.521756,-4.285551,11.570835,-0.000108,-0.101549,-0.730096,-0.675757,-0.904712,-0.214729,0.367951,-0.413744,0.648731,-0.638721
6.970000,0.880652,-0.893197,-0.016038,-0.068476,0.115351,-0.149584,-1.685331,0.428947,2.345981,0.262289,0.193084,-0.174429,0.060787,2.858771,-0.759808,-1.705961,-0.016211,0.779578,0.728446,-0.017036,-0.316518,-0.109443,-0.427620,0.317947,-0.537029,-0.003155,-0.355227,-0.107748,0.120292,-0.049833,0.088387,0.082531,-0.074543,-0.293433,46.576225,-6.478153,-35.462635,-4.289983,11.527655,-0.000109,-0.103931,-0.729215,-0.676346,-0.903446,-0.215155,0.370802,-0.415913,0.649580,-0.636445
6.980000,0.879967,-0.892043,-0.017535,-0.068507,0.115405,-0.149653,-1.688090,0.431333,2.343542,0.262914,0.192208,-0.173981,0.060581,2.855596,-0.760890,-1.710242,-0.013023,0.774216,0.728407,-0.020619,-0.317546,-0.108190,-0.428102,0.318801,-0.536202,-0.003871,-0.358289,-0.102778,0.125282,-0.048232,0.085418,0.082700,-0.071652,-0.305296,46.752796,-6.547760,-35.403186,-4.294177,11.484388,-0.000109,-0.106307,-0.728338,-0.676921,-0.902168,-0.215593,0.373649,-0.418082,0.650418,-0.634164
6.990000,0.879282,-0.890888,-0.019031,-0.068538,0.115457,-0.149721,-1.690851,0.433719,2.341101,0.263533,0.191326,-0.173531,0.060339,2.852411,-0.761959,-1.714528,-0.009826,0.768862,0.728361,-0.024231,-0.318523,-0.106888,-0.428567,0.319625,-0.535372,-0.004558,-0.361246,-0.097753,0.130228,-0.046560,0.082420,0.082958,-0.068718,-0.317283,46.930709,-6.617188,-35.343411,-4.298131,11.441036,-0.000109,-0.108677,-0.727465,-0.677484,-0.900878,-0.216041,0.376492,-0.420249,0.651246,-0.631878
7.000000,0.878596,-0.889734,-0.020529,-0.068569,0.115509,-0.149788,-1.693613,0.436107,2.338660,0.264148,0.190438,-0.173079,0.060060,2.849216,-0.763014,-1.718818,-0.006622,0.763517,0.728309,-0.027872,-0.319450,-0.105537,-0.429016,0.320419,-0.534539,-0.005216,-0.364094,-0.092674,0.135124,-0.044816,0.079394,0.083308,-0.065744,-0.329386,47.109931,-6.686409,-35.283316,-4.301842,11.397600,-0.000110,-0.111041,-0.726596,-0.678033,-0.899576,-0.216500,0.379330,-0.422414,0.652063,-0.629587
7.010000,0.877911,-0.888578,-0.022027,-0.068599,0.115559,-0.149853,-1.696376,0.438496,2.336217,0.264758,0.189545,-0.172626,0.059745,2.846013,-0.764056,-1.723113,-0.003410,0.758180,0.728251,-0.031540,-0.320325,-0.104137,-0.429446,0.321183,-0.533702,-0.005843,-0.366827,-0.087545,0.139967,-0.042998,0.076344,0.083752,-0.062733,-0.341595,47.290429,-6.755394,-35.222905,-4.305310,11.354082,-0.000110,-0.113400,-0.725731,-0.678569,-0.898262,-0.216971,0.382165,-0.424578,0.652870,-0.627292
7.020000,0.877224,-0.887422,-0.023526,-0.068628,0.115608,-0.149917,-1.699140,0.440886,2.333773,0.265362,0.188646,-0.172171,0.059393,2.842802,-0.765083,-1.727411,-0.000191,0.752851,0.728186,-0.035235,-0.321149,-0.102690,-0.429857,0.321915,-0.532859,-0.006440,-0.369441,-0.082368,0.144750,-0.041104,0.073270,0.084289,-0.059687,-0.353902,47.472169,-6.824114,-35.162181,-4.308533,11.310483,-0.000110,-0.115752,-0.724870,-0.679091,-0.896936,-0.217452,0.384995,-0.426741,0.653665,-0.624991
7.030000,0.876538,-0.886266,-0.025025,-0.068657,0.115657,-0.149980,-1.701905,0.443277,2.331328,0.265961,0.187742,-0.171714,0.059003,2.839582,-0.766095,-1.731714,0.003035,0.747531,0.728116,-0.038954,-0.321921,-0.101195,-0.430248,0.322617,-0.532010,-0.007006,-0.371932,-0.077146,0.149470,-0.039132,0.070175,0.084923,-0.056609,-0.366295,47.655113,-6.892538,-35.101149,-4.311507,11.266804,-0.000111,-0.118098,-0.724013,-0.679601,-0.895598,-0.217944,0.387820,-0.428902,0.654450,-0.622686
7.040000,0.875851,-0.885109,-0.026526,-0.068685,0.115704,-0.150041,-1.704672,0.445668,2.328882,0.266555,0.186833,-0.171256,0.058576,2.836356,-0.767091,-1.736020,0.006268,0.742219,0.728041,-0.042697,-0.322639,-0.099654,-0.430619,0.323288,-0.531153,-0.007541,-0.374296,-0.071884,0.154122,-0.037080,0.067061,0.085654,-0.053502,-0.378763,47.839226,-6.960638,-35.039815,-4.314232,11.223047,-0.000111,-0.120438,-0.723161,-0.680098,-0.894249,-0.218446,0.390641,-0.431061,0.655225,-0.620377
7.050000,0.875164,-0.883952,-0.028026,-0.068712,0.115750,-0.150101,-1.707439,0.448061,2.326436,0.267144,0.185918,-0.170797,0.058111,2.833123,-0.768072,-1.740330,0.009507,0.736917,0.727960,-0.046462,-0.323305,-0.098067,-0.430968,0.323927,-0.530288,-0.008045,-0.376528,-0.066584,0.158702,-0.034948,0.063931,0.086484,-0.050368,-0.391297,48.024468,-7.028383,-34.978183,-4.316705,11.179213,-0.000111,-0.122772,-0.722313,-0.680581,-0.892888,-0.218960,0.393457,-0.433219,0.655988,-0.618062
7.060000,0.874477,-0.882794,-0.029528,-0.068739,0.115796,-0.150160,-1.710208,0.450455,2.323988,0.267727,0.184998,-0.170336,0.057609,2.829884,-0.769036,-1.744643,0.012752,0.731622,0.727875,-0.050249,-0.323918,-0.096434,-0.431296,0.324535,-0.529414,-0.008517,-0.378624,-0.061250,0.163205,-0.032733,0.060785,0.087412,-0.047210,-0.403884,48.210802,-7.095743,-34.916258,-4.318923,11.135304,-0.000112,-0.125099,-0.721470,-0.681052,-0.891515,-0.219484,0.396268,-0.435375,0.656741,-0.615744
7.070000,0.873790,-0.881636,-0.031029,-0.068766,0.115840,-0.150217,-1.712978,0.452850,2.321539,0.268305,0.184073,-0.169873,0.057068,2.826639,-0.769984,-1.748959,0.016004,0.726337,0.727786,-0.054054,-0.324477,-0.094758,-0.431600,0.325111,-0.528530,-0.008957,-0.380581,-0.055885,0.167627,-0.030434,0.057627,0.088441,-0.044032,-0.416513,48.398186,-7.162688,-34.854046,-4.320884,11.091320,-0.000112,-0.127420,-0.720631,-0.681509,-0.890130,-0.220018,0.399074,-0.437530,0.657482,-0.613421
7.080000,0.873102,-0.880477,-0.032532,-0.068791,0.115883,-0.150273,-1.715749,0.455245,2.319089,0.268877,0.183143,-0.169409,0.056490,2.823389,-0.770914,-1.753277,0.019260,0.721061,0.727692,-0.057878,-0.324982,-0.093039,-0.431880,0.325656,-0.527634,-0.009366,-0.382395,-0.050495,0.171964,-0.028050,0.054459,0.089570,-0.040837,-0.429171,48.586580,-7.229188,-34.791553,-4.322584,11.047263,-0.000112,-0.129734,-0.719797,-0.681954,-0.888734,-0.220564,0.401875,-0.439683,0.658213,-0.611093
7.090000,0.872414,-0.879318,-0.034035,-0.068816,0.115926,-0.150328,-1.718521,0.457642,2.316639,0.269444,0.182208,-0.168944,0.055872,2.820135,-0.771827,-1.757599,0.022522,0.715794,0.727595,-0.061719,-0.325432,-0.091276,-0.432136,0.326169,-0.526726,-0.009742,-0.384062,-0.045082,0.176211,-0.025580,0.051283,0.090800,-0.037627,-0.441845,48.775941,-7.295211,-34.728784,-4.324023,11.003134,-0.000113,-0.132042,-0.718967,-0.682386,-0.887326,-0.221119,0.404671,-0.441834,0.658933,-0.608762
7.100000,0.871725,-0.878159,-0.035538,-0.068841,0.115967,-0.150382,-1.721294,0.460039,2.314187,0.270005,0.181267,-0.168477,0.055217,2.816876,-0.772722,-1.761922,0.025788,0.710535,0.727494,-0.065575,-0.325829,-0.089473,-0.432366,0.326650,-0.525805,-0.010086,-0.385580,-0.039650,0.180364,-0.023023,0.048101,0.092131,-0.034406,-0.454524,48.966226,-7.360729,-34.665745,-4.325195,10.958935,-0.000113,-0.134342,-0.718143,-0.682805,-0.885907,-0.221685,0.407461,-0.443983,0.659641,-0.606426
7.110000,0.871037,-0.876999,-0.037043,-0.068865,0.116007,-0.150434,-1.724068,0.462437,2.311735,0.270561,0.180321,-0.168009,0.054522,2.813615,-0.773598,-1.766248,0.029059,0.705287,0.727390,-0.069444,-0.326171,-0.087629,-0.432570,0.327099,-0.524869,-0.010398,-0.386944,-0.034205,0.184420,-0.020378,0.044917,0.093563,-0.031177,-0.467194,49.157392,-7.425710,-34.602443,-4.326099,10.914668,-0.000113,-0.136636,-0.717323,-0.683212,-0.884476,-0.222262,0.410246,-0.446131,0.660339,-0.604086
7.120000,0.870348,-0.875839,-0.038547,-0.068888,0.116046,-0.150485,-1.726842,0.464836,2.309282,0.271111,0.179371,-0.167539,0.053789,2.810350,-0.774455,-1.770576,0.032334,0.700048,0.727283,-0.073326,-0.326458,-0.085745,-0.432747,0.327516,-0.523918,-0.010677,-0.388153,-0.028750,0.188375,-0.017645,0.041731,0.095097,-0.027944,-0.479841,49.349393,-7.490125,-34.538884,-4.326731,10.870332,-0.000114,-0.138923,-0.716508,-0.683605,-0.883034,-0.222848,0.413026,-0.448276,0.661026,-0.601742
7.130000,0.869659,-0.874678,-0.040052,-0.068911,0.116085,-0.150535,-1.729618,0.467236,2.306828,0.271656,0.178415,-0.167068,0.053017,2.807083,-0.775294,-1.774904,0.035613,0.694818,0.727174,-0.077218,-0.326691,-0.083823,-0.432895,0.327902,-0.522951,-0.010924,-0.389203,-0.023290,0.192225,-0.014822,0.038547,0.096731,-0.024710,-0.492453,49.542185,-7.553942,-34.475075,-4.327088,10.825930,-0.000114,-0.141203,-0.715698,-0.683986,-0.881580,-0.223445,0.415799,-0.450420,0.661701,-0.599394
7.140000,0.868970,-0.873517,-0.041558,-0.068933,0.116122,-0.150583,-1.732395,0.469637,2.304373,0.272195,0.177454,-0.166596,0.052206,2.803815,-0.776112,-1.779235,0.038896,0.689598,0.727062,-0.081119,-0.326870,-0.081863,-0.433014,0.328255,-0.521966,-0.011139,-0.390091,-0.017829,0.195968,-0.011911,0.035368,0.098466,-0.021479,-0.505014,49.735721,-7.617133,-34.411022,-4.327166,10.781464,-0.000114,-0.143476,-0.714894,-0.684355,-0.880115,-0.224052,0.418568,-0.452562,0.662365,-0.597042
7.150000,0.868280,-0.872356,-0.043064,-0.068954,0.116158,-0.150630,-1.735172,0.472038,2.301917,0.272728,0.176489,-0.166122,0.051355,2.800545,-0.776911,-1.783566,0.042182,0.684389,0.726949,-0.085027,-0.326993,-0.079867,-0.433103,0.328577,-0.520963,-0.011321,-0.390816,-0.012373,0.199598,-0.008910,0.032194,0.100300,-0.018253,-0.517512,49.929955,-7.679667,-34.346732,-4.326963,10.736933,-0.000115,-0.145742,-0.714094,-0.684711,-0.878638,-0.224669,0.421330,-0.454702,0.663018,-0.594687
7.160000,0.867591,-0.871194,-0.044570,-0.068975,0.116193,-0.150676,-1.737951,0.474440,2.299461,0.273255,0.175518,-0.165648,0.050466,2.797274,-0.777689,-1.787897,0.045470,0.679189,0.726834,-0.088941,-0.327063,-0.077836,-0.433161,0.328868,-0.519941,-0.011472,-0.391376,-0.006924,0.203115,-0.005820,0.029029,0.102233,-0.015038,-0.529933,50.124838,-7.741514,-34.282214,-4.326475,10.692341,-0.000115,-0.148000,-0.713300,-0.685054,-0.877150,-0.225296,0.424086,-0.456840,0.663660,-0.592327
7.170000,0.866901,-0.870032,-0.046077,-0.068996,0.116228,-0.150720,-1.740730,0.476843,2.297004,0.273777,0.174543,-0.165171,0.049537,2.794003,-0.778447,-1.792229,0.048762,0.674000,0.726719,-0.092858,-0.327077,-0.075771,-0.433188,0.329126,-0.518898,-0.011590,-0.391768,-0.001489,0.206514,-0.002640,0.025876,0.104264,-0.011835,-0.542261,50.320325,-7.802646,-34.217474,-4.325698,10.647687,-0.000115,-0.150252,-0.712511,-0.685385,-0.875651,-0.225933,0.426836,-0.458976,0.664291,-0.589964
7.180000,0.866211,-0.868869,-0.047585,-0.069015,0.116261,-0.150763,-1.743510,0.479246,2.294546,0.274293,0.173563,-0.164694,0.048570,2.790733,-0.779184,-1.796561,0.052055,0.668822,0.726602,-0.096778,-0.327038,-0.073673,-0.433181,0.329354,-0.517834,-0.011677,-0.391992,0.003929,0.209792,0.000628,0.022735,0.106392,-0.008650,-0.554484,50.516365,-7.863034,-34.152520,-4.324629,10.602974,-0.000116,-0.152495,-0.711727,-0.685704,-0.874141,-0.226579,0.429581,-0.461110,0.664911,-0.587598
7.190000,0.865521,-0.867707,-0.049093,-0.069035,0.116293,-0.150805,-1.746291,0.481650,2.292088,0.274802,0.172579,-0.164215,0.047563,2.787463,-0.779899,-1.800892,0.055351,0.663655,0.726484,-0.100699,-0.326945,-0.071543,-0.433142,0.329550,-0.516748,-0.011732,-0.392045,0.009324,0.212949,0.003985,0.019610,0.108615,-0.005484,-0.566588,50.712912,-7.922648,-34.087359,-4.323264,10.558202,-0.000116,-0.154731,-0.710949,-0.686010,-0.872619,-0.227236,0.432319,-0.463242,0.665519,-0.585227
7.200000,0.864830,-0.866544,-0.050601,-0.069053,0.116324,-0.150845,-1.749072,0.484055,2.289629,0.275306,0.171590,-0.163735,0.046516,2.784195,-0.780593,-1.805223,0.058648,0.658498,0.726367,-0.104618,-0.326798,-0.069383,-0.433067,0.329715,-0.515639,-0.011755,-0.391928,0.014692,0.215980,0.007430,0.016503,0.110933,-0.002342,-0.578557,50.909916,-7.981461,-34.022000,-4.321599,10.513374,-0.000116,-0.156960,-0.710177,-0.686304,-0.871087,-0.227902,0.435050,-0.465372,0.666116,-0.582854
7.210000,0.864140,-0.865380,-0.052110,-0.069071,0.116354,-0.150884,-1.751854,0.486461,2.287169,0.275805,0.170596,-0.163254,0.045431,2.780929,-0.781265,-1.809553,0.061946,0.653353,0.726249,-0.108534,-0.326598,-0.067195,-0.432958,0.329849,-0.514505,-0.011747,-0.391638,0.020029,0.218884,0.010961,0.013416,0.113342,0.000772,-0.590378,51.107327,-8.039444,-33.956451,-4.319631,10.468490,-0.000116,-0.159181,-0.709409,-0.686585,-0.869543,-0.228578,0.437775,-0.467500,0.666701,-0.580477
7.220000,0.863449,-0.864216,-0.053619,-0.069088,0.116383,-0.150922,-1.754637,0.488867,2.284708,0.276297,0.169597,-0.162772,0.044307,2.777666,-0.781915,-1.813881,0.065246,0.648220,0.726132,-0.112446,-0.326344,-0.064978,-0.432812,0.329952,-0.513347,-0.011709,-0.391176,0.025329,0.221660,0.014579,0.010350,0.115841,0.003856,-0.602038,51.305098,-8.096571,-33.890721,-4.317355,10.423551,-0.000117,-0.161394,-0.708648,-0.686855,-0.867988,-0.229263,0.440494,-0.469626,0.667275,-0.578096
7.230000,0.862758,-0.863053,-0.055128,-0.069105,0.116412,-0.150959,-1.757421,0.491273,2.282247,0.276783,0.168594,-0.162289,0.043143,2.774406,-0.782542,-1.818207,0.068546,0.643098,0.726016,-0.116351,-0.326039,-0.062735,-0.432629,0.330026,-0.512163,-0.011640,-0.390541,0.030588,0.224305,0.018282,0.007308,0.118429,0.006905,-0.613522,51.503178,-8.152814,-33.824817,-4.314769,10.378559,-0.000117,-0.163600,-0.707893,-0.687112,-0.866422,-0.229958,0.443206,-0.471749,0.667838,-0.575713
7.240000,0.862067,-0.861888,-0.056638,-0.069121,0.116439,-0.150994,-1.760205,0.493681,2.279786,0.277263,0.167587,-0.161805,0.041941,2.771149,-0.783147,-1.822531,0.071847,0.637989,0.725901,-0.120249,-0.325681,-0.060467,-0.432408,0.330068,-0.510952,-0.011540,-0.389733,0.035803,0.226818,0.022069,0.004292,0.121104,0.009917,-0.624816,51.701519,-8.208147,-33.758748,-4.311868,10.333516,-0.000117,-0.165797,-0.707143,-0.687358,-0.864846,-0.230663,0.445911,-0.473870,0.668389,-0.573326
7.250000,0.861375,-0.860724,-0.058148,-0.069136,0.116465,-0.151027,-1.762990,0.496088,2.277324,0.277737,0.166575,-0.161319,0.040699,2.767896,-0.783729,-1.826853,0.075148,0.632891,0.725786,-0.124136,-0.325271,-0.058175,-0.432149,0.330081,-0.509713,-0.011412,-0.388752,0.040967,0.229197,0.025938,0.001303,0.123862,0.012888,-0.635909,51.900071,-8.262544,-33.692523,-4.308648,10.288422,-0.000118,-0.167987,-0.706399,-0.687591,-0.863258,-0.231376,0.448609,-0.475989,0.668929,-0.570936
7.260000,0.860684,-0.859559,-0.059658,-0.069151,0.116490,-0.151060,-1.765776,0.498497,2.274861,0.278205,0.165559,-0.160832,0.039419,2.764648,-0.784287,-1.831171,0.078448,0.627807,0.725674,-0.128012,-0.324810,-0.055860,-0.431850,0.330065,-0.508446,-0.011253,-0.387600,0.046078,0.231443,0.029888,-0.001657,0.126701,0.015815,-0.646786,52.098786,-8.315981,-33.626151,-4.305106,10.243279,-0.000118,-0.170168,-0.705661,-0.687812,-0.861660,-0.232099,0.451301,-0.478106,0.669457,-0.568544
7.270000,0.859992,-0.858394,-0.061169,-0.069166,0.116514,-0.151091,-1.768562,0.500906,2.272398,0.278667,0.164538,-0.160345,0.038100,2.761405,-0.784822,-1.835486,0.081748,0.622735,0.725563,-0.131875,-0.324299,-0.053525,-0.431511,0.330019,-0.507150,-0.011067,-0.386276,0.051130,0.233553,0.033918,-0.004586,0.129620,0.018694,-0.657434,52.297613,-8.368433,-33.559642,-4.301237,10.198088,-0.000118,-0.172341,-0.704929,-0.688022,-0.860051,-0.232831,0.453985,-0.480220,0.669974,-0.566148
7.280000,0.859301,-0.857229,-0.062680,-0.069179,0.116537,-0.151121,-1.771349,0.503315,2.269934,0.279123,0.163513,-0.159856,0.036743,2.758168,-0.785334,-1.839797,0.085048,0.617677,0.725455,-0.135723,-0.323738,-0.051170,-0.431131,0.329944,-0.505824,-0.010851,-0.384781,0.056120,0.235528,0.038025,-0.007482,0.132615,0.021523,-0.667842,52.496506,-8.419875,-33.493003,-4.297039,10.152851,-0.000118,-0.174506,-0.704203,-0.688220,-0.858431,-0.233572,0.456662,-0.482332,0.670479,-0.563749
7.290000,0.858609,-0.856063,-0.064192,-0.069192,0.116559,-0.151150,-1.774136,0.505725,2.267470,0.279572,0.162484,-0.159366,0.035348,2.754936,-0.785822,-1.844105,0.088346,0.612633,0.725349,-0.139554,-0.323127,-0.048796,-0.430709,0.329841,-0.504467,-0.010608,-0.383117,0.061044,0.237367,0.042207,-0.010345,0.135684,0.024299,-0.677996,52.695415,-8.470286,-33.426246,-4.292507,10.107568,-0.000119,-0.176663,-0.703483,-0.688405,-0.856800,-0.234323,0.459333,-0.484442,0.670973,-0.561348
7.300000,0.857917,-0.854898,-0.065703,-0.069205,0.116580,-0.151177,-1.776924,0.508135,2.265005,0.280015,0.161451,-0.158876,0.033914,2.751712,-0.786286,-1.848407,0.091643,0.607602,0.725245,-0.143367,-0.322468,-0.046405,-0.430244,0.329709,-0.503079,-0.010338,-0.381286,0.065897,0.239069,0.046463,-0.013173,0.138823,0.027017,-0.687885,52.894293,-8.519641,-33.359378,-4.287637,10.062242,-0.000119,-0.178812,-0.702769,-0.688580,-0.855159,-0.235082,0.461995,-0.486549,0.671455,-0.558944
7.310000,0.857225,-0.853732,-0.067215,-0.069217,0.116600,-0.151203,-1.779712,0.510546,2.262540,0.280452,0.160414,-0.158384,0.032442,2.748494,-0.786726,-1.852704,0.094939,0.602585,0.725145,-0.147160,-0.321761,-0.043999,-0.429736,0.329549,-0.501658,-0.010041,-0.379288,0.070677,0.240636,0.050790,-0.015965,0.142031,0.029677,-0.697498,53.093093,-8.567921,-33.292409,-4.282426,10.016873,-0.000119,-0.180952,-0.702062,-0.688742,-0.853507,-0.235850,0.464651,-0.488653,0.671926,-0.556537
7.320000,0.856533,-0.852566,-0.068727,-0.069228,0.116619,-0.151227,-1.782501,0.512957,2.260075,0.280883,0.159372,-0.157891,0.030933,2.745284,-0.787142,-1.856996,0.098233,0.597583,0.725048,-0.150931,-0.321008,-0.041578,-0.429184,0.329362,-0.500205,-0.009719,-0.377126,0.075380,0.242067,0.055186,-0.018720,0.145302,0.032274,-0.706824,53.291767,-8.615104,-33.225350,-4.276870,9.971462,-0.000119,-0.183083,-0.701360,-0.688893,-0.851845,-0.236627,0.467299,-0.490755,0.672385,-0.554128
7.330000,0.855840,-0.851399,-0.070240,-0.069238,0.116637,-0.151250,-1.785290,0.515368,2.257609,0.281307,0.158327,-0.157398,0.029386,2.742082,-0.787533,-1.861282,0.101524,0.592596,0.724954,-0.154679,-0.320208,-0.039145,-0.428588,0.329148,-0.498719,-0.009371,-0.374801,0.080001,0.243363,0.059649,-0.021437,0.148636,0.034806,-0.715852,53.490269,-8.661170,-33.158209,-4.270966,9.926012,-0.000120,-0.185206,-0.700666,-0.689033,-0.850172,-0.237412,0.469939,-0.492855,0.672832,-0.551716
7.340000,0.855148,-0.850233,-0.071752,-0.069249,0.116653,-0.151272,-1.788080,0.517780,2.255142,0.281725,0.157277,-0.156903,0.027802,2.738888,-0.787900,-1.865562,0.104813,0.587624,0.724864,-0.158402,-0.319362,-0.036699,-0.427946,0.328907,-0.497199,-0.008998,-0.372317,0.084539,0.244525,0.064176,-0.024115,0.152027,0.037271,-0.724571,53.688553,-8.706100,-33.090997,-4.264709,9.880522,-0.000120,-0.187320,-0.699977,-0.689161,-0.848489,-0.238207,0.472572,-0.494952,0.673268,-0.549302
7.350000,0.854455,-0.849066,-0.073265,-0.069258,0.116669,-0.151293,-1.790870,0.520192,2.252676,0.282137,0.156224,-0.156408,0.026181,2.735704,-0.788243,-1.869834,0.108099,0.582668,0.724778,-0.162099,-0.318472,-0.034244,-0.427258,0.328639,-0.495644,-0.008601,-0.369675,0.088989,0.245553,0.068765,-0.026754,0.155474,0.039666,-0.732973,53.886575,-8.749875,-33.023723,-4.258097,9.834996,-0.000120,-0.189425,-0.699295,-0.689278,-0.846796,-0.239009,0.475197,-0.497047,0.673692,-0.546886
7.360000,0.853763,-0.847899,-0.074778,-0.069267,0.116684,-0.151312,-1.793660,0.522604,2.250209,0.282542,0.155167,-0.155912,0.024524,2.732528,-0.788561,-1.874099,0.111383,0.577727,0.724696,-0.165768,-0.317539,-0.031779,-0.426524,0.328346,-0.494054,-0.008181,-0.366879,0.093350,0.246448,0.073413,-0.029353,0.158972,0.041989,-0.741048,54.084290,-8.792479,-32.956397,-4.251127,9.789433,-0.000120,-0.191522,-0.698620,-0.689383,-0.845092,-0.239820,0.477814,-0.499139,0.674104,-0.544467
7.370000,0.853070,-0.846733,-0.076291,-0.069275,0.116698,-0.151330,-1.796451,0.525017,2.247742,0.282941,0.154106,-0.155415,0.022829,2.729363,-0.788854,-1.878357,0.114663,0.572803,0.724619,-0.169407,-0.316563,-0.029307,-0.425743,0.328026,-0.492429,-0.007739,-0.363931,0.097618,0.247213,0.078117,-0.031911,0.162519,0.044237,-0.748787,54.281655,-8.833894,-32.889030,-4.243794,9.743835,-0.000120,-0.193609,-0.697951,-0.689478,-0.843378,-0.240640,0.480423,-0.501228,0.674505,-0.542046
7.380000,0.852377,-0.845565,-0.077805,-0.069283,0.116711,-0.151347,-1.799242,0.527430,2.245274,0.283334,0.153041,-0.154917,0.021099,2.726207,-0.789122,-1.882606,0.117940,0.567895,0.724546,-0.173015,-0.315545,-0.026829,-0.424914,0.327682,-0.490768,-0.007275,-0.360833,0.101791,0.247847,0.082875,-0.034429,0.166110,0.046409,-0.756183,54.478626,-8.874104,-32.821630,-4.236096,9.698204,-0.000121,-0.195688,-0.697289,-0.689561,-0.841654,-0.241468,0.483024,-0.503314,0.674893,-0.539624
7.390000,0.851684,-0.844398,-0.079318,-0.069290,0.116723,-0.151362,-1.802033,0.529843,2.242806,0.283719,0.151972,-0.154418,0.019333,2.723062,-0.789365,-1.886846,0.121213,0.563004,0.724478,-0.176591,-0.314486,-0.024345,-0.424037,0.327313,-0.489070,-0.006790,-0.357591,0.105866,0.248354,0.087683,-0.036906,0.169743,0.048503,-0.763228,54.675161,-8.913096,-32.754208,-4.228029,9.652540,-0.000121,-0.197758,-0.696634,-0.689633,-0.839919,-0.242304,0.485617,-0.505398,0.675270,-0.537199
7.400000,0.850991,-0.843231,-0.080832,-0.069296,0.116733,-0.151376,-1.804825,0.532257,2.240338,0.284099,0.150900,-0.153919,0.017532,2.719928,-0.789584,-1.891077,0.124482,0.558131,0.724415,-0.180133,-0.313388,-0.021858,-0.423112,0.326920,-0.487336,-0.006285,-0.354205,0.109842,0.248735,0.092539,-0.039342,0.173414,0.050517,-0.769914,54.871221,-8.950855,-32.686775,-4.219591,9.606845,-0.000121,-0.199818,-0.695985,-0.689694,-0.838175,-0.243148,0.488202,-0.507479,0.675636,-0.534772
7.410000,0.850298,-0.842064,-0.082346,-0.069302,0.116743,-0.151389,-1.807617,0.534671,2.237870,0.284472,0.149825,-0.153419,0.015696,2.716806,-0.789778,-1.895299,0.127747,0.553275,0.724358,-0.183640,-0.312250,-0.019368,-0.422138,0.326502,-0.485565,-0.005760,-0.350681,0.113716,0.248991,0.097440,-0.041737,0.177119,0.052448,-0.776235,55.066764,-8.987368,-32.619339,-4.210779,9.561121,-0.000121,-0.201869,-0.695343,-0.689744,-0.836421,-0.244000,0.490779,-0.509558,0.675989,-0.532343
7.420000,0.849605,-0.840896,-0.083860,-0.069307,0.116752,-0.151400,-1.810409,0.537084,2.235402,0.284838,0.148745,-0.152918,0.013825,2.713695,-0.789946,-1.899510,0.131008,0.548438,0.724306,-0.187110,-0.311076,-0.016877,-0.421114,0.326061,-0.483757,-0.005217,-0.347021,0.117487,0.249125,0.102382,-0.044091,0.180855,0.054297,-0.782185,55.261751,-9.022624,-32.551911,-4.201590,9.515369,-0.000122,-0.203911,-0.694708,-0.689783,-0.834657,-0.244861,0.493347,-0.511633,0.676331,-0.529913
7.430000,0.848912,-0.839729,-0.085374,-0.069311,0.116759,-0.151410,-1.813201,0.539499,2.232933,0.285197,0.147663,-0.152416,0.011919,2.710596,-0.790090,-1.903710,0.134264,0.543619,0.724259,-0.190543,-0.309864,-0.014385,-0.420040,0.325597,-0.481910,-0.004657,-0.343229,0.121153,0.249139,0.107363,-0.046405,0.184619,0.056060,-0.787759,55.456143,-9.056610,-32.484501,-4.192021,9.469589,-0.000122,-0.205944,-0.694080,-0.689812,-0.832883,-0.245729,0.495907,-0.513706,0.676661,-0.527481
7.440000,0.848219,-0.838561,-0.086888,-0.069315,0.116766,-0.151418,-1.815993,0.541913,2.230464,0.285551,0.146576,-0.151914,0.009980,2.707510,-0.790209,-1.907900,0.137515,0.538818,0.724218,-0.193936,-0.308617,-0.011895,-0.418916,0.325111,-0.480026,-0.004079,-0.339310,0.124714,0.249036,0.112380,-0.048680,0.188407,0.057737,-0.792952,55.649905,-9.089318,-32.417119,-4.182070,9.423784,-0.000122,-0.207967,-0.693459,-0.689829,-0.831099,-0.246604,0.498459,-0.515776,0.676979,-0.525047
7.450000,0.847526,-0.837393,-0.088402,-0.069319,0.116772,-0.151426,-1.818786,0.544327,2.227996,0.285897,0.145487,-0.151411,0.008007,2.704437,-0.790303,-1.912077,0.140761,0.534037,0.724183,-0.197288,-0.307335,-0.009407,-0.417742,0.324601,-0.478104,-0.003486,-0.335266,0.128167,0.248817,0.117429,-0.050914,0.192215,0.059327,-0.797760,55.842998,-9.120737,-32.349775,-4.171735,9.377954,-0.000122,-0.209981,-0.692845,-0.689836,-0.829305,-0.247488,0.501002,-0.517843,0.677286,-0.522612
7.460000,0.846833,-0.836226,-0.089916,-0.069321,0.116776,-0.151432,-1.821579,0.546742,2.225527,0.286237,0.144394,-0.150907,0.006001,2.701377,-0.790372,-1.916242,0.144002,0.529276,0.724155,-0.200599,-0.306020,-0.006922,-0.416517,0.324070,-0.476144,-0.002878,-0.331102,0.131512,0.248486,0.122507,-0.053111,0.196041,0.060829,-0.802178,56.035388,-9.150860,-32.282478,-4.161013,9.332102,-0.000122,-0.211986,-0.692238,-0.689833,-0.827502,-0.248379,0.503536,-0.519907,0.677580,-0.520175
7.470000,0.846139,-0.835058,-0.091431,-0.069324,0.116780,-0.151436,-1.824371,0.549156,2.223058,0.286570,0.143298,-0.150403,0.003962,2.698330,-0.790417,-1.920395,0.147237,0.524534,0.724132,-0.203868,-0.304673,-0.004441,-0.415241,0.323518,-0.474145,-0.002255,-0.326822,0.134748,0.248045,0.127611,-0.055269,0.199880,0.062241,-0.806204,56.227040,-9.179679,-32.215240,-4.149902,9.286227,-0.000123,-0.213980,-0.691638,-0.689819,-0.825689,-0.249278,0.506062,-0.521968,0.677863,-0.517737
7.480000,0.845446,-0.833890,-0.092945,-0.069325,0.116783,-0.151440,-1.827164,0.551571,2.220588,0.286896,0.142198,-0.149898,0.001891,2.695297,-0.790437,-1.924534,0.150466,0.519813,0.724116,-0.207092,-0.303294,-0.001966,-0.413914,0.322944,-0.472108,-0.001620,-0.322430,0.137875,0.247498,0.132738,-0.057390,0.203730,0.063563,-0.809835,56.417922,-9.207188,-32.148068,-4.138401,9.240333,-0.000123,-0.215965,-0.691045,-0.689794,-0.823867,-0.250184,0.508578,-0.524026,0.678134,-0.515298
7.490000,0.844753,-0.832722,-0.094459,-0.069326,0.116784,-0.151442,-1.829957,0.553985,2.218119,0.287216,0.141096,-0.149393,-0.000211,2.692278,-0.790432,-1.928659,0.153690,0.515113,0.724106,-0.210271,-0.301885,0.000502,-0.412535,0.322349,-0.470032,-0.000972,-0.317930,0.140891,0.246846,0.137885,-0.059474,0.207587,0.064795,-0.813068,56.608000,-9.233381,-32.080974,-4.126507,9.194419,-0.000123,-0.217940,-0.690459,-0.689760,-0.822035,-0.251097,0.511086,-0.526081,0.678393,-0.512857
7.500000,0.844060,-0.831554,-0.095974,-0.069326,0.116785,-0.151442,-1.832750,0.556400,2.215650,0.287528,0.139990,-0.148887,-0.002345,2.689274,-0.790402,-1.932770,0.156907,0.510434,0.724103,-0.213405,-0.300447,0.002963,-0.411104,0.321734,-0.467917,-0.000312,-0.313326,0.143798,0.246093,0.143048,-0.061524,0.211447,0.065935,-0.815902,56.797244,-9.258254,-32.013967,-4.114220,9.148488,-0.000123,-0.219906,-0.689881,-0.689715,-0.820193,-0.252017,0.513585,-0.528133,0.678640,-0.510416
7.510000,0.843366,-0.830386,-0.097488,-0.069326,0.116784,-0.151442,-1.835543,0.558815,2.213181,0.287834,0.138881,-0.148380,-0.004510,2.686284,-0.790348,-1.936866,0.160118,0.505776,0.724107,-0.216491,-0.298981,0.005415,-0.409622,0.321098,-0.465764,0.000358,-0.308622,0.146595,0.245242,0.148225,-0.063539,0.215308,0.066983,-0.818336,56.985623,-9.281803,-31.947056,-4.101538,9.102540,-0.000123,-0.221861,-0.689309,-0.689659,-0.818343,-0.252945,0.516075,-0.530182,0.678875,-0.507973
7.520000,0.842673,-0.829219,-0.099003,-0.069325,0.116783,-0.151440,-1.838336,0.561229,2.210712,0.288134,0.137770,-0.147873,-0.006706,2.683309,-0.790269,-1.940947,0.163323,0.501140,0.724117,-0.219529,-0.297488,0.007858,-0.408088,0.320443,-0.463573,0.001037,-0.303823,0.149282,0.244295,0.153412,-0.065521,0.219166,0.067940,-0.820369,57.173109,-9.304026,-31.880250,-4.088459,9.056577,-0.000124,-0.223807,-0.688746,-0.689594,-0.816483,-0.253880,0.518556,-0.532227,0.679098,-0.505529
7.530000,0.841980,-0.828051,-0.100517,-0.069324,0.116780,-0.151436,-1.841129,0.563644,2.208242,0.288426,0.136655,-0.147366,-0.008931,2.680349,-0.790166,-1.945012,0.166520,0.496527,0.724134,-0.222518,-0.295970,0.010291,-0.406502,0.319768,-0.461342,0.001725,-0.298933,0.151859,0.243257,0.158606,-0.067471,0.223018,0.068804,-0.822001,57.359673,-9.324919,-31.813561,-4.074983,9.010601,-0.000124,-0.225743,-0.688189,-0.689519,-0.814614,-0.254822,0.521028,-0.534270,0.679310,-0.503084
7.540000,0.841287,-0.826883,-0.102031,-0.069321,0.116776,-0.151432,-1.843921,0.566058,2.205773,0.288712,0.135537,-0.146857,-0.011185,2.677405,-0.790039,-1.949061,0.169711,0.491936,0.724158,-0.225458,-0.294426,0.012712,-0.404864,0.319075,-0.459074,0.002421,-0.293955,0.154328,0.242130,0.163804,-0.069391,0.226862,0.069575,-0.823232,57.545287,-9.344484,-31.746996,-4.061108,8.964612,-0.000124,-0.227668,-0.687640,-0.689433,-0.812736,-0.255770,0.523490,-0.536309,0.679509,-0.500639
7.550000,0.840593,-0.825715,-0.103546,-0.069319,0.116772,-0.151426,-1.846714,0.568473,2.203304,0.288990,0.134417,-0.146349,-0.013469,2.674477,-0.789888,-1.953093,0.172895,0.487369,0.724190,-0.228347,-0.292860,0.015121,-0.403174,0.318362,-0.456767,0.003123,-0.288895,0.156687,0.240917,0.169003,-0.071281,0.230694,0.070255,-0.824063,57.729927,-9.362718,-31.680565,-4.046835,8.918613,-0.000124,-0.229583,-0.687098,-0.689338,-0.810849,-0.256725,0.525944,-0.538346,0.679697,-0.498193
7.560000,0.839900,-0.824548,-0.105060,-0.069315,0.116766,-0.151418,-1.849507,0.570887,2.200836,0.289262,0.133294,-0.145840,-0.015781,2.671564,-0.789713,-1.957107,0.176071,0.482824,0.724228,-0.231184,-0.291270,0.017518,-0.401432,0.317630,-0.454422,0.003832,-0.283755,0.158939,0.239622,0.174199,-0.073143,0.234511,0.070842,-0.824495,57.913567,-9.379624,-31.614277,-4.032162,8.872604,-0.000124,-0.231489,-0.686564,-0.689233,-0.808952,-0.257688,0.528388,-0.540379,0.679873,-0.495746
7.570000,0.839207,-0.823380,-0.106574,-0.069311,0.116759,-0.151410,-1.852299,0.573301,2.198367,0.289527,0.132168,-0.145331,-0.018120,2.668667,-0.789514,-1.961103,0.179240,0.478304,0.724273,-0.233970,-0.289659,0.019900,-0.399638,0.316881,-0.452039,0.004545,-0.278542,0.161084,0.238248,0.179390,-0.074979,0.238310,0.071338,-0.824529,58.096183,-9.395202,-31.548141,-4.017089,8.826587,-0.000124,-0.233384,-0.686038,-0.689119,-0.807047,-0.258656,0.530822,-0.542409,0.680036,-0.493299
7.580000,0.838514,-0.822212,-0.108088,-0.069307,0.116752,-0.151400,-1.855091,0.575716,2.195898,0.289785,0.131040,-0.144821,-0.020487,2.665787,-0.789291,-1.965081,0.182401,0.473808,0.724326,-0.236702,-0.288028,0.022268,-0.397792,0.316113,-0.449618,0.005262,-0.273257,0.163124,0.236797,0.184573,-0.076790,0.242089,0.071742,-0.824168,58.277752,-9.409455,-31.482165,-4.001616,8.780563,-0.000125,-0.235268,-0.685518,-0.688994,-0.805133,-0.259631,0.533247,-0.544435,0.680188,-0.490851
7.590000,0.837821,-0.821045,-0.109602,-0.069302,0.116743,-0.151389,-1.857883,0.578129,2.193430,0.290036,0.129909,-0.144311,-0.022881,2.662923,-0.789045,-1.969040,0.185554,0.469336,0.724386,-0.239381,-0.286377,0.024621,-0.395895,0.315327,-0.447159,0.005983,-0.267907,0.165058,0.235274,0.189744,-0.078576,0.245845,0.072054,-0.823414,58.458251,-9.422386,-31.416360,-3.985744,8.734535,-0.000125,-0.237142,-0.685007,-0.688861,-0.803210,-0.260613,0.535662,-0.546458,0.680328,-0.488402
7.600000,0.837128,-0.819878,-0.111116,-0.069296,0.116733,-0.151376,-1.860675,0.580543,2.190962,0.290280,0.128775,-0.143800,-0.025301,2.660076,-0.788775,-1.972980,0.188699,0.464890,0.724453,-0.242006,-0.284709,0.026958,-0.393946,0.314523,-0.444663,0.006706,-0.262494,0.166890,0.233682,0.194901,-0.080341,0.249575,0.072276,-0.822270,58.637661,-9.433998,-31.350733,-3.969472,8.688502,-0.000125,-0.239006,-0.684503,-0.688717,-0.801279,-0.261600,0.538068,-0.548478,0.680456,-0.485954
7.610000,0.836435,-0.818710,-0.112630,-0.069290,0.116723,-0.151362,-1.863467,0.582957,2.188494,0.290518,0.127639,-0.143289,-0.027747,2.657246,-0.788483,-1.976899,0.191836,0.460468,0.724527,-0.244577,-0.283022,0.029278,-0.391945,0.313703,-0.442131,0.007430,-0.257023,0.168619,0.232023,0.200040,-0.082085,0.253277,0.072408,-0.820739,58.815960,-9.444298,-31.285292,-3.952801,8.642467,-0.000125,-0.240859,-0.684007,-0.688565,-0.799339,-0.262595,0.540464,-0.550495,0.680572,-0.483505
7.620000,0.835742,-0.817543,-0.114143,-0.069283,0.116711,-0.151347,-1.866258,0.585370,2.186026,0.290748,0.126501,-0.142778,-0.030218,2.654433,-0.788167,-1.980798,0.194965,0.456073,0.724609,-0.247092,-0.281320,0.031581,-0.389894,0.312864,-0.439561,0.008154,-0.251498,0.170248,0.230301,0.205159,-0.083810,0.256947,0.072450,-0.818824,58.993131,-9.453289,-31.220047,-3.935732,8.596430,-0.000125,-0.242702,-0.683518,-0.688403,-0.797390,-0.263595,0.542851,-0.552508,0.680677,-0.481056
7.630000,0.835049,-0.816376,-0.115657,-0.069275,0.116698,-0.151330,-1.869049,0.587783,2.183558,0.290971,0.125360,-0.142266,-0.032714,2.651637,-0.787828,-1.984676,0.198085,0.451703,0.724697,-0.249551,-0.279602,0.033866,-0.387791,0.312009,-0.436955,0.008878,-0.245923,0.171777,0.228518,0.210255,-0.085517,0.260585,0.072404,-0.816530,59.169153,-9.460978,-31.155005,-3.918265,8.550394,-0.000125,-0.244534,-0.683037,-0.688232,-0.795433,-0.264601,0.545227,-0.554517,0.680769,-0.478606
7.640000,0.834357,-0.815209,-0.117170,-0.069267,0.116684,-0.151312,-1.871840,0.590196,2.181091,0.291187,0.124217,-0.141755,-0.035233,2.648858,-0.787467,-1.988532,0.201197,0.447360,0.724793,-0.251954,-0.277870,0.036133,-0.385638,0.311137,-0.434314,0.009601,-0.240301,0.173210,0.226679,0.215325,-0.087208,0.264188,0.072270,-0.813859,59.344011,-9.467373,-31.090174,-3.900401,8.504360,-0.000125,-0.246356,-0.682564,-0.688051,-0.793467,-0.265613,0.547594,-0.556524,0.680849,-0.476157
7.650000,0.833664,-0.814042,-0.118683,-0.069258,0.116669,-0.151293,-1.874630,0.592608,2.178624,0.291396,0.123072,-0.141243,-0.037776,2.646097,-0.787083,-1.992367,0.204299,0.443044,0.724897,-0.254300,-0.276125,0.038381,-0.383434,0.310248,-0.431636,0.010322,-0.234636,0.174547,0.224786,0.220367,-0.088885,0.267752,0.072049,-0.810818,59.517688,-9.472480,-31.025563,-3.882143,8.458329,-0.000126,-0.248166,-0.682099,-0.687862,-0.791493,-0.266631,0.549951,-0.558526,0.680918,-0.473708
7.660000,0.832972,-0.812876,-0.120196,-0.069249,0.116653,-0.151272,-1.877420,0.595020,2.176158,0.291598,0.121924,-0.140730,-0.040342,2.643353,-0.786677,-1.996178,0.207392,0.438754,0.725007,-0.256589,-0.274367,0.040609,-0.381180,0.309343,-0.428923,0.011039,-0.228932,0.175790,0.222843,0.225376,-0.090548,0.271277,0.071742,-0.807409,59.690168,-9.476307,-30.961179,-3.863490,8.412303,-0.000126,-0.249966,-0.681641,-0.687664,-0.789511,-0.267654,0.552298,-0.560525,0.680974,-0.471259
7.670000,0.832279,-0.811709,-0.121708,-0.069238,0.116637,-0.151250,-1.880210,0.597432,2.173691,0.291793,0.120775,-0.140218,-0.042930,2.640627,-0.786249,-1.999967,0.210477,0.434493,0.725125,-0.258821,-0.272597,0.042818,-0.378877,0.308421,-0.426176,0.011753,-0.223194,0.176941,0.220851,0.230352,-0.092199,0.274760,0.071350,-0.803639,59.861436,-9.478864,-30.897029,-3.844445,8.366283,-0.000126,-0.251755,-0.681192,-0.687457,-0.787521,-0.268684,0.554635,-0.562521,0.681019,-0.468810
7.680000,0.831587,-0.810543,-0.123221,-0.069228,0.116619,-0.151227,-1.882999,0.599843,2.171225,0.291981,0.119623,-0.139705,-0.045540,2.637919,-0.785799,-2.003732,0.213552,0.430259,0.725249,-0.260996,-0.270817,0.045006,-0.376524,0.307483,-0.423394,0.012461,-0.217423,0.178002,0.218815,0.235291,-0.093840,0.278198,0.070875,-0.799513,60.031480,-9.480160,-30.833121,-3.825010,8.320270,-0.000126,-0.253534,-0.680750,-0.687241,-0.785522,-0.269718,0.556962,-0.564513,0.681052,-0.466362
7.690000,0.830895,-0.809377,-0.124733,-0.069217,0.116600,-0.151203,-1.885788,0.602254,2.168760,0.292162,0.118470,-0.139192,-0.048171,2.635229,-0.785327,-2.007474,0.216617,0.426053,0.725381,-0.263112,-0.269027,0.047173,-0.374122,0.306528,-0.420578,0.013164,-0.211625,0.178975,0.216737,0.240190,-0.095471,0.281591,0.070317,-0.795036,60.200285,-9.480205,-30.769463,-3.805187,8.274267,-0.000126,-0.255301,-0.680316,-0.687016,-0.783516,-0.270758,0.559279,-0.566502,0.681073,-0.463914
7.700000,0.830203,-0.808211,-0.126245,-0.069205,0.116580,-0.151177,-1.888576,0.604665,2.166295,0.292336,0.117314,-0.138679,-0.050823,2.632556,-0.784834,-2.011190,0.219672,0.421876,0.725519,-0.265170,-0.267229,0.049319,-0.371672,0.305557,-0.417728,0.013861,-0.205802,0.179862,0.214620,0.245048,-0.097096,0.284936,0.069677,-0.790213,60.367840,-9.479009,-30.706061,-3.784977,8.228274,-0.000126,-0.257057,-0.679890,-0.686783,-0.781502,-0.271804,0.561585,-0.568487,0.681082,-0.461466
7.710000,0.829511,-0.807045,-0.127756,-0.069192,0.116559,-0.151150,-1.891364,0.607075,2.163830,0.292502,0.116157,-0.138166,-0.053495,2.629902,-0.784319,-2.014882,0.222718,0.417727,0.725665,-0.267169,-0.265422,0.051444,-0.369173,0.304570,-0.414846,0.014551,-0.199958,0.180666,0.212467,0.249861,-0.098713,0.288231,0.068957,-0.785050,60.534133,-9.476584,-30.642922,-3.764383,8.182293,-0.000126,-0.258802,-0.679472,-0.686542,-0.779479,-0.272855,0.563881,-0.570468,0.681079,-0.459019
7.720000,0.828819,-0.805880,-0.129268,-0.069179,0.116537,-0.151121,-1.894151,0.609485,2.161366,0.292662,0.114997,-0.137652,-0.056186,2.627266,-0.783784,-2.018548,0.225754,0.413608,0.725817,-0.269110,-0.263608,0.053547,-0.366627,0.303566,-0.411931,0.015232,-0.194095,0.181387,0.210280,0.254627,-0.100326,0.291476,0.068159,-0.779555,60.699153,-9.472942,-30.580053,-3.743409,8.136325,-0.000127,-0.260536,-0.679062,-0.686291,-0.777449,-0.273911,0.566168,-0.572445,0.681064,-0.456572
7.730000,0.828127,-0.804715,-0.130779,-0.069166,0.116514,-0.151091,-1.896938,0.611894,2.158902,0.292814,0.113836,-0.137139,-0.058896,2.624648,-0.783227,-2.022189,0.228779,0.409518,0.725976,-0.270993,-0.261788,0.055627,-0.364033,0.302547,-0.408985,0.015905,-0.188219,0.182029,0.208062,0.259344,-0.101935,0.294667,0.067282,-0.773732,60.862891,-9.468094,-30.517461,-3.722055,8.090373,-0.000127,-0.262259,-0.678660,-0.686033,-0.775411,-0.274972,0.568443,-0.574419,0.681037,-0.454127
7.740000,0.827435,-0.803550,-0.132289,-0.069151,0.116490,-0.151060,-1.899724,0.614303,2.156439,0.292960,0.112674,-0.136626,-0.061624,2.622049,-0.782651,-2.025803,0.231794,0.405458,0.726142,-0.272816,-0.259962,0.057686,-0.361393,0.301512,-0.406007,0.016568,-0.182330,0.182594,0.205816,0.264009,-0.103541,0.297804,0.066330,-0.767588,61.025337,-9.462054,-30.455152,-3.700327,8.044436,-0.000127,-0.263971,-0.678265,-0.685766,-0.773366,-0.276038,0.570709,-0.576389,0.680999,-0.451681
7.750000,0.826744,-0.802385,-0.133800,-0.069136,0.116465,-0.151027,-1.902510,0.616712,2.153976,0.293098,0.111509,-0.136112,-0.064370,2.619467,-0.782053,-2.029390,0.234799,0.401428,0.726314,-0.274580,-0.258131,0.059721,-0.358707,0.300460,-0.402998,0.017222,-0.176434,0.183083,0.203544,0.268620,-0.105146,0.300885,0.065304,-0.761130,61.186483,-9.454834,-30.393132,-3.678226,7.998518,-0.000127,-0.265671,-0.677879,-0.685491,-0.771313,-0.277108,0.572964,-0.578356,0.680948,-0.449237
7.760000,0.826053,-0.801220,-0.135310,-0.069121,0.116439,-0.150994,-1.905295,0.619119,2.151514,0.293229,0.110344,-0.135598,-0.067132,2.616904,-0.781436,-2.032949,0.237793,0.397428,0.726493,-0.276286,-0.256296,0.061733,-0.355975,0.299393,-0.399959,0.017864,-0.170532,0.183498,0.201249,0.273175,-0.106750,0.303908,0.064204,-0.754364,61.346321,-9.446448,-30.331408,-3.655755,7.952618,-0.000127,-0.267360,-0.677501,-0.685208,-0.769252,-0.278184,0.575208,-0.580318,0.680886,-0.446794
7.770000,0.825362,-0.800056,-0.136820,-0.069105,0.116412,-0.150959,-1.908079,0.621527,2.149053,0.293353,0.109176,-0.135085,-0.069912,2.614360,-0.780799,-2.036481,0.240776,0.393460,0.726678,-0.277932,-0.254458,0.063723,-0.353198,0.298309,-0.396890,0.018494,-0.164628,0.183843,0.198933,0.277671,-0.108355,0.306873,0.063032,-0.747298,61.504844,-9.436911,-30.269984,-3.632919,7.906740,-0.000127,-0.269038,-0.677131,-0.684918,-0.767185,-0.279264,0.577442,-0.582277,0.680812,-0.444352
7.780000,0.824671,-0.798892,-0.138329,-0.069088,0.116383,-0.150922,-1.910863,0.623933,2.146592,0.293469,0.108007,-0.134571,-0.072707,2.611834,-0.780142,-2.039985,0.243748,0.389522,0.726869,-0.279519,-0.252617,0.065689,-0.350377,0.297210,-0.393792,0.019112,-0.158724,0.184119,0.196598,0.282107,-0.109961,0.309777,0.061791,-0.739938,61.662045,-9.426236,-30.208868,-3.609722,7.860883,-0.000127,-0.270704,-0.676769,-0.684619,-0.765109,-0.280349,0.579666,-0.584232,0.680726,-0.441911
7.790000,0.823980,-0.797728,-0.139838,-0.069071,0.116354,-0.150884,-1.913646,0.626339,2.144131,0.293579,0.106837,-0.134057,-0.075517,2.609326,-0.779466,-2.043460,0.246709,0.385615,0.727066,-0.281047,-0.250773,0.067631,-0.347513,0.296094,-0.390666,0.019717,-0.152824,0.184329,0.194247,0.286480,-0.111569,0.312621,0.060481,-0.732292,61.817919,-9.414439,-30.148064,-3.586166,7.815051,-0.000127,-0.272359,-0.676415,-0.684312,-0.763027,-0.281438,0.581878,-0.586183,0.680629,-0.439471
7.800000,0.823289,-0.796565,-0.141347,-0.069053,0.116324,-0.150845,-1.916428,0.628745,2.141671,0.293681,0.105666,-0.133544,-0.078343,2.606836,-0.778770,-2.046906,0.249659,0.381740,0.727269,-0.282517,-0.248929,0.069550,-0.344605,0.294962,-0.387512,0.020308,-0.146930,0.184474,0.191881,0.290788,-0.113180,0.315402,0.059104,-0.724366,61.972460,-9.401535,-30.087578,-3.562255,7.769244,-0.000127,-0.274003,-0.676069,-0.683998,-0.760937,-0.282532,0.584081,-0.588130,0.680519,-0.437032
7.810000,0.822599,-0.795402,-0.142855,-0.069035,0.116293,-0.150805,-1.919209,0.631150,2.139212,0.293776,0.104493,-0.133030,-0.081182,2.604366,-0.778056,-2.050323,0.252597,0.377897,0.727478,-0.283927,-0.247083,0.071445,-0.341654,0.293814,-0.384331,0.020884,-0.141045,0.184556,0.189504,0.295029,-0.114794,0.318119,0.057662,-0.716168,62.125663,-9.387539,-30.027415,-3.537995,7.723463,-0.000127,-0.275635,-0.675732,-0.683676,-0.758841,-0.283629,0.586272,-0.590073,0.680398,-0.434595
7.820000,0.821908,-0.794239,-0.144363,-0.069015,0.116261,-0.150763,-1.921990,0.633554,2.136754,0.293864,0.103319,-0.132517,-0.084035,2.601913,-0.777323,-2.053710,0.255523,0.374085,0.727693,-0.285279,-0.245237,0.073316,-0.338662,0.292650,-0.381123,0.021446,-0.135171,0.184579,0.187116,0.299202,-0.116414,0.320772,0.056157,-0.707706,62.277525,-9.372468,-29.967580,-3.513389,7.677710,-0.000128,-0.277255,-0.675402,-0.683346,-0.756737,-0.284731,0.588453,-0.592013,0.680265,-0.432159
7.830000,0.821218,-0.793077,-0.145870,-0.068996,0.116228,-0.150720,-1.924770,0.635957,2.134296,0.293945,0.102144,-0.132003,-0.086900,2.599479,-0.776571,-2.057066,0.258438,0.370306,0.727912,-0.286572,-0.243392,0.075163,-0.335629,0.291470,-0.377889,0.021992,-0.129311,0.184543,0.184720,0.303303,-0.118038,0.323359,0.054590,-0.698986,62.428042,-9.356337,-29.908077,-3.488442,7.631988,-0.000128,-0.278863,-0.675081,-0.683009,-0.754626,-0.285837,0.590623,-0.593948,0.680120,-0.429724
7.840000,0.820529,-0.791915,-0.147377,-0.068975,0.116193,-0.150676,-1.927549,0.638360,2.131839,0.294018,0.100968,-0.131490,-0.089778,2.597064,-0.775801,-2.060391,0.261341,0.366560,0.728138,-0.287807,-0.241547,0.076987,-0.332556,0.290273,-0.374631,0.022521,-0.123468,0.184452,0.182317,0.307333,-0.119667,0.325880,0.052963,-0.690017,62.577210,-9.339164,-29.848912,-3.463158,7.586296,-0.000128,-0.280460,-0.674767,-0.682665,-0.752509,-0.286948,0.592783,-0.595879,0.679963,-0.427291
7.850000,0.819839,-0.790753,-0.148884,-0.068954,0.116158,-0.150630,-1.930328,0.640762,2.129383,0.294085,0.099790,-0.130977,-0.092668,2.594667,-0.775013,-2.063686,0.264231,0.362847,0.728368,-0.288983,-0.239704,0.078786,-0.329443,0.289060,-0.371347,0.023034,-0.117644,0.184306,0.179910,0.311287,-0.121302,0.328334,0.051278,-0.680806,62.725028,-9.320965,-29.790088,-3.437542,7.540637,-0.000128,-0.282046,-0.674462,-0.682313,-0.750385,-0.288061,0.594931,-0.597807,0.679795,-0.424860
7.860000,0.819149,-0.789591,-0.150390,-0.068933,0.116122,-0.150583,-1.933105,0.643163,2.126927,0.294144,0.098612,-0.130464,-0.095569,2.592288,-0.774208,-2.066949,0.267110,0.359166,0.728603,-0.290101,-0.237863,0.080561,-0.326292,0.287831,-0.368040,0.023530,-0.111841,0.184109,0.177501,0.315166,-0.122943,0.330719,0.049536,-0.671360,62.871493,-9.301757,-29.731611,-3.411600,7.495012,-0.000128,-0.283619,-0.674165,-0.681954,-0.748254,-0.289179,0.597069,-0.599730,0.679615,-0.422430
7.870000,0.818460,-0.788430,-0.151896,-0.068911,0.116085,-0.150535,-1.935882,0.645564,2.124472,0.294195,0.097433,-0.129951,-0.098481,2.589928,-0.773384,-2.070180,0.269975,0.355519,0.728843,-0.291162,-0.236025,0.082312,-0.323102,0.286585,-0.364710,0.024007,-0.106062,0.183862,0.175090,0.318967,-0.124590,0.333036,0.047740,-0.661688,63.016605,-9.281557,-29.673484,-3.385335,7.449423,-0.000128,-0.285181,-0.673876,-0.681588,-0.746117,-0.290300,0.599196,-0.601649,0.679424,-0.420002
7.880000,0.817771,-0.787270,-0.153401,-0.068888,0.116046,-0.150485,-1.938658,0.647964,2.122018,0.294240,0.096253,-0.129438,-0.101403,2.587586,-0.772544,-2.073378,0.272829,0.351906,0.729088,-0.292165,-0.234189,0.084038,-0.319875,0.285322,-0.361357,0.024466,-0.100308,0.183567,0.172679,0.322688,-0.126244,0.335282,0.045891,-0.651797,63.160361,-9.260383,-29.615711,-3.358754,7.403871,-0.000128,-0.286731,-0.673596,-0.681215,-0.743973,-0.291425,0.601312,-0.603564,0.679220,-0.417576
7.890000,0.817082,-0.786109,-0.154905,-0.068865,0.116007,-0.150434,-1.941432,0.650363,2.119565,0.294278,0.095072,-0.128925,-0.104334,2.585263,-0.771687,-2.076545,0.275669,0.348326,0.729337,-0.293111,-0.232357,0.085741,-0.316612,0.284043,-0.357982,0.024906,-0.094583,0.183227,0.170270,0.326329,-0.127905,0.337459,0.043990,-0.641695,63.302761,-9.238253,-29.558296,-3.331861,7.358357,-0.000128,-0.288269,-0.673323,-0.680836,-0.741823,-0.292554,0.603417,-0.605475,0.679005,-0.415152
7.900000,0.816394,-0.784950,-0.156409,-0.068841,0.115967,-0.150382,-1.944206,0.652761,2.117113,0.294308,0.093891,-0.128413,-0.107274,2.582957,-0.770812,-2.079678,0.278497,0.344780,0.729590,-0.294000,-0.230528,0.087420,-0.313313,0.282747,-0.354587,0.025326,-0.088887,0.182843,0.167865,0.329887,-0.129572,0.339565,0.042041,-0.631390,63.443806,-9.215185,-29.501242,-3.304662,7.312883,-0.000128,-0.289795,-0.673059,-0.680449,-0.739666,-0.293685,0.605510,-0.607382,0.678779,-0.412730
7.910000,0.815706,-0.783790,-0.157913,-0.068816,0.115926,-0.150328,-1.946979,0.655158,2.114661,0.294331,0.092709,-0.127901,-0.110222,2.580670,-0.769922,-2.082778,0.281311,0.341268,0.729848,-0.294832,-0.228704,0.089074,-0.309979,0.281435,-0.351171,0.025727,-0.083224,0.182417,0.165464,0.333360,-0.131245,0.341599,0.040044,-0.620889,63.583495,-9.191196,-29.444553,-3.277163,7.267451,-0.000128,-0.291309,-0.672803,-0.680056,-0.737503,-0.294820,0.607593,-0.609285,0.678541,-0.410310
7.920000,0.815018,-0.782631,-0.159416,-0.068791,0.115883,-0.150273,-1.949751,0.657555,2.112211,0.294347,0.091526,-0.127389,-0.113178,2.578401,-0.769015,-2.085844,0.284112,0.337791,0.730109,-0.295608,-0.226885,0.090705,-0.306612,0.280106,-0.347735,0.026107,-0.077596,0.181950,0.163069,0.336749,-0.132925,0.343561,0.038002,-0.610202,63.721829,-9.166305,-29.388232,-3.249369,7.222062,-0.000128,-0.292811,-0.672555,-0.679655,-0.735334,-0.295959,0.609665,-0.611183,0.678291,-0.407893
7.930000,0.814330,-0.781472,-0.160918,-0.068766,0.115840,-0.150217,-1.952522,0.659950,2.109761,0.294355,0.090343,-0.126878,-0.116141,2.576151,-0.768092,-2.088876,0.286900,0.334348,0.730373,-0.296328,-0.225070,0.092312,-0.303211,0.278760,-0.344281,0.026466,-0.072003,0.181446,0.160681,0.340050,-0.134611,0.345451,0.035916,-0.599335,63.858810,-9.140530,-29.332281,-3.221286,7.176717,-0.000128,-0.294301,-0.672315,-0.679249,-0.733159,-0.297100,0.611726,-0.613078,0.678029,-0.405477
7.940000,0.813642,-0.780314,-0.162420,-0.068739,0.115796,-0.150160,-1.955292,0.662345,2.107312,0.294356,0.089160,-0.126366,-0.119111,2.573918,-0.767153,-2.091874,0.289673,0.330940,0.730641,-0.296993,-0.223261,0.093895,-0.299779,0.277397,-0.340808,0.026804,-0.066449,0.180904,0.158301,0.343263,-0.136302,0.347268,0.033788,-0.588296,63.994438,-9.113891,-29.276705,-3.192920,7.131418,-0.000128,-0.295779,-0.672084,-0.678836,-0.730978,-0.298244,0.613776,-0.614968,0.677757,-0.403064
7.950000,0.812955,-0.779157,-0.163922,-0.068712,0.115750,-0.150101,-1.958061,0.664739,2.104864,0.294351,0.087976,-0.125855,-0.122087,2.571703,-0.766198,-2.094837,0.292434,0.327567,0.730913,-0.297602,-0.221458,0.095454,-0.296315,0.276017,-0.337318,0.027120,-0.060935,0.180328,0.155931,0.346387,-0.137999,0.349011,0.031621,-0.577095,64.128717,-9.086404,-29.221505,-3.164277,7.086167,-0.000128,-0.297245,-0.671860,-0.678416,-0.728791,-0.299391,0.615815,-0.616854,0.677472,-0.400653
7.960000,0.812268,-0.777999,-0.165422,-0.068685,0.115704,-0.150041,-1.960828,0.667132,2.102418,0.294338,0.086791,-0.125345,-0.125069,2.569507,-0.765228,-2.097765,0.295180,0.324229,0.731187,-0.298157,-0.219661,0.096990,-0.292821,0.274620,-0.333811,0.027414,-0.055463,0.179719,0.153572,0.349420,-0.139701,0.350682,0.029415,-0.565738,64.261647,-9.058090,-29.166685,-3.135364,7.040964,-0.000129,-0.298699,-0.671645,-0.677991,-0.726599,-0.300541,0.617842,-0.618735,0.677176,-0.398245
7.970000,0.811581,-0.776842,-0.166922,-0.068657,0.115657,-0.149980,-1.963595,0.669523,2.099972,0.294317,0.085607,-0.124834,-0.128055,2.567328,-0.764243,-2.100658,0.297912,0.320926,0.731464,-0.298657,-0.217870,0.098502,-0.289297,0.273206,-0.330288,0.027686,-0.050034,0.179079,0.151224,0.352362,-0.141407,0.352278,0.027174,-0.554233,64.393232,-9.028967,-29.112246,-3.106185,6.995812,-0.000129,-0.300141,-0.671438,-0.677559,-0.724400,-0.301694,0.619859,-0.620612,0.676869,-0.395840
7.980000,0.810895,-0.775686,-0.168422,-0.068628,0.115608,-0.149917,-1.966360,0.671914,2.097527,0.294290,0.084422,-0.124324,-0.131047,2.565167,-0.763243,-2.103515,0.300630,0.317658,0.731743,-0.299103,-0.216086,0.099991,-0.285745,0.271774,-0.326750,0.027935,-0.044651,0.178409,0.148888,0.355210,-0.143117,0.353801,0.024899,-0.542590,64.523474,-8.999053,-29.058190,-3.076749,6.950711,-0.000129,-0.301570,-0.671240,-0.677121,-0.722196,-0.302849,0.621864,-0.622485,0.676550,-0.393436
7.990000,0.810209,-0.774530,-0.169921,-0.068599,0.115559,-0.149853,-1.969124,0.674304,2.095083,0.294255,0.083237,-0.123815,-0.134041,2.563024,-0.762229,-2.106337,0.303333,0.314426,0.732025,-0.299497,-0.214309,0.101457,-0.282165,0.270326,-0.323198,0.028161,-0.039315,0.177710,0.146566,0.357965,-0.144830,0.355249,0.022591,-0.530814,64.652377,-8.968369,-29.004520,-3.047060,6.905664,-0.000129,-0.302987,-0.671049,-0.676677,-0.719987,-0.304007,0.623858,-0.624354,0.676220,-0.391036
8.000000,0.809523,-0.773375,-0.171419,-0.068569,0.115509,-0.149788,-1.971887,0.676693,2.092640,0.294213,0.082052,-0.123305,-0.137040,2.560899,-0.761200,-2.109123,0.306022,0.311230,0.732308,-0.299837,-0.212539,0.102899,-0.278559,0.268861,-0.319631,0.028363,-0.034027,0.176985,0.144257,0.360625,-0.146546,0.356623,0.020253,-0.518916,64.779944,-8.936931,-28.951238,-3.017126,6.860671,-0.000129,-0.304392,-0.670867,-0.676227,-0.717772,-0.305167,0.625841,-0.626218,0.675878,-0.388639
8.010000,0.808837,-0.772220,-0.172916,-0.068538,0.115457,-0.149721,-1.974649,0.679081,2.090199,0.294164,0.080866,-0.122797,-0.140041,2.558791,-0.760156,-2.111872,0.308695,0.308069,0.732594,-0.300125,-0.210776,0.104319,-0.274927,0.267378,-0.316052,0.028542,-0.028790,0.176235,0.141963,0.363189,-0.148263,0.357923,0.017887,-0.506902,64.906179,-8.904760,-28.898344,-2.986953,6.815734,-0.000129,-0.305785,-0.670693,-0.675771,-0.715551,-0.306329,0.627813,-0.628078,0.675525,-0.386244
8.020000,0.808152,-0.771066,-0.174413,-0.068507,0.115405,-0.149653,-1.977410,0.681467,2.087758,0.294108,0.079681,-0.122288,-0.143045,2.556701,-0.759099,-2.114585,0.311354,0.304945,0.732881,-0.300361,-0.209022,0.105716,-0.271270,0.265878,-0.312461,0.028697,-0.023605,0.175461,0.139685,0.365657,-0.149981,0.359148,0.015495,-0.494781,65.031086,-8.871874,-28.845842,-2.956548,6.770855,-0.000129,-0.307166,-0.670526,-0.675310,-0.713325,-0.307494,0.629773,-0.629933,0.675160,-0.383852
8.030000,0.807467,-0.769912,-0.175909,-0.068476,0.115351,-0.149584,-1.980169,0.683853,2.085319,0.294044,0.078496,-0.121780,-0.146050,2.554628,-0.758028,-2.117260,0.313998,0.301856,0.733169,-0.300545,-0.207275,0.107090,-0.267590,0.264361,-0.308858,0.028828,-0.018474,0.174664,0.137423,0.368028,-0.151698,0.360298,0.013078,-0.482560,65.154670,-8.838293,-28.793731,-2.925917,6.726035,-0.000129,-0.308534,-0.670369,-0.674843,-0.711095,-0.308661,0.631722,-0.631784,0.674785,-0.381463
8.040000,0.806783,-0.768759,-0.177405,-0.068443,0.115297,-0.149513,-1.982927,0.686237,2.082880,0.293974,0.077311,-0.121273,-0.149057,2.552573,-0.756944,-2.119899,0.316626,0.298804,0.733458,-0.300679,-0.205537,0.108442,-0.263887,0.262827,-0.305244,0.028934,-0.013397,0.173846,0.135178,0.370300,-0.153415,0.361374,0.010639,-0.470248,65.276935,-8.804035,-28.742014,-2.895068,6.681275,-0.000129,-0.309889,-0.670219,-0.674370,-0.708859,-0.309830,0.633660,-0.633631,0.674398,-0.379077
8.050000,0.806098,-0.767606,-0.178900,-0.068410,0.115242,-0.149442,-1.985684,0.688621,2.080443,0.293896,0.076127,-0.120766,-0.152065,2.550535,-0.755846,-2.122501,0.319239,0.295788,0.733748,-0.300763,-0.203807,0.109771,-0.260162,0.261276,-0.301620,0.029016,-0.008377,0.173009,0.132950,0.372474,-0.155129,0.362376,0.008179,-0.457852,65.397885,-8.769119,-28.690691,-2.864006,6.636576,-0.000129,-0.311233,-0.670077,-0.673892,-0.706618,-0.311000,0.635587,-0.635473,0.673999,-0.376695
8.060000,0.805414,-0.766454,-0.180394,-0.068377,0.115185,-0.149369,-1.988439,0.691003,2.078007,0.293811,0.074942,-0.120259,-0.155073,2.548514,-0.754735,-2.125065,0.321836,0.292808,0.734039,-0.300797,-0.202085,0.111079,-0.256417,0.259707,-0.297987,0.029073,-0.003414,0.172153,0.130740,0.374548,-0.156840,0.363303,0.005700,-0.445381,65.517527,-8.733563,-28.639764,-2.832739,6.591941,-0.000129,-0.312564,-0.669944,-0.673409,-0.704372,-0.312173,0.637502,-0.637310,0.673590,-0.374316
8.070000,0.804731,-0.765302,-0.181887,-0.068343,0.115128,-0.149294,-1.991193,0.693384,2.075572,0.293719,0.073758,-0.119753,-0.158080,2.546510,-0.753612,-2.127592,0.324417,0.289864,0.734330,-0.300782,-0.200372,0.112364,-0.252652,0.258122,-0.294346,0.029105,0.001490,0.171280,0.128548,0.376523,-0.158547,0.364157,0.003205,-0.432841,65.635865,-8.697387,-28.589232,-2.801274,6.547371,-0.000129,-0.313882,-0.669819,-0.672920,-0.702121,-0.313347,0.639406,-0.639143,0.673169,-0.371939
8.080000,0.804048,-0.764151,-0.183380,-0.068308,0.115070,-0.149219,-1.993946,0.695764,2.073139,0.293620,0.072575,-0.119247,-0.161088,2.544523,-0.752476,-2.130080,0.326982,0.286957,0.734621,-0.300719,-0.198668,0.113628,-0.248868,0.256519,-0.290696,0.029112,0.006333,0.170391,0.126375,0.378398,-0.160249,0.364936,0.000695,-0.420242,65.752905,-8.660609,-28.539097,-2.769618,6.502866,-0.000129,-0.315188,-0.669701,-0.672426,-0.699865,-0.314523,0.641298,-0.640972,0.672737,-0.369567
8.090000,0.803365,-0.763001,-0.184871,-0.068273,0.115010,-0.149142,-1.996697,0.698142,2.070706,0.293514,0.071392,-0.118742,-0.164094,2.542554,-0.751327,-2.132531,0.329531,0.284087,0.734912,-0.300608,-0.196973,0.114870,-0.245066,0.254900,-0.287040,0.029094,0.011114,0.169487,0.124221,0.380172,-0.161943,0.365641,-0.001829,-0.407590,65.868653,-8.623248,-28.489359,-2.737777,6.458429,-0.000129,-0.316482,-0.669592,-0.671927,-0.697605,-0.315701,0.643180,-0.642796,0.672294,-0.367198
8.100000,0.802682,-0.761851,-0.186362,-0.068237,0.114950,-0.149063,-1.999447,0.700520,2.068275,0.293400,0.070209,-0.118238,-0.167098,2.540601,-0.750166,-2.134943,0.332064,0.281253,0.735203,-0.300450,-0.195288,0.116091,-0.241248,0.253264,-0.283377,0.029050,0.015833,0.168569,0.122087,0.381845,-0.163630,0.366274,-0.004363,-0.394893,65.983114,-8.585323,-28.440018,-2.705759,6.414060,-0.000129,-0.317763,-0.669491,-0.671423,-0.695340,-0.316879,0.645050,-0.644615,0.671840,-0.364832
8.110000,0.802000,-0.760702,-0.187853,-0.068201,0.114889,-0.148984,-2.002195,0.702896,2.065846,0.293280,0.069027,-0.117734,-0.170101,2.538665,-0.748993,-2.137318,0.334580,0.278456,0.735492,-0.300245,-0.193611,0.117291,-0.237413,0.251611,-0.279709,0.028981,0.020488,0.167638,0.119972,0.383418,-0.165308,0.366833,-0.006906,-0.382159,66.096295,-8.546851,-28.391075,-2.673571,6.369762,-0.000129,-0.319031,-0.669398,-0.670914,-0.693071,-0.318060,0.646908,-0.646430,0.671375,-0.362470
8.120000,0.801318,-0.759553,-0.189342,-0.068164,0.114826,-0.148903,-2.004942,0.705271,2.063417,0.293152,0.067845,-0.117231,-0.173101,2.536745,-0.747808,-2.139653,0.337079,0.275696,0.735781,-0.299994,-0.191944,0.118469,-0.233564,0.249941,-0.276036,0.028886,0.025077,0.166696,0.117878,0.384888,-0.166975,0.367319,-0.009457,-0.369396,66.208201,-8.507851,-28.342529,-2.641220,6.325535,-0.000129,-0.320287,-0.669313,-0.670400,-0.690798,-0.319241,0.648756,-0.648240,0.670899,-0.360111
8.130000,0.800637,-0.758405,-0.190831,-0.068126,0.114763,-0.148821,-2.007687,0.707644,2.060990,0.293017,0.066665,-0.116728,-0.176098,2.534842,-0.746612,-2.141950,0.339562,0.272972,0.736069,-0.299698,-0.190287,0.119628,-0.229702,0.248255,-0.272358,0.028766,0.029600,0.165743,0.115804,0.386258,-0.168630,0.367733,-0.012013,-0.356611,66.318840,-8.468341,-28.294381,-2.608713,6.281381,-0.000129,-0.321530,-0.669236,-0.669881,-0.688520,-0.320424,0.650592,-0.650045,0.670411,-0.357756
8.140000,0.799956,-0.757258,-0.192319,-0.068088,0.114699,-0.148738,-2.010431,0.710016,2.058564,0.292875,0.065485,-0.116226,-0.179091,2.532956,-0.745404,-2.144208,0.342027,0.270285,0.736355,-0.299357,-0.188639,0.120765,-0.225827,0.246552,-0.268678,0.028621,0.034056,0.164780,0.113750,0.387526,-0.170273,0.368074,-0.014573,-0.343811,66.428217,-8.428339,-28.246629,-2.576057,6.237301,-0.000129,-0.322761,-0.669167,-0.669358,-0.686237,-0.321608,0.652416,-0.651846,0.669913,-0.355405
8.150000,0.799275,-0.756112,-0.193806,-0.068049,0.114634,-0.148653,-2.013173,0.712387,2.056140,0.292726,0.064305,-0.115724,-0.182081,2.531086,-0.744186,-2.146428,0.344476,0.267635,0.736640,-0.298973,-0.187001,0.121882,-0.221940,0.244833,-0.264994,0.028449,0.038443,0.163807,0.111717,0.388693,-0.171901,0.368345,-0.017135,-0.331004,66.536340,-8.387863,-28.199274,-2.543259,6.193297,-0.000129,-0.323979,-0.669106,-0.668830,-0.683951,-0.322792,0.654229,-0.653642,0.669404,-0.353058
8.160000,0.798595,-0.754966,-0.195292,-0.068010,0.114567,-0.148567,-2.015914,0.714757,2.053717,0.292570,0.063127,-0.115224,-0.185066,2.529232,-0.742956,-2.148608,0.346907,0.265022,0.736922,-0.298545,-0.185373,0.122979,-0.218042,0.243098,-0.261309,0.028252,0.042761,0.162827,0.109705,0.389758,-0.173513,0.368544,-0.019696,-0.318197,66.643216,-8.346931,-28.152316,-2.510326,6.149369,-0.000129,-0.325185,-0.669054,-0.668298,-0.681661,-0.323978,0.656031,-0.655434,0.668884,-0.350715
8.170000,0.797915,-0.753820,-0.196777,-0.067970,0.114500,-0.148480,-2.018653,0.717125,2.051295,0.292407,0.061950,-0.114723,-0.188047,2.527395,-0.741715,-2.150750,0.349320,0.262446,0.737202,-0.298075,-0.183754,0.124056,-0.214135,0.241347,-0.257622,0.028030,0.047009,0.161840,0.107714,0.390722,-0.175108,0.368673,-0.022256,-0.305398,66.748850,-8.305561,-28.105752,-2.477266,6.105520,-0.000129,-0.326378,-0.669009,-0.667761,-0.679367,-0.325164,0.657822,-0.657220,0.668353,-0.348376
8.180000,0.797235,-0.752676,-0.198261,-0.067930,0.114432,-0.148391,-2.021391,0.719492,2.048875,0.292237,0.060773,-0.114224,-0.191023,2.525573,-0.740464,-2.152852,0.351716,0.259907,0.737480,-0.297563,-0.182146,0.125114,-0.210219,0.239580,-0.253935,0.027782,0.051186,0.160846,0.105744,0.391586,-0.176684,0.368732,-0.024812,-0.292613,66.853251,-8.263768,-28.059584,-2.444086,6.061750,-0.000129,-0.327558,-0.668972,-0.667220,-0.677068,-0.326352,0.659601,-0.659002,0.667811,-0.346041
8.190000,0.796556,-0.751532,-0.199745,-0.067889,0.114363,-0.148302,-2.024126,0.721857,2.046456,0.292060,0.059598,-0.113725,-0.193993,2.523768,-0.739203,-2.154915,0.354094,0.257404,0.737755,-0.297011,-0.180548,0.126152,-0.206296,0.237797,-0.250247,0.027508,0.055290,0.159846,0.103796,0.392348,-0.178241,0.368721,-0.027363,-0.279850,66.956425,-8.221572,-28.013809,-2.410792,6.018061,-0.000129,-0.328725,-0.668942,-0.666675,-0.674767,-0.327539,0.661368,-0.660780,0.667259,-0.343710
8.200000,0.795877,-0.750388,-0.201227,-0.067847,0.114292,-0.148210,-2.026861,0.724221,2.044039,0.291876,0.058424,-0.113227,-0.196957,2.521978,-0.737931,-2.156938,0.356454,0.254939,0.738027,-0.296417,-0.178959,0.127170,-0.202365,0.236000,-0.246561,0.027209,0.059322,0.158842,0.101868,0.393011,-0.179776,0.368642,-0.029907,-0.267115,67.058380,-8.178988,-27.968427,-2.377393,5.974455,-0.000129,-0.329880,-0.668921,-0.666126,-0.672461,-0.328728,0.663125,-0.662552,0.666695,-0.341383
8.210000,0.795199,-0.749246,-0.202709,-0.067805,0.114221,-0.148118,-2.029593,0.726583,2.041623,0.291686,0.057251,-0.112730,-0.199915,2.520204,-0.736649,-2.158923,0.358796,0.252510,0.738296,-0.295785,-0.177381,0.128170,-0.198430,0.234187,-0.242876,0.026884,0.063280,0.157833,0.099962,0.393573,-0.181288,0.368495,-0.032442,-0.254416,67.159123,-8.136035,-27.923436,-2.343894,5.930931,-0.000129,-0.331022,-0.668908,-0.665572,-0.670152,-0.329916,0.664870,-0.664320,0.666121,-0.339060
8.220000,0.794521,-0.748104,-0.204190,-0.067762,0.114149,-0.148025,-2.032324,0.728944,2.039209,0.291488,0.056079,-0.112233,-0.202866,2.518446,-0.735358,-2.160868,0.361119,0.250118,0.738562,-0.295113,-0.175813,0.129151,-0.194489,0.232359,-0.239193,0.026535,0.067164,0.156820,0.098078,0.394036,-0.182777,0.368281,-0.034967,-0.241758,67.258661,-8.092727,-27.878835,-2.310303,5.887493,-0.000129,-0.332152,-0.668902,-0.665015,-0.667839,-0.331105,0.666603,-0.666082,0.665537,-0.336742
8.230000,0.793844,-0.746963,-0.205669,-0.067718,0.114076,-0.147930,-2.035053,0.731304,2.036796,0.291283,0.054909,-0.111737,-0.205810,2.516704,-0.734057,-2.162773,0.363425,0.247763,0.738823,-0.294403,-0.174255,0.130113,-0.190545,0.230517,-0.235513,0.026160,0.070973,0.155805,0.096214,0.394401,-0.184240,0.368000,-0.037479,-0.229149,67.357002,-8.049082,-27.834624,-2.276627,5.844140,-0.000129,-0.333268,-0.668905,-0.664454,-0.665523,-0.332295,0.668325,-0.667840,0.664941,-0.334428
8.240000,0.793167,-0.745822,-0.207148,-0.067674,0.114002,-0.147834,-2.037780,0.733661,2.034385,0.291071,0.053739,-0.111242,-0.208747,2.514977,-0.732746,-2.164639,0.365711,0.245444,0.739081,-0.293656,-0.172707,0.131057,-0.186599,0.228660,-0.231837,0.025760,0.074706,0.154787,0.094372,0.394667,-0.185676,0.367654,-0.039978,-0.216595,67.454153,-8.005116,-27.790799,-2.242873,5.800875,-0.000129,-0.334372,-0.668915,-0.663889,-0.663204,-0.333484,0.670036,-0.669594,0.664335,-0.332119
8.250000,0.792490,-0.744683,-0.208626,-0.067630,0.113927,-0.147736,-2.040506,0.736018,2.031976,0.290852,0.052572,-0.110747,-0.211675,2.513265,-0.731426,-2.166466,0.367979,0.243163,0.739334,-0.292872,-0.171169,0.131982,-0.182650,0.226789,-0.228164,0.025336,0.078363,0.153767,0.092551,0.394836,-0.187084,0.367243,-0.042462,-0.204102,67.550123,-7.960844,-27.747360,-2.209048,5.757698,-0.000129,-0.335464,-0.668932,-0.663320,-0.660881,-0.334674,0.671736,-0.671342,0.663719,-0.329814
8.260000,0.791814,-0.743544,-0.210103,-0.067585,0.113851,-0.147638,-2.043229,0.738373,2.029568,0.290627,0.051405,-0.110254,-0.214596,2.511569,-0.730097,-2.168253,0.370228,0.240918,0.739583,-0.292053,-0.169642,0.132890,-0.178701,0.224904,-0.224497,0.024886,0.081943,0.152746,0.090751,0.394908,-0.188462,0.366767,-0.044929,-0.191677,67.644918,-7.916284,-27.704305,-2.175160,5.714612,-0.000129,-0.336542,-0.668958,-0.662748,-0.658556,-0.335864,0.673424,-0.673085,0.663092,-0.327514
8.270000,0.791139,-0.742406,-0.211579,-0.067539,0.113774,-0.147538,-2.045951,0.740726,2.027161,0.290394,0.050241,-0.109761,-0.217508,2.509887,-0.728759,-2.170000,0.372458,0.238710,0.739827,-0.291199,-0.168124,0.133780,-0.174752,0.223006,-0.220834,0.024413,0.085447,0.151724,0.088973,0.394885,-0.189810,0.366228,-0.047377,-0.179326,67.738546,-7.871449,-27.661632,-2.141214,5.671616,-0.000129,-0.337608,-0.668991,-0.662172,-0.656227,-0.337053,0.675101,-0.674824,0.662454,-0.325218
8.280000,0.790464,-0.741268,-0.213054,-0.067493,0.113696,-0.147437,-2.048671,0.743077,2.024757,0.290155,0.049078,-0.109269,-0.220411,2.508221,-0.727413,-2.171708,0.374669,0.236538,0.740066,-0.290310,-0.166617,0.134652,-0.170805,0.221095,-0.217178,0.023914,0.088872,0.150701,0.087215,0.394766,-0.191126,0.365627,-0.049806,-0.167055,67.831015,-7.826356,-27.619338,-2.107218,5.628712,-0.000129,-0.338661,-0.669032,-0.661593,-0.653895,-0.338242,0.676767,-0.676557,0.661807,-0.322928
8.290000,0.789789,-0.740132,-0.214528,-0.067446,0.113617,-0.147334,-2.051389,0.745427,2.022354,0.289909,0.047916,-0.108778,-0.223305,2.506570,-0.726058,-2.173377,0.376861,0.234402,0.740300,-0.289388,-0.165120,0.135506,-0.166859,0.219171,-0.213528,0.023392,0.092220,0.149679,0.085479,0.394553,-0.192408,0.364965,-0.052214,-0.154869,67.922332,-7.781018,-27.577423,-2.073178,5.585902,-0.000129,-0.339701,-0.669081,-0.661010,-0.651561,-0.339431,0.678421,-0.678286,0.661148,-0.320642
8.300000,0.789115,-0.738996,-0.216000,-0.067398,0.113537,-0.147230,-2.054106,0.747776,2.019952,0.289656,0.046756,-0.108288,-0.226189,2.504934,-0.724694,-2.175006,0.379033,0.232304,0.740529,-0.288433,-0.163634,0.136344,-0.162917,0.217234,-0.209886,0.022846,0.095489,0.148657,0.083763,0.394247,-0.193656,0.364242,-0.054598,-0.142774,68.012507,-7.735452,-27.535884,-2.039102,5.543187,-0.000129,-0.340728,-0.669137,-0.660424,-0.649224,-0.340620,0.680064,-0.680010,0.660480,-0.318361
8.310000,0.788441,-0.737861,-0.217472,-0.067350,0.113456,-0.147125,-2.056820,0.750122,2.017552,0.289396,0.045598,-0.107798,-0.229064,2.503312,-0.723323,-2.176596,0.381186,0.230241,0.740752,-0.287446,-0.162158,0.137165,-0.158978,0.215286,-0.206251,0.022277,0.098680,0.147636,0.082068,0.393849,-0.194869,0.363460,-0.056959,-0.130776,68.101545,-7.689672,-27.494718,-2.004996,5.500568,-0.000129,-0.341743,-0.669201,-0.659835,-0.646884,-0.341808,0.681695,-0.681728,0.659801,-0.316085
8.320000,0.787768,-0.736727,-0.218943,-0.067302,0.113374,-0.147019,-2.059532,0.752467,2.015155,0.289130,0.044442,-0.107309,-0.231928,2.501705,-0.721943,-2.178146,0.383319,0.228215,0.740968,-0.286428,-0.160691,0.137969,-0.155045,0.213325,-0.202625,0.021684,0.101792,0.146616,0.080394,0.393360,-0.196044,0.362619,-0.059294,-0.118880,68.189455,-7.643692,-27.453923,-1.970866,5.458046,-0.000128,-0.342745,-0.669272,-0.659243,-0.644541,-0.342996,0.683316,-0.683442,0.659112,-0.313813
8.330000,0.787095,-0.735594,-0.220413,-0.067252,0.113291,-0.146912,-2.062243,0.754811,2.012758,0.288856,0.043288,-0.106822,-0.234782,2.500113,-0.720556,-2.179657,0.385433,0.226225,0.741179,-0.285380,-0.159235,0.138756,-0.151117,0.211353,-0.199008,0.021068,0.104825,0.145598,0.078740,0.392781,-0.197182,0.361721,-0.061603,-0.107092,68.276246,-7.597525,-27.413498,-1.936720,5.415622,-0.000128,-0.343734,-0.669351,-0.658647,-0.642196,-0.344183,0.684925,-0.685151,0.658412,-0.311547
8.340000,0.786423,-0.734461,-0.221881,-0.067203,0.113207,-0.146803,-2.064951,0.757152,2.010364,0.288576,0.042135,-0.106335,-0.237625,2.498535,-0.719160,-2.181129,0.387527,0.224271,0.741383,-0.284302,-0.157790,0.139527,-0.147196,0.209371,-0.195400,0.020429,0.107779,0.144582,0.077106,0.392114,-0.198281,0.360766,-0.063883,-0.095415,68.361923,-7.551186,-27.373438,-1.902563,5.373298,-0.000128,-0.344710,-0.669438,-0.658049,-0.639848,-0.345370,0.686523,-0.686855,0.657703,-0.309286
8.350000,0.785751,-0.733329,-0.223349,-0.067152,0.113122,-0.146693,-2.067657,0.759492,2.007971,0.288290,0.040985,-0.105849,-0.240457,2.496971,-0.717757,-2.182562,0.389600,0.222353,0.741581,-0.283195,-0.156354,0.140282,-0.143282,0.207377,-0.191803,0.019768,0.110653,0.143569,0.075493,0.391359,-0.199340,0.359756,-0.066134,-0.083856,68.446497,-7.504688,-27.333742,-1.868403,5.331074,-0.000128,-0.345673,-0.669531,-0.657448,-0.637499,-0.346556,0.688109,-0.688553,0.656983,-0.307030
8.360000,0.785080,-0.732199,-0.224815,-0.067101,0.113037,-0.146582,-2.070362,0.761830,2.005580,0.287996,0.039836,-0.105364,-0.243277,2.495422,-0.716347,-2.183956,0.391654,0.220471,0.741772,-0.282061,-0.154928,0.141021,-0.139377,0.205374,-0.188216,0.019084,0.113448,0.142557,0.073900,0.390519,-0.200358,0.358692,-0.068355,-0.072419,68.529973,-7.458044,-27.294407,-1.834245,5.288952,-0.000128,-0.346624,-0.669633,-0.656844,-0.635147,-0.347741,0.689685,-0.690247,0.656253,-0.304780
8.370000,0.784409,-0.731069,-0.226280,-0.067050,0.112950,-0.146470,-2.073064,0.764166,2.003191,0.287696,0.038690,-0.104880,-0.246086,2.493887,-0.714930,-2.185311,0.393688,0.218624,0.741956,-0.280899,-0.153513,0.141744,-0.135481,0.203360,-0.184640,0.018379,0.116164,0.141549,0.072326,0.389593,-0.201335,0.357575,-0.070544,-0.061108,68.612360,-7.411268,-27.255431,-1.800096,5.246933,-0.000128,-0.347562,-0.669741,-0.656237,-0.632792,-0.348924,0.691249,-0.691935,0.655514,-0.302535
8.380000,0.783739,-0.729940,-0.227744,-0.066998,0.112862,-0.146356,-2.075764,0.766501,2.000804,0.287390,0.037546,-0.104397,-0.248883,2.492366,-0.713505,-2.186627,0.395701,0.216813,0.742132,-0.279711,-0.152107,0.142452,-0.131595,0.201338,-0.181076,0.017652,0.118801,0.140544,0.070772,0.388584,-0.202268,0.356406,-0.072701,-0.049929,68.693666,-7.364371,-27.216809,-1.765963,5.205019,-0.000128,-0.348487,-0.669857,-0.655628,-0.630436,-0.350107,0.692802,-0.693619,0.654764,-0.300295
8.390000,0.783069,-0.728811,-0.229207,-0.066945,0.112774,-0.146241,-2.078462,0.768834,1.998419,0.287077,0.036404,-0.103915,-0.251668,2.490859,-0.712074,-2.187904,0.397694,0.215038,0.742301,-0.278498,-0.150712,0.143144,-0.127720,0.199306,-0.177524,0.016903,0.121359,0.139542,0.069238,0.387494,-0.203158,0.355186,-0.074823,-0.038884,68.773899,-7.317366,-27.178540,-1.731851,5.163209,-0.000128,-0.349399,-0.669981,-0.655016,-0.628078,-0.351289,0.694344,-0.695297,0.654004,-0.298060
8.400000,0.782400,-0.727684,-0.230669,-0.066892,0.112684,-0.146125,-2.081158,0.771164,1.996035,0.286757,0.035264,-0.103433,-0.254441,2.489365,-0.710636,-2.189142,0.399667,0.213298,0.742463,-0.277259,-0.149327,0.143822,-0.123857,0.197266,-0.173985,0.016134,0.123837,0.138544,0.067723,0.386323,-0.204004,0.353917,-0.076911,-0.027978,68.853065,-7.270266,-27.140621,-1.697766,5.121506,-0.000128,-0.350298,-0.670111,-0.654402,-0.625718,-0.352470,0.695875,-0.696971,0.653235,-0.295831
8.410000,0.781731,-0.726558,-0.232130,-0.066838,0.112594,-0.146008,-2.083852,0.773493,1.993654,0.286430,0.034127,-0.102953,-0.257201,2.487886,-0.709191,-2.190342,0.401619,0.211594,0.742616,-0.275997,-0.147951,0.144484,-0.120006,0.195218,-0.170459,0.015345,0.126237,0.137549,0.066227,0.385074,-0.204805,0.352598,-0.078964,-0.017215,68.931174,-7.223082,-27.103048,-1.663714,5.079910,-0.000128,-0.351185,-0.670249,-0.653785,-0.623356,-0.353649,0.697394,-0.698639,0.652456,-0.293608
8.420000,0.781063,-0.725432,-0.233589,-0.066784,0.112502,-0.145889,-2.086543,0.775820,1.991274,0.286097,0.032992,-0.102474,-0.259948,2.486420,-0.707739,-2.191504,0.403551,0.209924,0.742761,-0.274711,-0.146585,0.145131,-0.116169,0.193162,-0.166947,0.014535,0.128559,0.136558,0.064750,0.383747,-0.205561,0.351233,-0.080979,-0.006599,69.008232,-7.175826,-27.065818,-1.629702,5.038423,-0.000128,-0.352058,-0.670394,-0.653167,-0.620993,-0.354828,0.698903,-0.700302,0.651666,-0.291390
8.430000,0.780395,-0.724308,-0.235048,-0.066729,0.112410,-0.145769,-2.089233,0.778146,1.988896,0.285758,0.031859,-0.101996,-0.262682,2.484968,-0.706282,-2.192628,0.405462,0.208290,0.742898,-0.273403,-0.145230,0.145764,-0.112345,0.191100,-0.163448,0.013705,0.130802,0.135572,0.063292,0.382344,-0.206270,0.349822,-0.082958,0.003867,69.084247,-7.128508,-27.028929,-1.595735,4.997045,-0.000128,-0.352919,-0.670546,-0.652545,-0.618628,-0.356004,0.700400,-0.701960,0.650868,-0.289178
8.440000,0.779728,-0.723184,-0.236505,-0.066674,0.112316,-0.145648,-2.091920,0.780469,1.986521,0.285412,0.030729,-0.101519,-0.265403,2.483529,-0.704818,-2.193713,0.407352,0.206690,0.743027,-0.272074,-0.143884,0.146383,-0.108537,0.189030,-0.159965,0.012856,0.132967,0.134589,0.061852,0.380867,-0.206932,0.348366,-0.084898,0.014180,69.159228,-7.081141,-26.992377,-1.561819,4.955778,-0.000128,-0.353768,-0.670706,-0.651922,-0.616261,-0.357179,0.701887,-0.703613,0.650059,-0.286971
8.450000,0.779062,-0.722061,-0.237961,-0.066618,0.112222,-0.145526,-2.094605,0.782790,1.984147,0.285060,0.029602,-0.101042,-0.268110,2.482103,-0.703348,-2.194760,0.409221,0.205125,0.743147,-0.270723,-0.142548,0.146987,-0.104743,0.186955,-0.156496,0.011988,0.135055,0.133612,0.060431,0.379318,-0.207547,0.346866,-0.086798,0.024336,69.233180,-7.033734,-26.956158,-1.527959,4.914623,-0.000128,-0.354603,-0.670872,-0.651297,-0.613893,-0.358353,0.703362,-0.705260,0.649241,-0.284771
8.460000,0.778396,-0.720940,-0.239415,-0.066561,0.112127,-0.145402,-2.097288,0.785109,1.981775,0.284701,0.028477,-0.100567,-0.270803,2.480691,-0.701872,-2.195770,0.411070,0.203595,0.743258,-0.269353,-0.141221,0.147577,-0.100967,0.184874,-0.153043,0.011102,0.137066,0.132638,0.059027,0.377698,-0.208114,0.345323,-0.088659,0.034333,69.306113,-6.986298,-26.920269,-1.494162,4.873581,-0.000128,-0.355426,-0.671045,-0.650669,-0.611524,-0.359525,0.704827,-0.706903,0.648413,-0.282576
8.470000,0.777731,-0.719819,-0.240869,-0.066504,0.112031,-0.145277,-2.099968,0.787427,1.979406,0.284336,0.027354,-0.100093,-0.273483,2.479292,-0.700391,-2.196742,0.412898,0.202099,0.743360,-0.267963,-0.139905,0.148154,-0.097206,0.182787,-0.149606,0.010197,0.139000,0.131669,0.057642,0.376010,-0.208633,0.343740,-0.090480,0.044168,69.378034,-6.938844,-26.884708,-1.460431,4.832652,-0.000128,-0.356236,-0.671226,-0.650040,-0.609153,-0.360695,0.706280,-0.708540,0.647576,-0.280387
8.480000,0.777066,-0.718699,-0.242321,-0.066447,0.111933,-0.145151,-2.102646,0.789742,1.977038,0.283965,0.026235,-0.099620,-0.276149,2.477906,-0.698904,-2.197677,0.414705,0.200637,0.743453,-0.266554,-0.138598,0.148717,-0.093464,0.180696,-0.146184,0.009274,0.140858,0.130705,0.056275,0.374254,-0.209104,0.342117,-0.092259,0.053838,69.448949,-6.891380,-26.849470,-1.426774,4.791839,-0.000127,-0.357033,-0.671413,-0.649409,-0.606781,-0.361864,0.707722,-0.710172,0.646729,-0.278204
8.490000,0.776402,-0.717580,-0.243772,-0.066388,0.111835,-0.145024,-2.105322,0.792056,1.974672,0.283587,0.025118,-0.099148,-0.278800,2.476533,-0.697411,-2.198574,0.416491,0.199209,0.743536,-0.265128,-0.137300,0.149266,-0.089740,0.178601,-0.142780,0.008334,0.142641,0.129746,0.054925,0.372432,-0.209525,0.340455,-0.093996,0.063341,69.518867,-6.843917,-26.814552,-1.393195,4.751141,-0.000127,-0.357817,-0.671607,-0.648776,-0.604408,-0.363031,0.709154,-0.711799,0.645873,-0.276027
8.500000,0.775738,-0.716462,-0.245221,-0.066330,0.111736,-0.144896,-2.107995,0.794367,1.972309,0.283203,0.024004,-0.098677,-0.281437,2.475173,-0.695913,-2.199435,0.418256,0.197815,0.743610,-0.263684,-0.136012,0.149802,-0.086034,0.176502,-0.139392,0.007377,0.144348,0.128792,0.053592,0.370547,-0.209898,0.338755,-0.095691,0.072675,69.587795,-6.796464,-26.779950,-1.359699,4.710560,-0.000127,-0.358589,-0.671809,-0.648141,-0.602035,-0.364195,0.710574,-0.713420,0.645008,-0.273856
8.510000,0.775075,-0.715346,-0.246670,-0.066270,0.111636,-0.144766,-2.110666,0.796676,1.969947,0.282812,0.022893,-0.098208,-0.284059,2.473826,-0.694410,-2.200258,0.420000,0.196455,0.743674,-0.262224,-0.134734,0.150325,-0.082348,0.174400,-0.136022,0.006404,0.145982,0.127843,0.052277,0.368600,-0.210222,0.337020,-0.097343,0.081838,69.655741,-6.749030,-26.745661,-1.326291,4.670097,-0.000127,-0.359348,-0.672017,-0.647505,-0.599660,-0.365358,0.711984,-0.715036,0.644133,-0.271691
8.520000,0.774413,-0.714230,-0.248117,-0.066210,0.111535,-0.144635,-2.113335,0.798983,1.967588,0.282416,0.021784,-0.097739,-0.286666,2.472491,-0.692901,-2.201045,0.421723,0.195128,0.743728,-0.260749,-0.133465,0.150834,-0.078682,0.172295,-0.132670,0.005415,0.147542,0.126899,0.050978,0.366592,-0.210496,0.335249,-0.098952,0.090827,69.722711,-6.701624,-26.711682,-1.292977,4.629753,-0.000127,-0.360094,-0.672231,-0.646867,-0.597284,-0.366519,0.713383,-0.716647,0.643249,-0.269532
8.530000,0.773751,-0.713115,-0.249562,-0.066150,0.111434,-0.144503,-2.116001,0.801288,1.965231,0.282013,0.020679,-0.097271,-0.289259,2.471169,-0.691388,-2.201795,0.423425,0.193835,0.743772,-0.259259,-0.132205,0.151331,-0.075037,0.170188,-0.129335,0.004409,0.149029,0.125960,0.049697,0.364526,-0.210721,0.333445,-0.100517,0.099642,69.788713,-6.654254,-26.678009,-1.259761,4.589529,-0.000127,-0.360828,-0.672453,-0.646228,-0.594908,-0.367677,0.714771,-0.718253,0.642356,-0.267379
8.540000,0.773090,-0.712001,-0.251007,-0.066089,0.111331,-0.144370,-2.118665,0.803591,1.962876,0.281604,0.019576,-0.096805,-0.291837,2.469859,-0.689870,-2.202509,0.425106,0.192575,0.743806,-0.257754,-0.130955,0.151816,-0.071413,0.168079,-0.126019,0.003389,0.150445,0.125026,0.048431,0.362404,-0.210896,0.331608,-0.102038,0.108281,69.853754,-6.606929,-26.644638,-1.226648,4.549425,-0.000127,-0.361549,-0.672681,-0.645587,-0.592531,-0.368834,0.716148,-0.719854,0.641453,-0.265233
8.550000,0.772429,-0.710888,-0.252450,-0.066027,0.111227,-0.144236,-2.121326,0.805892,1.960523,0.281188,0.018477,-0.096340,-0.294399,2.468562,-0.688347,-2.203187,0.426765,0.191347,0.743829,-0.256236,-0.129714,0.152287,-0.067811,0.165968,-0.122722,0.002354,0.151789,0.124097,0.047183,0.360227,-0.211023,0.329741,-0.103514,0.116742,69.917842,-6.559656,-26.611565,-1.193642,4.509443,-0.000127,-0.362257,-0.672916,-0.644945,-0.590154,-0.369988,0.717515,-0.721449,0.640542,-0.263093
8.560000,0.771769,-0.709776,-0.253891,-0.065965,0.111123,-0.144100,-2.123985,0.808191,1.958173,0.280767,0.017381,-0.095876,-0.296946,2.467278,-0.686820,-2.203830,0.428404,0.190153,0.743842,-0.254706,-0.128482,0.152747,-0.064231,0.163857,-0.119443,0.001304,0.153062,0.123174,0.045950,0.357998,-0.211100,0.327843,-0.104946,0.125025,69.980984,-6.512443,-26.578786,-1.160749,4.469584,-0.000127,-0.362952,-0.673157,-0.644302,-0.587776,-0.371139,0.718871,-0.723039,0.639621,-0.260960
8.570000,0.771110,-0.708666,-0.255332,-0.065903,0.111017,-0.143963,-2.126641,0.810487,1.955824,0.280340,0.016288,-0.095413,-0.299478,2.466005,-0.685288,-2.204436,0.430021,0.188991,0.743845,-0.253163,-0.127260,0.153194,-0.060673,0.161746,-0.116184,0.000241,0.154266,0.122256,0.044733,0.355717,-0.211128,0.325917,-0.106333,0.133128,70.043187,-6.465298,-26.546299,-1.127972,4.429849,-0.000127,-0.363635,-0.673405,-0.643658,-0.585398,-0.372289,0.720216,-0.724623,0.638692,-0.258833
8.580000,0.770451,-0.707556,-0.256771,-0.065839,0.110911,-0.143825,-2.129295,0.812782,1.953478,0.279906,0.015198,-0.094951,-0.301994,2.464744,-0.683751,-2.205008,0.431618,0.187862,0.743836,-0.251609,-0.126046,0.153630,-0.057140,0.159635,-0.112944,-0.000836,0.155402,0.121343,0.043532,0.353387,-0.211107,0.323963,-0.107674,0.141051,70.104458,-6.418228,-26.514099,-1.095316,4.390238,-0.000127,-0.364305,-0.673659,-0.643012,-0.583019,-0.373435,0.721550,-0.726202,0.637753,-0.256712
8.590000,0.769793,-0.706448,-0.258208,-0.065776,0.110803,-0.143686,-2.131946,0.815074,1.951134,0.279467,0.014111,-0.094490,-0.304494,2.463496,-0.682211,-2.205544,0.433193,0.186764,0.743817,-0.250044,-0.124842,0.154053,-0.053629,0.157525,-0.109725,-0.001925,0.156469,0.120436,0.042346,0.351011,-0.211037,0.321983,-0.108971,0.148793,70.164803,-6.371239,-26.482182,-1.062785,4.350752,-0.000126,-0.364963,-0.673920,-0.642365,-0.580641,-0.374579,0.722874,-0.727776,0.636806,-0.254598
8.600000,0.769136,-0.705340,-0.259644,-0.065711,0.110695,-0.143545,-2.134595,0.817364,1.948793,0.279021,0.013028,-0.094031,-0.306979,2.462260,-0.680666,-2.206046,0.434747,0.185699,0.743787,-0.248469,-0.123647,0.154465,-0.050144,0.155416,-0.106525,-0.003028,0.157470,0.119534,0.041176,0.348588,-0.210919,0.319978,-0.110221,0.156354,70.224232,-6.324339,-26.450545,-1.030383,4.311393,-0.000126,-0.365608,-0.674188,-0.641718,-0.578262,-0.375721,0.724187,-0.729345,0.635850,-0.252490
8.610000,0.768479,-0.704234,-0.261079,-0.065647,0.110586,-0.143404,-2.137241,0.819651,1.946453,0.278570,0.011948,-0.093572,-0.309448,2.461035,-0.679117,-2.206512,0.436280,0.184666,0.743746,-0.246885,-0.122460,0.154865,-0.046682,0.153308,-0.103345,-0.004142,0.158406,0.118637,0.040021,0.346122,-0.210754,0.317949,-0.111426,0.163733,70.282749,-6.277533,-26.419184,-0.998115,4.272161,-0.000126,-0.366241,-0.674461,-0.641069,-0.575883,-0.376860,0.725490,-0.730908,0.634885,-0.250389
8.620000,0.767823,-0.703128,-0.262512,-0.065581,0.110476,-0.143261,-2.139884,0.821937,1.944116,0.278113,0.010871,-0.093115,-0.311901,2.459822,-0.677565,-2.206945,0.437792,0.183664,0.743693,-0.245293,-0.121283,0.155254,-0.043246,0.151203,-0.100186,-0.005268,0.159276,0.117746,0.038881,0.343615,-0.210540,0.315897,-0.112586,0.170930,70.340362,-6.230829,-26.388095,-0.965984,4.233058,-0.000126,-0.366861,-0.674741,-0.640420,-0.573504,-0.377996,0.726782,-0.732466,0.633911,-0.248295
8.630000,0.767167,-0.702024,-0.263944,-0.065515,0.110365,-0.143117,-2.142525,0.824220,1.941782,0.277650,0.009798,-0.092659,-0.314338,2.458621,-0.676009,-2.207343,0.439283,0.182693,0.743629,-0.243692,-0.120114,0.155631,-0.039836,0.149100,-0.097048,-0.006405,0.160083,0.116860,0.037755,0.341067,-0.210280,0.313824,-0.113700,0.177946,70.397078,-6.184231,-26.357274,-0.933994,4.194083,-0.000126,-0.367468,-0.675027,-0.639770,-0.571126,-0.379129,0.728063,-0.734018,0.632929,-0.246208
8.640000,0.766512,-0.700921,-0.265375,-0.065449,0.110253,-0.142972,-2.145163,0.826501,1.939449,0.277180,0.008728,-0.092205,-0.316758,2.457431,-0.674449,-2.207708,0.440753,0.181754,0.743553,-0.242084,-0.118954,0.155998,-0.036451,0.147000,-0.093931,-0.007552,0.160827,0.115979,0.036644,0.338482,-0.209972,0.311731,-0.114768,0.184779,70.452905,-6.137746,-26.326717,-0.902149,4.155237,-0.000126,-0.368063,-0.675320,-0.639119,-0.568747,-0.380260,0.729335,-0.735565,0.631938,-0.244127
8.650000,0.765858,-0.699819,-0.266804,-0.065382,0.110140,-0.142826,-2.147798,0.828779,1.937120,0.276706,0.007662,-0.091751,-0.319163,2.456253,-0.672885,-2.208039,0.442202,0.180846,0.743466,-0.240468,-0.117803,0.156353,-0.033092,0.144904,-0.090835,-0.008710,0.161509,0.115104,0.035548,0.335860,-0.209619,0.309619,-0.115791,0.191432,70.507848,-6.091380,-26.296421,-0.870452,4.116523,-0.000126,-0.368645,-0.675618,-0.638468,-0.566369,-0.381387,0.730595,-0.737107,0.630939,-0.242053
8.660000,0.765205,-0.698718,-0.268231,-0.065314,0.110026,-0.142678,-2.150431,0.831055,1.934792,0.276225,0.006600,-0.091299,-0.321552,2.455087,-0.671318,-2.208336,0.443630,0.179968,0.743367,-0.238847,-0.116661,0.156698,-0.029760,0.142812,-0.087760,-0.009878,0.162131,0.114235,0.034465,0.333204,-0.209220,0.307488,-0.116769,0.197904,70.561915,-6.045136,-26.266381,-0.838908,4.077940,-0.000126,-0.369215,-0.675923,-0.637815,-0.563992,-0.382512,0.731846,-0.738643,0.629931,-0.239986
8.670000,0.764552,-0.697619,-0.269657,-0.065246,0.109911,-0.142529,-2.153061,0.833329,1.932467,0.275739,0.005541,-0.090848,-0.323924,2.453932,-0.669748,-2.208601,0.445038,0.179121,0.743257,-0.237220,-0.115527,0.157032,-0.026455,0.140724,-0.084706,-0.011055,0.162693,0.113370,0.033397,0.330515,-0.208776,0.305341,-0.117701,0.204195,70.615112,-5.999021,-26.236594,-0.807518,4.039489,-0.000126,-0.369773,-0.676233,-0.637163,-0.561615,-0.383633,0.733086,-0.740174,0.628915,-0.237926
8.680000,0.763900,-0.696520,-0.271082,-0.065178,0.109796,-0.142379,-2.155688,0.835600,1.930144,0.275247,0.004486,-0.090399,-0.326280,2.452788,-0.668174,-2.208833,0.446424,0.178304,0.743134,-0.235588,-0.114402,0.157355,-0.023177,0.138641,-0.081675,-0.012241,0.163198,0.112511,0.032342,0.327795,-0.208287,0.303178,-0.118588,0.210307,70.667446,-5.953039,-26.207056,-0.776287,4.001171,-0.000125,-0.370318,-0.676550,-0.636510,-0.559238,-0.384751,0.734316,-0.741699,0.627890,-0.235872
8.690000,0.763248,-0.695423,-0.272505,-0.065108,0.109679,-0.142228,-2.158312,0.837869,1.927824,0.274749,0.003434,-0.089950,-0.328619,2.451655,-0.666598,-2.209032,0.447790,0.177518,0.743000,-0.233952,-0.113286,0.157668,-0.019927,0.136564,-0.078665,-0.013435,0.163645,0.111658,0.031301,0.325046,-0.207755,0.301001,-0.119430,0.216240,70.718925,-5.907195,-26.177763,-0.745218,3.962988,-0.000125,-0.370850,-0.676873,-0.635856,-0.556862,-0.385866,0.735535,-0.743219,0.626858,-0.233826
8.700000,0.762598,-0.694326,-0.273926,-0.065039,0.109562,-0.142076,-2.160934,0.840136,1.925506,0.274245,0.002386,-0.089503,-0.330942,2.450533,-0.665018,-2.209199,0.449135,0.176761,0.742854,-0.232311,-0.112177,0.157971,-0.016704,0.134492,-0.075676,-0.014638,0.164036,0.110809,0.030273,0.322270,-0.207179,0.298810,-0.120228,0.221996,70.769554,-5.861493,-26.148711,-0.714313,3.924938,-0.000125,-0.371370,-0.677201,-0.635203,-0.554487,-0.386978,0.736744,-0.744734,0.625817,-0.231787
8.710000,0.761948,-0.693231,-0.275346,-0.064969,0.109444,-0.141923,-2.163553,0.842400,1.923191,0.273736,0.001342,-0.089057,-0.333249,2.449422,-0.663435,-2.209334,0.450459,0.176034,0.742695,-0.230668,-0.111078,0.158264,-0.013509,0.132426,-0.072710,-0.015847,0.164373,0.109966,0.029259,0.319468,-0.206561,0.296606,-0.120981,0.227574,70.819340,-5.815938,-26.119897,-0.683576,3.887025,-0.000125,-0.371878,-0.677536,-0.634549,-0.552113,-0.388086,0.737943,-0.746243,0.624767,-0.229755
8.720000,0.761298,-0.692138,-0.276765,-0.064898,0.109324,-0.141768,-2.166169,0.844661,1.920878,0.273222,0.000302,-0.088613,-0.335539,2.448322,-0.661850,-2.209437,0.451762,0.175336,0.742525,-0.229021,-0.109987,0.158546,-0.010343,0.130367,-0.069766,-0.017064,0.164656,0.109129,0.028257,0.316642,-0.205901,0.294391,-0.121690,0.232978,70.868290,-5.770533,-26.091316,-0.653011,3.849247,-0.000125,-0.372374,-0.677876,-0.633895,-0.549739,-0.389192,0.739132,-0.747746,0.623710,-0.227730
8.730000,0.760650,-0.691045,-0.278182,-0.064826,0.109204,-0.141612,-2.168782,0.846921,1.918568,0.272702,-0.000734,-0.088170,-0.337813,2.447233,-0.660262,-2.209509,0.453046,0.174668,0.742342,-0.227372,-0.108904,0.158819,-0.007205,0.128315,-0.066845,-0.018288,0.164886,0.108296,0.027269,0.313794,-0.205201,0.292165,-0.122356,0.238207,70.916411,-5.725281,-26.062965,-0.622618,3.811606,-0.000125,-0.372857,-0.678222,-0.633240,-0.547367,-0.390293,0.740311,-0.749244,0.622645,-0.225712
8.740000,0.760002,-0.689953,-0.279597,-0.064755,0.109083,-0.141456,-2.171392,0.849177,1.916261,0.272176,-0.001766,-0.087728,-0.340070,2.446155,-0.658671,-2.209550,0.454308,0.174028,0.742147,-0.225722,-0.107829,0.159082,-0.004096,0.126271,-0.063946,-0.019518,0.165066,0.107469,0.026293,0.310925,-0.204460,0.289930,-0.122977,0.243263,70.963708,-5.680188,-26.034840,-0.592402,3.774103,-0.000125,-0.373328,-0.678573,-0.632586,-0.544995,-0.391392,0.741480,-0.750737,0.621572,-0.223702
8.750000,0.759355,-0.688863,-0.281011,-0.064682,0.108961,-0.141298,-2.173999,0.851431,1.913955,0.271645,-0.002794,-0.087287,-0.342311,2.445087,-0.657077,-2.209561,0.455551,0.173418,0.741939,-0.224070,-0.106762,0.159335,-0.001015,0.124234,-0.061069,-0.020753,0.165195,0.106648,0.025329,0.308037,-0.203680,0.287686,-0.123556,0.248149,71.010189,-5.635255,-26.006936,-0.562364,3.736739,-0.000125,-0.373787,-0.678930,-0.631931,-0.542625,-0.392486,0.742639,-0.752224,0.620490,-0.221698
8.760000,0.758708,-0.687774,-0.282423,-0.064609,0.108839,-0.141138,-2.176604,0.853683,1.911653,0.271109,-0.003819,-0.086848,-0.344535,2.444030,-0.655482,-2.209540,0.456773,0.172835,0.741719,-0.222417,-0.105704,0.159579,0.002036,0.122205,-0.058214,-0.021994,0.165276,0.105831,0.024378,0.305131,-0.202862,0.285435,-0.124093,0.252864,71.055860,-5.590487,-25.979251,-0.532508,3.699513,-0.000125,-0.374233,-0.679293,-0.631277,-0.540256,-0.393577,0.743788,-0.753706,0.619401,-0.219702
8.770000,0.758062,-0.686686,-0.283834,-0.064536,0.108715,-0.140978,-2.179205,0.855932,1.909353,0.270567,-0.004839,-0.086410,-0.346743,2.442984,-0.653884,-2.209490,0.457975,0.172282,0.741487,-0.220764,-0.104654,0.159813,0.005058,0.120185,-0.055383,-0.023240,0.165309,0.105020,0.023440,0.302210,-0.202006,0.283178,-0.124586,0.257412,71.100728,-5.545885,-25.951780,-0.502835,3.662427,-0.000124,-0.374668,-0.679661,-0.630623,-0.537888,-0.394665,0.744927,-0.755182,0.618304,-0.217714
8.780000,0.757417,-0.685600,-0.285243,-0.064462,0.108591,-0.140817,-2.181804,0.858179,1.907056,0.270020,-0.005855,-0.085973,-0.348934,2.441948,-0.652283,-2.209409,0.459156,0.171756,0.741242,-0.219111,-0.103612,0.160038,0.008051,0.118174,-0.052573,-0.024490,0.165296,0.104214,0.022513,0.299274,-0.201113,0.280914,-0.125039,0.261793,71.144799,-5.501454,-25.924520,-0.473349,3.625482,-0.000124,-0.375090,-0.680035,-0.629969,-0.535522,-0.395749,0.746056,-0.756653,0.617200,-0.215732
8.790000,0.756773,-0.684515,-0.286650,-0.064388,0.108465,-0.140654,-2.184399,0.860423,1.904761,0.269468,-0.006867,-0.085538,-0.351108,2.440922,-0.650681,-2.209299,0.460318,0.171258,0.740984,-0.217459,-0.102578,0.160254,0.011014,0.116172,-0.049787,-0.025745,0.165238,0.103413,0.021598,0.296326,-0.200185,0.278646,-0.125449,0.266010,71.188079,-5.457196,-25.897467,-0.444050,3.588678,-0.000124,-0.375500,-0.680414,-0.629315,-0.533157,-0.396829,0.747175,-0.758118,0.616088,-0.213758
8.800000,0.756130,-0.683431,-0.288056,-0.064313,0.108339,-0.140490,-2.186991,0.862664,1.902469,0.268911,-0.007874,-0.085104,-0.353266,2.439906,-0.649076,-2.209159,0.461460,0.170788,0.740714,-0.215807,-0.101551,0.160461,0.013948,0.114180,-0.047023,-0.027003,0.165136,0.102618,0.020694,0.293366,-0.199221,0.276374,-0.125819,0.270065,71.230575,-5.413112,-25.870617,-0.414942,3.552015,-0.000124,-0.375898,-0.680798,-0.628661,-0.530794,-0.397905,0.748284,-0.759578,0.614968,-0.211792
8.810000,0.755487,-0.682348,-0.289460,-0.064237,0.108212,-0.140325,-2.189581,0.864903,1.900180,0.268348,-0.008878,-0.084671,-0.355408,2.438901,-0.647469,-2.208991,0.462582,0.170345,0.740432,-0.214157,-0.100533,0.160659,0.016852,0.112198,-0.044282,-0.028264,0.164991,0.101827,0.019802,0.290396,-0.198224,0.274099,-0.126149,0.273960,71.272293,-5.369206,-25.843966,-0.386025,3.515496,-0.000124,-0.376284,-0.681188,-0.628008,-0.528432,-0.398977,0.749384,-0.761032,0.613840,-0.209833
8.820000,0.754845,-0.681266,-0.290862,-0.064161,0.108084,-0.140159,-2.192167,0.867139,1.897893,0.267780,-0.009877,-0.084240,-0.357533,2.437906,-0.645861,-2.208794,0.463684,0.169929,0.740136,-0.212509,-0.099523,0.160849,0.019726,0.110226,-0.041564,-0.029529,0.164805,0.101042,0.018922,0.287417,-0.197193,0.271821,-0.126439,0.277696,71.313239,-5.325480,-25.817511,-0.357303,3.479119,-0.000124,-0.376658,-0.681583,-0.627355,-0.526072,-0.400046,0.750474,-0.762481,0.612706,-0.207882
8.830000,0.754204,-0.680186,-0.292263,-0.064085,0.107955,-0.139992,-2.194751,0.869372,1.895609,0.267207,-0.010872,-0.083810,-0.359642,2.436921,-0.644251,-2.208568,0.464767,0.169541,0.739828,-0.210863,-0.098520,0.161029,0.022570,0.108264,-0.038869,-0.030796,0.164579,0.100262,0.018052,0.284432,-0.196131,0.269543,-0.126689,0.281276,71.353420,-5.281936,-25.791248,-0.328777,3.442886,-0.000124,-0.377019,-0.681983,-0.626702,-0.523714,-0.401110,0.751554,-0.763924,0.611563,-0.205938
8.840000,0.753563,-0.679107,-0.293662,-0.064008,0.107825,-0.139824,-2.197331,0.871603,1.893328,0.266629,-0.011862,-0.083382,-0.361734,2.435945,-0.642639,-2.208314,0.465830,0.169179,0.739508,-0.209220,-0.097525,0.161201,0.025385,0.106314,-0.036196,-0.032065,0.164313,0.099487,0.017194,0.281441,-0.195037,0.267263,-0.126901,0.284701,71.392842,-5.238576,-25.765174,-0.300449,3.406797,-0.000123,-0.377369,-0.682388,-0.626050,-0.521358,-0.402171,0.752625,-0.765362,0.610414,-0.204001
8.850000,0.752924,-0.678030,-0.295059,-0.063930,0.107695,-0.139655,-2.199908,0.873831,1.891050,0.266046,-0.012849,-0.082955,-0.363810,2.434980,-0.641025,-2.208032,0.466874,0.168843,0.739174,-0.207580,-0.096538,0.161365,0.028169,0.104375,-0.033546,-0.033336,0.164010,0.098718,0.016346,0.278445,-0.193912,0.264984,-0.127074,0.287976,71.431512,-5.195400,-25.739284,-0.272320,3.370854,-0.000123,-0.377707,-0.682798,-0.625399,-0.519003,-0.403227,0.753686,-0.766794,0.609257,-0.202073
8.860000,0.752285,-0.676953,-0.296455,-0.063852,0.107563,-0.139484,-2.202482,0.876057,1.888774,0.265458,-0.013830,-0.082529,-0.365869,2.434024,-0.639410,-2.207723,0.467898,0.168534,0.738828,-0.205943,-0.095559,0.161520,0.030924,0.102447,-0.030919,-0.034608,0.163670,0.097953,0.015509,0.275446,-0.192759,0.262706,-0.127210,0.291100,71.469435,-5.152412,-25.713575,-0.244392,3.335056,-0.000123,-0.378033,-0.683214,-0.624748,-0.516651,-0.404280,0.754738,-0.768220,0.608093,-0.200152
8.870000,0.751647,-0.675878,-0.297849,-0.063774,0.107431,-0.139312,-2.205053,0.878279,1.886501,0.264865,-0.014808,-0.082105,-0.367912,2.433078,-0.637793,-2.207387,0.468903,0.168251,0.738469,-0.204311,-0.094587,0.161666,0.033648,0.100532,-0.028315,-0.035881,0.163295,0.097194,0.014683,0.272446,-0.191577,0.260429,-0.127309,0.294078,71.506617,-5.109612,-25.688043,-0.216667,3.299404,-0.000123,-0.378348,-0.683634,-0.624098,-0.514301,-0.405328,0.755780,-0.769641,0.606922,-0.198239
8.880000,0.751009,-0.674805,-0.299241,-0.063695,0.107297,-0.139140,-2.207620,0.880499,1.884231,0.264267,-0.015780,-0.081682,-0.369939,2.432142,-0.636175,-2.207023,0.469890,0.167994,0.738098,-0.202682,-0.093622,0.161805,0.036343,0.098628,-0.025733,-0.037154,0.162885,0.096439,0.013867,0.269444,-0.190367,0.258154,-0.127371,0.296910,71.543066,-5.067002,-25.662686,-0.189145,3.263900,-0.000123,-0.378650,-0.684059,-0.623448,-0.511953,-0.406372,0.756813,-0.771057,0.605743,-0.196333
8.890000,0.750373,-0.673733,-0.300632,-0.063615,0.107163,-0.138966,-2.210185,0.882716,1.881964,0.263664,-0.016748,-0.081260,-0.371950,2.431216,-0.634556,-2.206633,0.470857,0.167762,0.737714,-0.201057,-0.092665,0.161936,0.039007,0.096737,-0.023174,-0.038428,0.162442,0.095690,0.013061,0.266444,-0.189131,0.255883,-0.127398,0.299601,71.578786,-5.024583,-25.637499,-0.161828,3.228542,-0.000123,-0.378941,-0.684489,-0.622799,-0.509607,-0.407412,0.757836,-0.772467,0.604558,-0.194435
8.900000,0.749737,-0.672662,-0.302021,-0.063535,0.107028,-0.138791,-2.212746,0.884930,1.879700,0.263056,-0.017712,-0.080840,-0.373944,2.430298,-0.632935,-2.206217,0.471806,0.167555,0.737317,-0.199438,-0.091716,0.162058,0.041641,0.094858,-0.020638,-0.039702,0.161967,0.094946,0.012266,0.263445,-0.187870,0.253615,-0.127389,0.302151,71.613785,-4.982356,-25.612478,-0.134718,3.193332,-0.000123,-0.379219,-0.684924,-0.622151,-0.507264,-0.408448,0.758850,-0.773871,0.603366,-0.192545
8.910000,0.749102,-0.671592,-0.303408,-0.063454,0.106893,-0.138615,-2.215304,0.887142,1.877438,0.262444,-0.018671,-0.080421,-0.375922,2.429391,-0.631313,-2.205774,0.472735,0.167374,0.736907,-0.197823,-0.090774,0.162173,0.044246,0.092992,-0.018125,-0.040976,0.161461,0.094207,0.011480,0.260448,-0.186584,0.251351,-0.127345,0.304564,71.648068,-4.940322,-25.587621,-0.107815,3.158271,-0.000123,-0.379487,-0.685363,-0.621504,-0.504923,-0.409479,0.759855,-0.775270,0.602166,-0.190663
8.920000,0.748468,-0.670524,-0.304793,-0.063373,0.106756,-0.138438,-2.217859,0.889351,1.875180,0.261826,-0.019625,-0.080004,-0.377884,2.428492,-0.629691,-2.205306,0.473647,0.167218,0.736484,-0.196214,-0.089839,0.162280,0.046820,0.091139,-0.015634,-0.042248,0.160926,0.093473,0.010704,0.257456,-0.185274,0.249092,-0.127268,0.306842,71.681641,-4.898481,-25.562924,-0.081121,3.123359,-0.000122,-0.379742,-0.685807,-0.620858,-0.502584,-0.410506,0.760851,-0.776663,0.600960,-0.188789
8.930000,0.747834,-0.669457,-0.306176,-0.063292,0.106619,-0.138259,-2.220410,0.891557,1.872924,0.261205,-0.020575,-0.079588,-0.379830,2.427603,-0.628067,-2.204813,0.474540,0.167086,0.736049,-0.194610,-0.088912,0.162380,0.049365,0.089300,-0.013165,-0.043520,0.160362,0.092744,0.009938,0.254469,-0.183942,0.246839,-0.127157,0.308987,71.714510,-4.856836,-25.538383,-0.054637,3.088597,-0.000122,-0.379986,-0.686256,-0.620213,-0.500248,-0.411529,0.761837,-0.778051,0.599748,-0.186923
8.940000,0.747202,-0.668391,-0.307558,-0.063209,0.106480,-0.138080,-2.222958,0.893760,1.870671,0.260578,-0.021520,-0.079174,-0.381761,2.426723,-0.626442,-2.204294,0.475415,0.166979,0.735601,-0.193012,-0.087991,0.162471,0.051880,0.087474,-0.010720,-0.044790,0.159770,0.092020,0.009181,0.251487,-0.182588,0.244591,-0.127014,0.311003,71.746682,-4.815385,-25.513995,-0.028363,3.053984,-0.000122,-0.380218,-0.686709,-0.619568,-0.497914,-0.412547,0.762815,-0.779433,0.598528,-0.185064
8.950000,0.746570,-0.667327,-0.308938,-0.063127,0.106341,-0.137900,-2.225503,0.895960,1.868421,0.259947,-0.022460,-0.078761,-0.383675,2.425852,-0.624816,-2.203750,0.476271,0.166896,0.735141,-0.191421,-0.087078,0.162556,0.054365,0.085662,-0.008296,-0.046058,0.159152,0.091302,0.008434,0.248513,-0.181214,0.242350,-0.126838,0.312891,71.778162,-4.774131,-25.489757,-0.002300,3.019522,-0.000122,-0.380439,-0.687167,-0.618925,-0.495584,-0.413561,0.763783,-0.780809,0.597302,-0.183214
8.960000,0.745939,-0.666265,-0.310316,-0.063044,0.106201,-0.137718,-2.228045,0.898157,1.866175,0.259311,-0.023396,-0.078349,-0.385573,2.424991,-0.623190,-2.203182,0.477110,0.166837,0.734667,-0.189836,-0.086173,0.162633,0.056821,0.083864,-0.005895,-0.047325,0.158509,0.090588,0.007696,0.245546,-0.179819,0.240116,-0.126631,0.314654,71.808956,-4.733072,-25.465665,0.023550,2.985211,-0.000122,-0.380648,-0.687629,-0.618283,-0.493256,-0.414570,0.764742,-0.782180,0.596069,-0.181372
8.970000,0.745309,-0.665203,-0.311692,-0.062960,0.106060,-0.137535,-2.230583,0.900352,1.863931,0.258671,-0.024326,-0.077939,-0.387456,2.424138,-0.621563,-2.202589,0.477931,0.166802,0.734182,-0.188257,-0.085274,0.162702,0.059247,0.082080,-0.003516,-0.048589,0.157841,0.089879,0.006967,0.242589,-0.178406,0.237890,-0.126393,0.316295,71.839070,-4.692210,-25.441716,0.049188,2.951052,-0.000122,-0.380846,-0.688095,-0.617642,-0.490931,-0.415574,0.765692,-0.783545,0.594830,-0.179537
8.980000,0.744680,-0.664143,-0.313067,-0.062876,0.105919,-0.137352,-2.233118,0.902543,1.861690,0.258026,-0.025252,-0.077531,-0.389323,2.423294,-0.619935,-2.201973,0.478734,0.166790,0.733683,-0.186686,-0.084382,0.162765,0.061643,0.080310,-0.001159,-0.049850,0.157150,0.089176,0.006247,0.239641,-0.176974,0.235672,-0.126125,0.317816,71.868510,-4.651545,-25.417907,0.074612,2.917044,-0.000122,-0.381032,-0.688566,-0.617002,-0.488609,-0.416575,0.766634,-0.784905,0.593585,-0.177711
8.990000,0.744052,-0.663085,-0.314439,-0.062791,0.105776,-0.137167,-2.235649,0.904732,1.859452,0.257377,-0.026173,-0.077124,-0.391174,2.422459,-0.618307,-2.201333,0.479519,0.166802,0.733172,-0.185122,-0.083497,0.162820,0.064010,0.078555,0.001175,-0.051108,0.156436,0.088477,0.005536,0.236704,-0.175526,0.233462,-0.125828,0.319220,71.897282,-4.611077,-25.394234,0.099822,2.883189,-0.000121,-0.381207,-0.689041,-0.616363,-0.486289,-0.417570,0.767566,-0.786259,0.592333,-0.175893
9.000000,0.743424,-0.662028,-0.315810,-0.062706,0.105633,-0.136981,-2.238177,0.906917,1.857217,0.256724,-0.027089,-0.076718,-0.393009,2.421633,-0.616679,-2.200669,0.480287,0.166837,0.732648,-0.183564,-0.082619,0.162869,0.066348,0.076814,0.003488,-0.052363,0.155702,0.087783,0.004833,0.233778,-0.174061,0.231261,-0.125501,0.320509,71.925392,-4.570806,-25.370694,0.124817,2.849487,-0.000121,-0.381371,-0.689520,-0.615726,-0.483973,-0.418561,0.768490,-0.787608,0.591075,-0.174082
9.010000,0.742798,-0.660972,-0.317179,-0.062621,0.105488,-0.136794,-2.240701,0.909100,1.854985,0.256066,-0.028000,-0.076314,-0.394830,2.420816,-0.615049,-2.199983,0.481038,0.166895,0.732112,-0.182015,-0.081748,0.162910,0.068656,0.075088,0.005779,-0.053615,0.154947,0.087095,0.004139,0.230864,-0.172581,0.229070,-0.125147,0.321686,71.952845,-4.530732,-25.347284,0.149597,2.815939,-0.000121,-0.381523,-0.690003,-0.615090,-0.481660,-0.419547,0.769405,-0.788951,0.589810,-0.172280
9.020000,0.742172,-0.659918,-0.318546,-0.062535,0.105343,-0.136606,-2.243223,0.911279,1.852756,0.255404,-0.028906,-0.075911,-0.396634,2.420007,-0.613420,-2.199273,0.481772,0.166975,0.731564,-0.180473,-0.080884,0.162945,0.070936,0.073377,0.008048,-0.054862,0.154172,0.086411,0.003454,0.227963,-0.171087,0.226888,-0.124765,0.322753,71.979648,-4.490855,-25.324002,0.174162,2.782544,-0.000121,-0.381664,-0.690491,-0.614455,-0.479351,-0.420528,0.770311,-0.790288,0.588540,-0.170487
9.030000,0.741547,-0.658865,-0.319911,-0.062448,0.105198,-0.136417,-2.245740,0.913456,1.850530,0.254738,-0.029807,-0.075510,-0.398424,2.419206,-0.611790,-2.198542,0.482489,0.167078,0.731003,-0.178940,-0.080027,0.162972,0.073187,0.071681,0.010295,-0.056106,0.153379,0.085732,0.002777,0.225076,-0.169578,0.224716,-0.124356,0.323714,72.005806,-4.451175,-25.300843,0.198511,2.749303,-0.000121,-0.381794,-0.690982,-0.613822,-0.477044,-0.421505,0.771209,-0.791620,0.587263,-0.168701
9.040000,0.740923,-0.657814,-0.321274,-0.062361,0.105051,-0.136227,-2.248254,0.915629,1.848308,0.254067,-0.030702,-0.075110,-0.400198,2.418415,-0.610160,-2.197788,0.483189,0.167203,0.730429,-0.177414,-0.079176,0.162993,0.075409,0.070001,0.012520,-0.057345,0.152569,0.085059,0.002108,0.222204,-0.168058,0.222555,-0.123921,0.324570,72.031324,-4.411691,-25.277804,0.222644,2.716217,-0.000121,-0.381913,-0.691477,-0.613190,-0.474741,-0.422477,0.772098,-0.792946,0.585980,-0.166923
9.050000,0.740300,-0.656764,-0.322636,-0.062273,0.104903,-0.136035,-2.250765,0.917800,1.846088,0.253393,-0.031593,-0.074711,-0.401957,2.417631,-0.608530,-2.197011,0.483872,0.167351,0.729843,-0.175896,-0.078332,0.163008,0.077602,0.068336,0.014724,-0.058580,0.151741,0.084390,0.001448,0.219346,-0.166525,0.220405,-0.123460,0.325324,72.056209,-4.372403,-25.254883,0.246561,2.683286,-0.000120,-0.382020,-0.691976,-0.612560,-0.472441,-0.423444,0.772978,-0.794267,0.584692,-0.165154
9.060000,0.739678,-0.655716,-0.323995,-0.062185,0.104755,-0.135843,-2.253272,0.919968,1.843872,0.252714,-0.032479,-0.074314,-0.403701,2.416856,-0.606900,-2.196214,0.484539,0.167520,0.729245,-0.174387,-0.077495,0.163016,0.079767,0.066686,0.016907,-0.059810,0.150899,0.083726,0.000795,0.216504,-0.164981,0.218265,-0.122975,0.325978,72.080466,-4.333312,-25.232077,0.270262,2.650511,-0.000120,-0.382117,-0.692479,-0.611931,-0.470145,-0.424406,0.773850,-0.795582,0.583397,-0.163393
9.070000,0.739056,-0.654669,-0.325352,-0.062097,0.104606,-0.135650,-2.255775,0.922132,1.841658,0.252031,-0.033360,-0.073919,-0.405430,2.416090,-0.605270,-2.195395,0.485190,0.167710,0.728635,-0.172887,-0.076665,0.163017,0.081904,0.065052,0.019068,-0.061034,0.150041,0.083067,0.000150,0.213679,-0.163427,0.216138,-0.122465,0.326536,72.104101,-4.294416,-25.209383,0.293746,2.617891,-0.000120,-0.382202,-0.692986,-0.611303,-0.467852,-0.425363,0.774713,-0.796891,0.582097,-0.161640
9.080000,0.738436,-0.653624,-0.326708,-0.062008,0.104456,-0.135455,-2.258275,0.924293,1.839448,0.251344,-0.034235,-0.073525,-0.407144,2.415331,-0.603640,-2.194555,0.485824,0.167922,0.728012,-0.171395,-0.075840,0.163012,0.084013,0.063433,0.021209,-0.062253,0.149169,0.082413,-0.000487,0.210870,-0.161863,0.214022,-0.121931,0.326999,72.127119,-4.255715,-25.186797,0.317014,2.585427,-0.000120,-0.382277,-0.693497,-0.610678,-0.465563,-0.426315,0.775568,-0.798195,0.580791,-0.159896
9.090000,0.737816,-0.652580,-0.328062,-0.061918,0.104305,-0.135260,-2.260771,0.926451,1.837241,0.250653,-0.035105,-0.073133,-0.408843,2.414581,-0.602010,-2.193694,0.486442,0.168156,0.727378,-0.169912,-0.075023,0.163001,0.086094,0.061830,0.023328,-0.063467,0.148284,0.081764,-0.001116,0.208079,-0.160290,0.211918,-0.121375,0.327370,72.149526,-4.217209,-25.164317,0.340065,2.553120,-0.000120,-0.382340,-0.694011,-0.610053,-0.463278,-0.427263,0.776415,-0.799493,0.579479,-0.158160
9.100000,0.737197,-0.651538,-0.329413,-0.061828,0.104154,-0.135063,-2.263264,0.928607,1.835038,0.249959,-0.035970,-0.072742,-0.410527,2.413839,-0.600380,-2.192812,0.487045,0.168410,0.726731,-0.168439,-0.074212,0.162984,0.088147,0.060243,0.025426,-0.064675,0.147386,0.081120,-0.001738,0.205305,-0.158710,0.209826,-0.120796,0.327651,72.171327,-4.178897,-25.141940,0.362900,2.520970,-0.000120,-0.382393,-0.694528,-0.609431,-0.460996,-0.428205,0.777254,-0.800786,0.578161,-0.156432
9.110000,0.736579,-0.650497,-0.330763,-0.061738,0.104002,-0.134866,-2.265753,0.930758,1.832837,0.249260,-0.036830,-0.072353,-0.412197,2.413105,-0.598750,-2.191911,0.487631,0.168685,0.726072,-0.166974,-0.073407,0.162960,0.090172,0.058672,0.027503,-0.065877,0.146477,0.080481,-0.002352,0.202550,-0.157122,0.207746,-0.120195,0.327844,72.192529,-4.140778,-25.119663,0.385519,2.488977,-0.000120,-0.382435,-0.695050,-0.608810,-0.458718,-0.429143,0.778084,-0.802073,0.576839,-0.154713
9.120000,0.735963,-0.649458,-0.332111,-0.061647,0.103848,-0.134667,-2.268239,0.932907,1.830640,0.248558,-0.037685,-0.071965,-0.413852,2.412379,-0.597121,-2.190989,0.488203,0.168981,0.725401,-0.165518,-0.072608,0.162931,0.092170,0.057116,0.029560,-0.067073,0.145557,0.079847,-0.002959,0.199814,-0.155528,0.205680,-0.119573,0.327953,72.213136,-4.102852,-25.097483,0.407922,2.457141,-0.000119,-0.382466,-0.695574,-0.608191,-0.456444,-0.430075,0.778906,-0.803355,0.575510,-0.153002
9.130000,0.735346,-0.648420,-0.333456,-0.061556,0.103695,-0.134468,-2.270720,0.935053,1.828446,0.247851,-0.038534,-0.071578,-0.415493,2.411661,-0.595492,-2.190047,0.488758,0.169297,0.724719,-0.164072,-0.071816,0.162895,0.094141,0.055577,0.031597,-0.068262,0.144627,0.079218,-0.003559,0.197097,-0.153928,0.203626,-0.118930,0.327979,72.233153,-4.065117,-25.075397,0.430109,2.425464,-0.000119,-0.382486,-0.696102,-0.607574,-0.454174,-0.431003,0.779720,-0.804630,0.574176,-0.151299
9.140000,0.734731,-0.647384,-0.334800,-0.061464,0.103540,-0.134267,-2.273198,0.937195,1.826255,0.247141,-0.039378,-0.071193,-0.417119,2.410950,-0.593864,-2.189087,0.489299,0.169633,0.724024,-0.162635,-0.071030,0.162854,0.096085,0.054054,0.033612,-0.069445,0.143687,0.078593,-0.004151,0.194400,-0.152322,0.201586,-0.118268,0.327924,72.252587,-4.027574,-25.053404,0.452080,2.393944,-0.000119,-0.382496,-0.696634,-0.606958,-0.451908,-0.431925,0.780526,-0.805901,0.572837,-0.149605
9.150000,0.734117,-0.646349,-0.336142,-0.061372,0.103384,-0.134065,-2.275673,0.939334,1.824067,0.246428,-0.040217,-0.070810,-0.418731,2.410248,-0.592236,-2.188107,0.489824,0.169989,0.723318,-0.161208,-0.070250,0.162806,0.098002,0.052547,0.035608,-0.070621,0.142738,0.077973,-0.004737,0.191722,-0.150713,0.199558,-0.117586,0.327792,72.271442,-3.990222,-25.031499,0.473836,2.362583,-0.000119,-0.382495,-0.697168,-0.606345,-0.449646,-0.432842,0.781323,-0.807165,0.571493,-0.147919
9.160000,0.733504,-0.645316,-0.337481,-0.061279,0.103228,-0.133863,-2.278143,0.941470,1.821883,0.245711,-0.041050,-0.070428,-0.420329,2.409553,-0.590608,-2.187108,0.490335,0.170365,0.722600,-0.159790,-0.069477,0.162753,0.099893,0.051056,0.037583,-0.071790,0.141782,0.077359,-0.005316,0.189066,-0.149099,0.197544,-0.116885,0.327584,72.289725,-3.953059,-25.009681,0.495377,2.331381,-0.000119,-0.382484,-0.697706,-0.605733,-0.447388,-0.433754,0.782113,-0.808424,0.570143,-0.146242
9.170000,0.732892,-0.644285,-0.338819,-0.061186,0.103071,-0.133659,-2.280610,0.943603,1.819702,0.244990,-0.041878,-0.070048,-0.421913,2.408866,-0.588981,-2.186090,0.490831,0.170760,0.721871,-0.158382,-0.068709,0.162694,0.101757,0.049581,0.039539,-0.072951,0.140818,0.076749,-0.005887,0.186430,-0.147483,0.195544,-0.116166,0.327302,72.307439,-3.916084,-24.987947,0.516704,2.300338,-0.000119,-0.382462,-0.698247,-0.605123,-0.445134,-0.434661,0.782895,-0.809678,0.568788,-0.144573
9.180000,0.732280,-0.643255,-0.340154,-0.061092,0.102913,-0.133454,-2.283073,0.945733,1.817525,0.244265,-0.042700,-0.069669,-0.423483,2.408187,-0.587355,-2.185054,0.491312,0.171175,0.721130,-0.156983,-0.067948,0.162630,0.103596,0.048122,0.041474,-0.074106,0.139847,0.076144,-0.006452,0.183815,-0.145864,0.193558,-0.115429,0.326948,72.324591,-3.879298,-24.966294,0.537817,2.269454,-0.000118,-0.382429,-0.698792,-0.604515,-0.442885,-0.435563,0.783669,-0.810926,0.567429,-0.142912
9.190000,0.731670,-0.642226,-0.341488,-0.060998,0.102754,-0.133248,-2.285532,0.947859,1.815350,0.243538,-0.043517,-0.069292,-0.425039,2.407515,-0.585729,-2.184000,0.491779,0.171609,0.720377,-0.155595,-0.067193,0.162560,0.105408,0.046680,0.043390,-0.075252,0.138870,0.075543,-0.007011,0.181221,-0.144242,0.191585,-0.114676,0.326525,72.341186,-3.842699,-24.944720,0.558716,2.238729,-0.000118,-0.382386,-0.699339,-0.603909,-0.440640,-0.436459,0.784436,-0.812168,0.566064,-0.141261
9.200000,0.731060,-0.641200,-0.342819,-0.060903,0.102595,-0.133042,-2.287988,0.949982,1.813179,0.242806,-0.044328,-0.068916,-0.426581,2.406850,-0.584104,-2.182928,0.492231,0.172062,0.719613,-0.154216,-0.066443,0.162484,0.107194,0.045254,0.045287,-0.076391,0.137888,0.074948,-0.007562,0.178649,-0.142620,0.189626,-0.113906,0.326035,72.357229,-3.806285,-24.923222,0.579402,2.208165,-0.000118,-0.382333,-0.699889,-0.603305,-0.438399,-0.437351,0.785194,-0.813405,0.564694,-0.139617
9.210000,0.730452,-0.640175,-0.344149,-0.060808,0.102435,-0.132834,-2.290440,0.952101,1.811012,0.242072,-0.045134,-0.068542,-0.428109,2.406193,-0.582480,-2.181838,0.492670,0.172533,0.718838,-0.152847,-0.065699,0.162403,0.108955,0.043844,0.047163,-0.077523,0.136900,0.074357,-0.008108,0.176099,-0.140997,0.187682,-0.113120,0.325479,72.372724,-3.770056,-24.901798,0.599875,2.177760,-0.000118,-0.382269,-0.700442,-0.602703,-0.436163,-0.438237,0.785945,-0.814636,0.563320,-0.137982
9.220000,0.729844,-0.639151,-0.345476,-0.060712,0.102274,-0.132625,-2.292887,0.954218,1.808848,0.241334,-0.045935,-0.068169,-0.429624,2.405544,-0.580857,-2.180732,0.493094,0.173023,0.718052,-0.151488,-0.064962,0.162316,0.110691,0.042450,0.049021,-0.078646,0.135908,0.073771,-0.008646,0.173571,-0.139374,0.185751,-0.112318,0.324861,72.387678,-3.734012,-24.880445,0.620137,2.147516,-0.000118,-0.382196,-0.700998,-0.602103,-0.433931,-0.439118,0.786689,-0.815862,0.561940,-0.136356
9.230000,0.729238,-0.638129,-0.346801,-0.060616,0.102112,-0.132415,-2.295331,0.956331,1.806687,0.240592,-0.046730,-0.067798,-0.431125,2.404901,-0.579235,-2.179608,0.493505,0.173532,0.717254,-0.150139,-0.064230,0.162225,0.112402,0.041073,0.050859,-0.079761,0.134913,0.073189,-0.009179,0.171065,-0.137751,0.183835,-0.111502,0.324181,72.402095,-3.698150,-24.859161,0.640187,2.117432,-0.000118,-0.382111,-0.701557,-0.601505,-0.431704,-0.439994,0.787424,-0.817082,0.560556,-0.134739
9.240000,0.728632,-0.637109,-0.348124,-0.060520,0.101949,-0.132205,-2.297771,0.958440,1.804530,0.239848,-0.047519,-0.067428,-0.432613,2.404266,-0.577614,-2.178467,0.493902,0.174059,0.716445,-0.148799,-0.063504,0.162128,0.114087,0.039711,0.052679,-0.080867,0.133914,0.072613,-0.009705,0.168581,-0.136128,0.181933,-0.110671,0.323442,72.415981,-3.662470,-24.837943,0.660027,2.087509,-0.000118,-0.382017,-0.702119,-0.600909,-0.429481,-0.440864,0.788153,-0.818296,0.559167,-0.133129
9.250000,0.728027,-0.636090,-0.349445,-0.060423,0.101786,-0.131993,-2.300208,0.960547,1.802376,0.239100,-0.048303,-0.067060,-0.434088,2.403638,-0.575993,-2.177309,0.494286,0.174604,0.715626,-0.147470,-0.062783,0.162025,0.115749,0.038366,0.054479,-0.081966,0.132912,0.072041,-0.010225,0.166120,-0.134508,0.180045,-0.109826,0.322646,72.429340,-3.626971,-24.816790,0.679657,2.057746,-0.000117,-0.381913,-0.702683,-0.600316,-0.427264,-0.441729,0.788873,-0.819505,0.557774,-0.131529
9.260000,0.727423,-0.635073,-0.350764,-0.060326,0.101622,-0.131780,-2.302640,0.962649,1.800226,0.238349,-0.049082,-0.066693,-0.435550,2.403018,-0.574374,-2.176135,0.494656,0.175166,0.714795,-0.146151,-0.062069,0.161918,0.117385,0.037037,0.056261,-0.083055,0.131907,0.071473,-0.010739,0.163682,-0.132889,0.178172,-0.108968,0.321795,72.442177,-3.591652,-24.795699,0.699078,2.028145,-0.000117,-0.381799,-0.703250,-0.599724,-0.425050,-0.442589,0.789587,-0.820708,0.556376,-0.129937
9.270000,0.726821,-0.634058,-0.352081,-0.060228,0.101457,-0.131566,-2.305068,0.964749,1.798079,0.237595,-0.049854,-0.066328,-0.436998,2.402404,-0.572756,-2.174945,0.495013,0.175746,0.713954,-0.144842,-0.061359,0.161806,0.118998,0.035725,0.058024,-0.084136,0.130901,0.070911,-0.011247,0.161267,-0.131272,0.176313,-0.108097,0.320890,72.454497,-3.556511,-24.774668,0.718290,1.998705,-0.000117,-0.381674,-0.703820,-0.599135,-0.422842,-0.443443,0.790293,-0.821906,0.554974,-0.128354
9.280000,0.726219,-0.633044,-0.353395,-0.060129,0.101292,-0.131352,-2.307493,0.966845,1.795935,0.236838,-0.050621,-0.065965,-0.438434,2.401798,-0.571139,-2.173740,0.495358,0.176344,0.713102,-0.143543,-0.060656,0.161688,0.120587,0.034428,0.059769,-0.085208,0.129894,0.070353,-0.011749,0.158875,-0.129659,0.174468,-0.107214,0.319933,72.466306,-3.521548,-24.753694,0.737294,1.969426,-0.000117,-0.381540,-0.704392,-0.598548,-0.420639,-0.444292,0.790992,-0.823098,0.553567,-0.126779
9.290000,0.725618,-0.632032,-0.354708,-0.060031,0.101125,-0.131136,-2.309913,0.968938,1.793796,0.236077,-0.051383,-0.065603,-0.439856,2.401198,-0.569524,-2.172518,0.495689,0.176959,0.712239,-0.142254,-0.059958,0.161566,0.122152,0.033147,0.061495,-0.086272,0.128885,0.069799,-0.012245,0.156505,-0.128048,0.172638,-0.106319,0.318926,72.477608,-3.486761,-24.732775,0.756092,1.940309,-0.000117,-0.381396,-0.704966,-0.597963,-0.418440,-0.445136,0.791683,-0.824285,0.552156,-0.125213
9.300000,0.725018,-0.631021,-0.356018,-0.059932,0.100958,-0.130919,-2.312330,0.971027,1.791659,0.235314,-0.052139,-0.065242,-0.441266,2.400605,-0.567909,-2.171281,0.496008,0.177591,0.711366,-0.140976,-0.059265,0.161438,0.123693,0.031883,0.063203,-0.087326,0.127876,0.069250,-0.012735,0.154159,-0.126441,0.170822,-0.105413,0.317871,72.488407,-3.452150,-24.711910,0.774684,1.911353,-0.000117,-0.381242,-0.705543,-0.597380,-0.416246,-0.445974,0.792367,-0.825466,0.550741,-0.123656
9.310000,0.724419,-0.630013,-0.357326,-0.059832,0.100791,-0.130702,-2.314742,0.973112,1.789526,0.234548,-0.052889,-0.064883,-0.442663,2.400020,-0.566296,-2.170029,0.496314,0.178240,0.710482,-0.139707,-0.058578,0.161306,0.125212,0.030635,0.064893,-0.088371,0.126867,0.068706,-0.013220,0.151836,-0.124839,0.169021,-0.104495,0.316770,72.498709,-3.417712,-24.691096,0.793071,1.882560,-0.000116,-0.381078,-0.706122,-0.596800,-0.414058,-0.446807,0.793044,-0.826641,0.549322,-0.122107
9.320000,0.723822,-0.629006,-0.358632,-0.059732,0.100622,-0.130483,-2.317150,0.975195,1.787397,0.233779,-0.053633,-0.064526,-0.444047,2.399441,-0.564684,-2.168762,0.496608,0.178906,0.709588,-0.138448,-0.057897,0.161169,0.126707,0.029402,0.066566,-0.089406,0.125858,0.068166,-0.013699,0.149536,-0.123241,0.167234,-0.103568,0.315624,72.508519,-3.383448,-24.670331,0.811253,1.853928,-0.000116,-0.380905,-0.706704,-0.596222,-0.411874,-0.447635,0.793715,-0.827811,0.547898,-0.120567
9.330000,0.723225,-0.628000,-0.359936,-0.059631,0.100453,-0.130264,-2.319555,0.977273,1.785271,0.233008,-0.054372,-0.064170,-0.445419,2.398868,-0.563074,-2.167480,0.496890,0.179588,0.708684,-0.137200,-0.057220,0.161027,0.128180,0.028186,0.068220,-0.090433,0.124850,0.067630,-0.014172,0.147259,-0.121648,0.165462,-0.102630,0.314434,72.517841,-3.349355,-24.649614,0.829232,1.825458,-0.000116,-0.380722,-0.707288,-0.595647,-0.409696,-0.448457,0.794378,-0.828976,0.546471,-0.119035
9.340000,0.722629,-0.626997,-0.361237,-0.059530,0.100283,-0.130043,-2.321955,0.979349,1.783149,0.232233,-0.055105,-0.063816,-0.446779,2.398303,-0.561465,-2.166184,0.497160,0.180286,0.707769,-0.135961,-0.056549,0.160881,0.129630,0.026985,0.069857,-0.091450,0.123842,0.067099,-0.014640,0.145005,-0.120060,0.163704,-0.101683,0.313203,72.526679,-3.315433,-24.628941,0.847009,1.797151,-0.000116,-0.380529,-0.707874,-0.595073,-0.407522,-0.449274,0.795034,-0.830134,0.545039,-0.117512
9.350000,0.722034,-0.625995,-0.362537,-0.059429,0.100112,-0.129822,-2.324351,0.981420,1.781031,0.231456,-0.055832,-0.063463,-0.448126,2.397744,-0.559858,-2.164873,0.497418,0.181001,0.706844,-0.134733,-0.055884,0.160730,0.131058,0.025800,0.071477,-0.092457,0.122836,0.066572,-0.015102,0.142774,-0.118477,0.161960,-0.100726,0.311932,72.535039,-3.281680,-24.608311,0.864584,1.769006,-0.000116,-0.380327,-0.708462,-0.594502,-0.405354,-0.450085,0.795683,-0.831288,0.543604,-0.115998
9.360000,0.721440,-0.624994,-0.363834,-0.059327,0.099940,-0.129599,-2.326744,0.983489,1.778916,0.230676,-0.056553,-0.063111,-0.449461,2.397192,-0.558252,-2.163549,0.497664,0.181732,0.705910,-0.133515,-0.055223,0.160574,0.132463,0.024631,0.073079,-0.093454,0.121832,0.066050,-0.015559,0.140567,-0.116901,0.160230,-0.099761,0.310623,72.542925,-3.248096,-24.587723,0.881959,1.741023,-0.000116,-0.380116,-0.709052,-0.593934,-0.403191,-0.450891,0.796325,-0.832435,0.542165,-0.114493
9.370000,0.720848,-0.623996,-0.365129,-0.059225,0.099768,-0.129376,-2.329132,0.985553,1.776805,0.229894,-0.057269,-0.062762,-0.450785,2.396646,-0.556648,-2.162210,0.497899,0.182479,0.704965,-0.132306,-0.054568,0.160414,0.133847,0.023478,0.074664,-0.094442,0.120829,0.065532,-0.016010,0.138383,-0.115331,0.158515,-0.098787,0.309276,72.550342,-3.214678,-24.567174,0.899135,1.713203,-0.000115,-0.379895,-0.709644,-0.593368,-0.401034,-0.451691,0.796961,-0.833578,0.540722,-0.112996
9.380000,0.720256,-0.622999,-0.366421,-0.059122,0.099595,-0.129152,-2.331516,0.987614,1.774697,0.229109,-0.057979,-0.062414,-0.452096,2.396107,-0.555046,-2.160858,0.498123,0.183241,0.704011,-0.131108,-0.053918,0.160250,0.135209,0.022340,0.076233,-0.095420,0.119829,0.065018,-0.016456,0.136221,-0.113768,0.156814,-0.097806,0.307894,72.557294,-3.181427,-24.546663,0.916112,1.685545,-0.000115,-0.379664,-0.710238,-0.592804,-0.398882,-0.452486,0.797590,-0.834715,0.539275,-0.111508
9.390000,0.719665,-0.622004,-0.367712,-0.059019,0.099422,-0.128927,-2.333895,0.989672,1.772593,0.228321,-0.058683,-0.062067,-0.453395,2.395574,-0.553445,-2.159492,0.498335,0.184019,0.703047,-0.129920,-0.053273,0.160081,0.136550,0.021218,0.077784,-0.096389,0.118831,0.064509,-0.016897,0.134083,-0.112211,0.155127,-0.096817,0.306478,72.563786,-3.148340,-24.526188,0.932892,1.658050,-0.000115,-0.379425,-0.710834,-0.592243,-0.396735,-0.453276,0.798212,-0.835846,0.537825,-0.110029
9.400000,0.719075,-0.621010,-0.369000,-0.058916,0.099247,-0.128700,-2.336271,0.991726,1.770493,0.227531,-0.059381,-0.061722,-0.454682,2.395048,-0.551846,-2.158114,0.498536,0.184812,0.702074,-0.128742,-0.052633,0.159907,0.137870,0.020112,0.079318,-0.097347,0.117836,0.064004,-0.017333,0.131968,-0.110662,0.153454,-0.095821,0.305028,72.569821,-3.115416,-24.505746,0.949475,1.630717,-0.000115,-0.379176,-0.711432,-0.591684,-0.394594,-0.454060,0.798827,-0.836972,0.536371,-0.108558
9.410000,0.718487,-0.620019,-0.370286,-0.058812,0.099072,-0.128473,-2.338642,0.993776,1.768396,0.226738,-0.060074,-0.061378,-0.455958,2.394528,-0.550249,-2.156722,0.498726,0.185620,0.701091,-0.127573,-0.051998,0.159730,0.139169,0.019021,0.080836,-0.098295,0.116845,0.063503,-0.017763,0.129875,-0.109120,0.151795,-0.094818,0.303548,72.575406,-3.082655,-24.485337,0.965863,1.603547,-0.000115,-0.378918,-0.712032,-0.591128,-0.392458,-0.454839,0.799436,-0.838092,0.534914,-0.107097
9.420000,0.717899,-0.619029,-0.371569,-0.058707,0.098896,-0.128245,-2.341010,0.995822,1.766304,0.225944,-0.060760,-0.061036,-0.457222,2.394014,-0.548653,-2.155318,0.498905,0.186444,0.700099,-0.126415,-0.051368,0.159548,0.140447,0.017945,0.082338,-0.099233,0.115856,0.063006,-0.018188,0.127805,-0.107586,0.150150,-0.093809,0.302037,72.580543,-3.050054,-24.464958,0.982058,1.576540,-0.000115,-0.378651,-0.712633,-0.590574,-0.390328,-0.455612,0.800039,-0.839206,0.533453,-0.105643
9.430000,0.717313,-0.618041,-0.372851,-0.058603,0.098720,-0.128016,-2.343373,0.997865,1.764214,0.225146,-0.061441,-0.060696,-0.458475,2.393507,-0.547059,-2.153901,0.499074,0.187282,0.699097,-0.125266,-0.050742,0.159362,0.141704,0.016884,0.083823,-0.100161,0.114871,0.062513,-0.018609,0.125758,-0.106060,0.148519,-0.092793,0.300497,72.585238,-3.017614,-24.444608,0.998059,1.549695,-0.000114,-0.378374,-0.713236,-0.590023,-0.388204,-0.456379,0.800635,-0.840316,0.531989,-0.104199
9.440000,0.716727,-0.617055,-0.374130,-0.058497,0.098543,-0.127787,-2.345731,0.999905,1.762129,0.224347,-0.062116,-0.060357,-0.459716,2.393006,-0.545468,-2.152471,0.499233,0.188135,0.698086,-0.124127,-0.050122,0.159172,0.142942,0.015839,0.085292,-0.101079,0.113890,0.062025,-0.019024,0.123733,-0.104543,0.146901,-0.091772,0.298930,72.589494,-2.985332,-24.424286,1.013868,1.523014,-0.000114,-0.378089,-0.713841,-0.589474,-0.386085,-0.457141,0.801224,-0.841419,0.530521,-0.102763
9.450000,0.716143,-0.616070,-0.375406,-0.058392,0.098365,-0.127556,-2.348086,1.001940,1.760047,0.223545,-0.062785,-0.060019,-0.460946,2.392511,-0.543878,-2.151030,0.499381,0.189002,0.697066,-0.122998,-0.049507,0.158977,0.144159,0.014808,0.086745,-0.101986,0.112913,0.061540,-0.019435,0.121731,-0.103033,0.145297,-0.090746,0.297337,72.593316,-2.953208,-24.403989,1.029487,1.496494,-0.000114,-0.377795,-0.714447,-0.588928,-0.383972,-0.457898,0.801807,-0.842518,0.529051,-0.101336
9.460000,0.715559,-0.615087,-0.376681,-0.058286,0.098186,-0.127324,-2.350436,1.003972,1.757970,0.222741,-0.063448,-0.059684,-0.462165,2.392022,-0.542290,-2.149576,0.499519,0.189884,0.696038,-0.121878,-0.048896,0.158779,0.145356,0.013793,0.088182,-0.102883,0.111940,0.061060,-0.019840,0.119751,-0.101533,0.143707,-0.089715,0.295718,72.596708,-2.921240,-24.383717,1.044916,1.470138,-0.000114,-0.377492,-0.715055,-0.588384,-0.381865,-0.458649,0.802384,-0.843611,0.527577,-0.099918
9.470000,0.714977,-0.614106,-0.377953,-0.058179,0.098007,-0.127092,-2.352782,1.006001,1.755896,0.221935,-0.064105,-0.059349,-0.463373,2.391539,-0.540704,-2.148111,0.499647,0.190780,0.695000,-0.120769,-0.048290,0.158576,0.146534,0.012793,0.089603,-0.103770,0.110971,0.060583,-0.020241,0.117793,-0.100041,0.142130,-0.088679,0.294075,72.599675,-2.889428,-24.363467,1.060157,1.443945,-0.000114,-0.377181,-0.715664,-0.587843,-0.379763,-0.459395,0.802955,-0.844698,0.526100,-0.098508
9.480000,0.714396,-0.613127,-0.379223,-0.058072,0.097827,-0.126858,-2.355124,1.008025,1.753825,0.221127,-0.064757,-0.059016,-0.464569,2.391062,-0.539121,-2.146634,0.499765,0.191690,0.693953,-0.119669,-0.047689,0.158370,0.147693,0.011807,0.091009,-0.104646,0.110008,0.060110,-0.020636,0.115857,-0.098559,0.140566,-0.087639,0.292409,72.602220,-2.857769,-24.343238,1.075211,1.417914,-0.000114,-0.376860,-0.716275,-0.587305,-0.377668,-0.460135,0.803519,-0.845780,0.524620,-0.097108
9.490000,0.713816,-0.612150,-0.380490,-0.057965,0.097646,-0.126624,-2.357461,1.010046,1.751759,0.220317,-0.065402,-0.058685,-0.465755,2.390591,-0.537539,-2.145145,0.499873,0.192614,0.692898,-0.118578,-0.047093,0.158160,0.148832,0.010836,0.092399,-0.105512,0.109048,0.059641,-0.021027,0.113943,-0.097086,0.139016,-0.086595,0.290722,72.604348,-2.826263,-24.323029,1.090078,1.392045,-0.000114,-0.376531,-0.716887,-0.586769,-0.375578,-0.460869,0.804077,-0.846856,0.523138,-0.095715
9.500000,0.713236,-0.611174,-0.381755,-0.057857,0.097464,-0.126388,-2.359794,1.012063,1.749696,0.219505,-0.066042,-0.058355,-0.466930,2.390126,-0.535960,-2.143646,0.499972,0.193552,0.691835,-0.117497,-0.046501,0.157946,0.149953,0.009880,0.093774,-0.106368,0.108094,0.059176,-0.021414,0.112051,-0.095622,0.137478,-0.085548,0.289013,72.606063,-2.794909,-24.302838,1.104761,1.366340,-0.000113,-0.376193,-0.717500,-0.586236,-0.373494,-0.461598,0.804630,-0.847927,0.521652,-0.094332
9.510000,0.712658,-0.610201,-0.383018,-0.057749,0.097282,-0.126152,-2.362123,1.014076,1.747637,0.218690,-0.066675,-0.058027,-0.468094,2.389667,-0.534382,-2.142135,0.500061,0.194503,0.690762,-0.116426,-0.045914,0.157728,0.151055,0.008938,0.095134,-0.107213,0.107145,0.058715,-0.021795,0.110180,-0.094168,0.135954,-0.084496,0.287285,72.607368,-2.763705,-24.282664,1.119261,1.340797,-0.000113,-0.375847,-0.718114,-0.585705,-0.371417,-0.462322,0.805176,-0.848993,0.520164,-0.092957
9.520000,0.712081,-0.609229,-0.384278,-0.057641,0.097099,-0.125915,-2.364447,1.016086,1.745582,0.217874,-0.067303,-0.057701,-0.469248,2.389213,-0.532807,-2.140614,0.500141,0.195468,0.689682,-0.115364,-0.045331,0.157506,0.152138,0.008011,0.096478,-0.108047,0.106201,0.058257,-0.022172,0.108330,-0.092724,0.134443,-0.083442,0.285538,72.608269,-2.732651,-24.262505,1.133577,1.315416,-0.000113,-0.375492,-0.718730,-0.585178,-0.369345,-0.463040,0.805716,-0.850053,0.518672,-0.091591
9.530000,0.711506,-0.608259,-0.385536,-0.057532,0.096916,-0.125677,-2.366767,1.018092,1.743531,0.217056,-0.067925,-0.057375,-0.470391,2.388766,-0.531234,-2.139082,0.500212,0.196446,0.688593,-0.114311,-0.044753,0.157280,0.153203,0.007098,0.097807,-0.108871,0.105262,0.057804,-0.022544,0.106502,-0.091289,0.132944,-0.082385,0.283773,72.608768,-2.701745,-24.242361,1.147713,1.290198,-0.000113,-0.375129,-0.719347,-0.584652,-0.367279,-0.463753,0.806250,-0.851108,0.517178,-0.090234
9.540000,0.710931,-0.607290,-0.386792,-0.057423,0.096732,-0.125439,-2.369083,1.020094,1.741484,0.216237,-0.068540,-0.057052,-0.471524,2.388324,-0.529664,-2.137539,0.500274,0.197437,0.687496,-0.113268,-0.044180,0.157051,0.154250,0.006199,0.099122,-0.109684,0.104328,0.057353,-0.022912,0.104694,-0.089865,0.131458,-0.081326,0.281991,72.608870,-2.670986,-24.222229,1.161669,1.265142,-0.000113,-0.374757,-0.719965,-0.584130,-0.365220,-0.464460,0.806779,-0.852157,0.515682,-0.088886
9.550000,0.710357,-0.606324,-0.388045,-0.057313,0.096547,-0.125199,-2.371394,1.022092,1.739441,0.215415,-0.069150,-0.056730,-0.472646,2.387888,-0.528096,-2.135987,0.500327,0.198442,0.686392,-0.112234,-0.043611,0.156819,0.155279,0.005315,0.100422,-0.110487,0.103401,0.056907,-0.023275,0.102908,-0.088451,0.129984,-0.080264,0.280194,72.608579,-2.640373,-24.202109,1.175446,1.240249,-0.000113,-0.374377,-0.720584,-0.583610,-0.363166,-0.465161,0.807301,-0.853201,0.514183,-0.087546
9.560000,0.709785,-0.605359,-0.389296,-0.057203,0.096362,-0.124958,-2.373701,1.024086,1.737402,0.214592,-0.069754,-0.056409,-0.473758,2.387458,-0.526530,-2.134424,0.500372,0.199459,0.685279,-0.111209,-0.043046,0.156582,0.156290,0.004444,0.101707,-0.111279,0.102479,0.056464,-0.023634,0.101141,-0.087048,0.128523,-0.079200,0.278381,72.607898,-2.609904,-24.182000,1.189046,1.215517,-0.000112,-0.373989,-0.721204,-0.583093,-0.361119,-0.465857,0.807818,-0.854239,0.512681,-0.086215
9.570000,0.709213,-0.604397,-0.390544,-0.057092,0.096175,-0.124717,-2.376003,1.026077,1.735366,0.213767,-0.070352,-0.056090,-0.474860,2.387033,-0.524967,-2.132851,0.500408,0.200488,0.684158,-0.110193,-0.042486,0.156342,0.157284,0.003588,0.102978,-0.112060,0.101562,0.056024,-0.023988,0.099396,-0.085655,0.127074,-0.078135,0.276555,72.606832,-2.579580,-24.161900,1.202470,1.190948,-0.000112,-0.373593,-0.721825,-0.582578,-0.359078,-0.466548,0.808329,-0.855273,0.511177,-0.084892
9.580000,0.708643,-0.603436,-0.391790,-0.056981,0.095989,-0.124475,-2.378301,1.028063,1.733335,0.212941,-0.070944,-0.055773,-0.475952,2.386613,-0.523406,-2.131268,0.500435,0.201531,0.683030,-0.109187,-0.041930,0.156099,0.158261,0.002745,0.104234,-0.112831,0.100652,0.055588,-0.024338,0.097670,-0.084272,0.125638,-0.077068,0.274715,72.605384,-2.549398,-24.141808,1.215719,1.166541,-0.000112,-0.373189,-0.722446,-0.582067,-0.357043,-0.467233,0.808834,-0.856300,0.509671,-0.083578
9.590000,0.708074,-0.602477,-0.393034,-0.056870,0.095801,-0.124232,-2.380594,1.030046,1.731307,0.212113,-0.071530,-0.055456,-0.477034,2.386200,-0.521847,-2.129676,0.500454,0.202586,0.681894,-0.108189,-0.041378,0.155852,0.159221,0.001916,0.105476,-0.113591,0.099747,0.055156,-0.024683,0.095964,-0.082900,0.124213,-0.076000,0.272862,72.603559,-2.519358,-24.121723,1.228795,1.142295,-0.000112,-0.372776,-0.723069,-0.581558,-0.355015,-0.467913,0.809334,-0.857323,0.508162,-0.082273
9.600000,0.707505,-0.601520,-0.394275,-0.056758,0.095613,-0.123988,-2.382883,1.032025,1.729284,0.211283,-0.072110,-0.055142,-0.478106,2.385791,-0.520291,-2.128074,0.500465,0.203653,0.680751,-0.107201,-0.040831,0.155602,0.160163,0.001101,0.106704,-0.114340,0.098849,0.054726,-0.025024,0.094278,-0.081539,0.122800,-0.074931,0.270998,72.601359,-2.489458,-24.101643,1.241698,1.118211,-0.000112,-0.372356,-0.723692,-0.581051,-0.352993,-0.468587,0.809829,-0.858340,0.506652,-0.080977
9.610000,0.706938,-0.600565,-0.395513,-0.056646,0.095424,-0.123743,-2.385167,1.034000,1.727264,0.210452,-0.072684,-0.054829,-0.479168,2.385388,-0.518738,-2.126464,0.500468,0.204732,0.679600,-0.106221,-0.040288,0.155348,0.161090,0.000299,0.107918,-0.115079,0.097956,0.054300,-0.025360,0.092612,-0.080189,0.121399,-0.073861,0.269122,72.598789,-2.459697,-24.081569,1.254430,1.094289,-0.000112,-0.371928,-0.724316,-0.580548,-0.350977,-0.469256,0.810317,-0.859351,0.505139,-0.079689
9.620000,0.706372,-0.599611,-0.396750,-0.056534,0.095235,-0.123497,-2.387447,1.035971,1.725249,0.209620,-0.073252,-0.054518,-0.480220,2.384991,-0.517187,-2.124844,0.500464,0.205823,0.678442,-0.105251,-0.039749,0.155091,0.161999,-0.000490,0.109118,-0.115807,0.097070,0.053878,-0.025693,0.090965,-0.078850,0.120010,-0.072790,0.267237,72.595853,-2.430075,-24.061498,1.266992,1.070528,-0.000111,-0.371492,-0.724941,-0.580047,-0.348968,-0.469919,0.810801,-0.860358,0.503624,-0.078410
9.630000,0.705808,-0.598660,-0.397983,-0.056421,0.095045,-0.123251,-2.389723,1.037938,1.723237,0.208786,-0.073814,-0.054208,-0.481263,2.384599,-0.515638,-2.123215,0.500451,0.206926,0.677276,-0.104289,-0.039215,0.154831,0.162893,-0.001265,0.110305,-0.116524,0.096190,0.053458,-0.026020,0.089337,-0.077522,0.118632,-0.071720,0.265342,72.592553,-2.400590,-24.041429,1.279386,1.046929,-0.000111,-0.371048,-0.725566,-0.579549,-0.346965,-0.470577,0.811278,-0.861359,0.502107,-0.077140
9.640000,0.705244,-0.597711,-0.399215,-0.056308,0.094854,-0.123003,-2.391993,1.039901,1.721229,0.207951,-0.074370,-0.053899,-0.482297,2.384212,-0.514093,-2.121577,0.500431,0.208041,0.676104,-0.103336,-0.038684,0.154568,0.163770,-0.002027,0.111477,-0.117231,0.095316,0.053042,-0.026344,0.087728,-0.076205,0.117265,-0.070649,0.263438,72.588894,-2.371242,-24.021363,1.291613,1.023490,-0.000111,-0.370596,-0.726192,-0.579053,-0.344969,-0.471229,0.811751,-0.862354,0.500587,-0.075878
9.650000,0.704682,-0.596763,-0.400443,-0.056194,0.094663,-0.122755,-2.394260,1.041860,1.719226,0.207114,-0.074920,-0.053592,-0.483321,2.383830,-0.512550,-2.119931,0.500403,0.209167,0.674925,-0.102391,-0.038158,0.154301,0.164631,-0.002776,0.112636,-0.117926,0.094448,0.052629,-0.026663,0.086138,-0.074899,0.115910,-0.069579,0.261526,72.584880,-2.342028,-24.001297,1.303674,1.000212,-0.000111,-0.370137,-0.726819,-0.578561,-0.342979,-0.471876,0.812218,-0.863344,0.499067,-0.074625
9.660000,0.704120,-0.595817,-0.401670,-0.056080,0.094471,-0.122506,-2.396521,1.043816,1.717227,0.206277,-0.075464,-0.053287,-0.484335,2.383454,-0.511009,-2.118276,0.500368,0.210305,0.673739,-0.101455,-0.037636,0.154031,0.165477,-0.003512,0.113782,-0.118611,0.093587,0.052219,-0.026978,0.084566,-0.073604,0.114565,-0.068508,0.259607,72.580513,-2.312949,-23.981231,1.315571,0.977096,-0.000111,-0.369670,-0.727446,-0.578071,-0.340996,-0.472517,0.812680,-0.864329,0.497544,-0.073381
9.670000,0.703560,-0.594874,-0.402893,-0.055966,0.094278,-0.122256,-2.398778,1.045767,1.715231,0.205438,-0.076002,-0.052983,-0.485340,2.383083,-0.509472,-2.116613,0.500325,0.211454,0.672546,-0.100528,-0.037118,0.153758,0.166307,-0.004235,0.114914,-0.119286,0.092732,0.051812,-0.027289,0.083012,-0.072321,0.113232,-0.067439,0.257681,72.575798,-2.284003,-23.961164,1.327304,0.954139,-0.000111,-0.369196,-0.728073,-0.577584,-0.339020,-0.473153,0.813137,-0.865309,0.496019,-0.072145
9.680000,0.703001,-0.593932,-0.404115,-0.055851,0.094085,-0.122006,-2.401030,1.047714,1.713240,0.204598,-0.076534,-0.052680,-0.486337,2.382717,-0.507937,-2.114942,0.500276,0.212614,0.671346,-0.099609,-0.036604,0.153482,0.167122,-0.004946,0.116033,-0.119949,0.091884,0.051408,-0.027596,0.081476,-0.071048,0.111909,-0.066370,0.255749,72.570737,-2.255189,-23.941095,1.338876,0.931343,-0.000111,-0.368714,-0.728701,-0.577100,-0.337050,-0.473784,0.813589,-0.866284,0.494493,-0.070918
9.690000,0.702443,-0.592992,-0.405334,-0.055736,0.093891,-0.121754,-2.403278,1.049658,1.711253,0.203756,-0.077060,-0.052379,-0.487324,2.382356,-0.506405,-2.113262,0.500219,0.213786,0.670140,-0.098699,-0.036094,0.153204,0.167921,-0.005643,0.117139,-0.120603,0.091042,0.051007,-0.027899,0.079958,-0.069788,0.110598,-0.065302,0.253811,72.565335,-2.226507,-23.921023,1.350287,0.908707,-0.000110,-0.368225,-0.729330,-0.576618,-0.335086,-0.474409,0.814035,-0.867253,0.492965,-0.069699
9.700000,0.701886,-0.592054,-0.406550,-0.055620,0.093696,-0.121502,-2.405521,1.051597,1.709270,0.202914,-0.077580,-0.052080,-0.488302,2.382000,-0.504876,-2.111575,0.500156,0.214968,0.668928,-0.097797,-0.035587,0.152922,0.168706,-0.006329,0.118232,-0.121245,0.090206,0.050608,-0.028197,0.078458,-0.068538,0.109296,-0.064235,0.251868,72.559595,-2.197955,-23.900947,1.361538,0.886232,-0.000110,-0.367729,-0.729958,-0.576139,-0.333130,-0.475029,0.814477,-0.868217,0.491436,-0.068489
9.710000,0.701330,-0.591118,-0.407764,-0.055505,0.093501,-0.121249,-2.407760,1.053532,1.707291,0.202071,-0.078094,-0.051782,-0.489271,2.381649,-0.503349,-2.109881,0.500086,0.216161,0.667709,-0.096903,-0.035085,0.152637,0.169476,-0.007002,0.119312,-0.121877,0.089377,0.050213,-0.028492,0.076975,-0.067300,0.108005,-0.063169,0.249920,72.553521,-2.169532,-23.880867,1.372632,0.863915,-0.000110,-0.367225,-0.730587,-0.575664,-0.331180,-0.475643,0.814913,-0.869175,0.489905,-0.067288
9.720000,0.700776,-0.590184,-0.408975,-0.055388,0.093305,-0.120995,-2.409993,1.055463,1.705316,0.201227,-0.078602,-0.051485,-0.490231,2.381303,-0.501826,-2.108178,0.500010,0.217365,0.666484,-0.096017,-0.034587,0.152349,0.170231,-0.007663,0.120380,-0.122498,0.088554,0.049820,-0.028782,0.075509,-0.066073,0.106725,-0.062105,0.247969,72.547115,-2.141237,-23.860782,1.383569,0.841759,-0.000110,-0.366714,-0.731216,-0.575190,-0.329237,-0.476252,0.815345,-0.870129,0.488372,-0.066095
9.730000,0.700223,-0.589252,-0.410184,-0.055272,0.093109,-0.120741,-2.412223,1.057391,1.703345,0.200382,-0.079105,-0.051190,-0.491182,2.380962,-0.500305,-2.106469,0.499926,0.218579,0.665253,-0.095140,-0.034093,0.152058,0.170971,-0.008311,0.121434,-0.123108,0.087738,0.049431,-0.029068,0.074060,-0.064858,0.105454,-0.061043,0.246014,72.540381,-2.113070,-23.840691,1.394351,0.819761,-0.000110,-0.366196,-0.731845,-0.574720,-0.327300,-0.476855,0.815772,-0.871077,0.486839,-0.064910
9.740000,0.699671,-0.588322,-0.411390,-0.055155,0.092912,-0.120485,-2.414447,1.059314,1.701378,0.199536,-0.079601,-0.050897,-0.492125,2.380626,-0.498788,-2.104752,0.499837,0.219804,0.664016,-0.094271,-0.033602,0.151765,0.171698,-0.008948,0.122476,-0.123708,0.086929,0.049044,-0.029351,0.072627,-0.063654,0.104194,-0.059982,0.244057,72.533322,-2.085029,-23.820593,1.404979,0.797923,-0.000110,-0.365671,-0.732474,-0.574253,-0.325371,-0.477454,0.816194,-0.872020,0.485304,-0.063735
9.750000,0.699120,-0.587394,-0.412593,-0.055038,0.092714,-0.120229,-2.416667,1.061233,1.699416,0.198689,-0.080091,-0.050605,-0.493059,2.380295,-0.497273,-2.103027,0.499741,0.221039,0.662773,-0.093409,-0.033116,0.151468,0.172410,-0.009572,0.123506,-0.124297,0.086125,0.048659,-0.029629,0.071211,-0.062462,0.102943,-0.058924,0.242097,72.525943,-2.057113,-23.800488,1.415453,0.776243,-0.000109,-0.365139,-0.733104,-0.573788,-0.323448,-0.478046,0.816611,-0.872957,0.483767,-0.062567
9.760000,0.698570,-0.586467,-0.413794,-0.054920,0.092516,-0.119972,-2.418882,1.063148,1.697458,0.197841,-0.080575,-0.050314,-0.493984,2.379969,-0.495761,-2.101296,0.499639,0.222285,0.661524,-0.092556,-0.032633,0.151169,0.173108,-0.010185,0.124523,-0.124876,0.085329,0.048277,-0.029903,0.069811,-0.061281,0.101702,-0.057867,0.240135,72.518245,-2.029322,-23.780375,1.425777,0.754721,-0.000109,-0.364600,-0.733733,-0.573326,-0.321532,-0.478634,0.817023,-0.873890,0.482230,-0.061409
9.770000,0.698021,-0.585543,-0.414993,-0.054802,0.092317,-0.119714,-2.421092,1.065058,1.695504,0.196993,-0.081053,-0.050025,-0.494902,2.379647,-0.494252,-2.099558,0.499532,0.223540,0.660270,-0.091711,-0.032154,0.150868,0.173792,-0.010786,0.125527,-0.125444,0.084539,0.047898,-0.030173,0.068427,-0.060111,0.100471,-0.056813,0.238171,72.510233,-2.001655,-23.760254,1.435950,0.733358,-0.000109,-0.364055,-0.734362,-0.572867,-0.319623,-0.479216,0.817431,-0.874817,0.480691,-0.060259
9.780000,0.697474,-0.584621,-0.416189,-0.054684,0.092118,-0.119456,-2.423297,1.066965,1.693554,0.196144,-0.081525,-0.049738,-0.495810,2.379330,-0.492747,-2.097814,0.499418,0.224805,0.659010,-0.090873,-0.031679,0.150563,0.174463,-0.011376,0.126520,-0.126002,0.083755,0.047521,-0.030440,0.067058,-0.058954,0.099249,-0.055761,0.236207,72.501910,-1.974111,-23.740123,1.445975,0.712153,-0.000109,-0.363502,-0.734992,-0.572410,-0.317721,-0.479793,0.817834,-0.875739,0.479151,-0.059117
9.790000,0.696928,-0.583701,-0.417382,-0.054565,0.091918,-0.119196,-2.425498,1.068868,1.691609,0.195294,-0.081992,-0.049451,-0.496711,2.379018,-0.491244,-2.096063,0.499298,0.226080,0.657744,-0.090043,-0.031207,0.150256,0.175120,-0.011954,0.127500,-0.126549,0.082978,0.047147,-0.030702,0.065705,-0.057807,0.098036,-0.054712,0.234242,72.493278,-1.946689,-23.719982,1.455852,0.691105,-0.000109,-0.362943,-0.735621,-0.571957,-0.315826,-0.480365,0.818232,-0.876656,0.477610,-0.057984
9.800000,0.696382,-0.582783,-0.418572,-0.054446,0.091718,-0.118936,-2.427694,1.070766,1.689667,0.194444,-0.082452,-0.049167,-0.497603,2.378711,-0.489745,-2.094305,0.499173,0.227365,0.656474,-0.089221,-0.030740,0.149947,0.175763,-0.012521,0.128469,-0.127085,0.082207,0.046775,-0.030961,0.064368,-0.056672,0.096833,-0.053666,0.232277,72.484341,-1.919388,-23.699831,1.465583,0.670215,-0.000109,-0.362377,-0.736250,-0.571506,-0.313938,-0.480931,0.818626,-0.877568,0.476069,-0.056859
9.810000,0.695839,-0.581867,-0.419761,-0.054327,0.091516,-0.118675,-2.429885,1.072660,1.687730,0.193593,-0.082906,-0.048883,-0.498487,2.378408,-0.488248,-2.092541,0.499042,0.228659,0.655197,-0.088407,-0.030276,0.149634,0.176394,-0.013076,0.129425,-0.127612,0.081442,0.046405,-0.031215,0.063045,-0.055548,0.095639,-0.052622,0.230312,72.475103,-1.892207,-23.679669,1.475169,0.649482,-0.000109,-0.361804,-0.736879,-0.571058,-0.312057,-0.481492,0.819015,-0.878475,0.474526,-0.055742
9.820000,0.695296,-0.580952,-0.420946,-0.054207,0.091315,-0.118414,-2.432071,1.074551,1.685797,0.192742,-0.083354,-0.048602,-0.499363,2.378110,-0.486755,-2.090771,0.498906,0.229963,0.653916,-0.087600,-0.029815,0.149320,0.177011,-0.013620,0.130369,-0.128127,0.080684,0.046038,-0.031466,0.061737,-0.054436,0.094453,-0.051582,0.228347,72.465566,-1.865145,-23.659495,1.484612,0.628905,-0.000108,-0.361225,-0.737507,-0.570613,-0.310183,-0.482048,0.819400,-0.879376,0.472982,-0.054635
9.830000,0.694754,-0.580040,-0.422129,-0.054087,0.091112,-0.118151,-2.434252,1.076437,1.683869,0.191890,-0.083797,-0.048321,-0.500231,2.377816,-0.485265,-2.088995,0.498765,0.231276,0.652630,-0.086801,-0.029358,0.149003,0.177616,-0.014154,0.131302,-0.128633,0.079933,0.045673,-0.031713,0.060444,-0.053336,0.093277,-0.050544,0.226384,72.455734,-1.838202,-23.639310,1.493912,0.608485,-0.000108,-0.360640,-0.738136,-0.570170,-0.308316,-0.482599,0.819780,-0.880273,0.471438,-0.053535
9.840000,0.694214,-0.579130,-0.423309,-0.053966,0.090910,-0.117888,-2.436429,1.078318,1.681945,0.191038,-0.084233,-0.048042,-0.501091,2.377527,-0.483778,-2.087213,0.498618,0.232598,0.651339,-0.086009,-0.028905,0.148683,0.178207,-0.014676,0.132223,-0.129128,0.079188,0.045311,-0.031956,0.059165,-0.052246,0.092109,-0.049510,0.224422,72.445609,-1.811377,-23.619112,1.503071,0.588221,-0.000108,-0.360048,-0.738764,-0.569731,-0.306456,-0.483144,0.820156,-0.881164,0.469893,-0.052444
9.850000,0.693675,-0.578222,-0.424487,-0.053845,0.090706,-0.117625,-2.438600,1.080196,1.680025,0.190185,-0.084664,-0.047765,-0.501943,2.377243,-0.482295,-2.085425,0.498466,0.233929,0.650042,-0.085224,-0.028456,0.148361,0.178786,-0.015188,0.133133,-0.129613,0.078449,0.044950,-0.032195,0.057901,-0.051168,0.090950,-0.048479,0.222462,72.435195,-1.784669,-23.598901,1.512090,0.568113,-0.000108,-0.359450,-0.739392,-0.569294,-0.304604,-0.483684,0.820528,-0.882050,0.468348,-0.051361
9.860000,0.693137,-0.577316,-0.425661,-0.053724,0.090502,-0.117360,-2.440767,1.082069,1.678109,0.189332,-0.085088,-0.047489,-0.502788,2.376963,-0.480814,-2.083631,0.498309,0.235270,0.648742,-0.084447,-0.028010,0.148037,0.179353,-0.015689,0.134031,-0.130087,0.077716,0.044592,-0.032430,0.056650,-0.050102,0.089799,-0.047451,0.220504,72.424494,-1.758077,-23.578677,1.520971,0.548160,-0.000108,-0.358845,-0.740019,-0.568860,-0.302758,-0.484219,0.820896,-0.882931,0.466802,-0.050287
9.870000,0.692601,-0.576412,-0.426834,-0.053603,0.090298,-0.117095,-2.442929,1.083938,1.676198,0.188479,-0.085507,-0.047214,-0.503625,2.376687,-0.479337,-2.081832,0.498147,0.236619,0.647436,-0.083677,-0.027568,0.147710,0.179907,-0.016179,0.134917,-0.130551,0.076990,0.044236,-0.032662,0.055413,-0.049046,0.088657,-0.046428,0.218548,72.413511,-1.731600,-23.558439,1.529715,0.528363,-0.000108,-0.358235,-0.740646,-0.568429,-0.300919,-0.484749,0.821259,-0.883807,0.465255,-0.049221
9.880000,0.692065,-0.575510,-0.428003,-0.053481,0.090092,-0.116829,-2.445086,1.085803,1.674291,0.187625,-0.085919,-0.046941,-0.504454,2.376416,-0.477864,-2.080028,0.497981,0.237977,0.646126,-0.082915,-0.027129,0.147381,0.180449,-0.016659,0.135793,-0.131006,0.076270,0.043882,-0.032890,0.054189,-0.048002,0.087522,-0.045407,0.216595,72.402247,-1.705237,-23.538187,1.538323,0.508720,-0.000108,-0.357618,-0.741272,-0.568000,-0.299088,-0.485273,0.821618,-0.884678,0.463708,-0.048163
9.890000,0.691531,-0.574610,-0.429170,-0.053359,0.089887,-0.116562,-2.447238,1.087664,1.672388,0.186771,-0.086326,-0.046669,-0.505275,2.376149,-0.476393,-2.078218,0.497809,0.239343,0.644811,-0.082159,-0.026693,0.147050,0.180979,-0.017129,0.136657,-0.131449,0.075556,0.043530,-0.033114,0.052979,-0.046970,0.086396,-0.044391,0.214644,72.390706,-1.678989,-23.517921,1.546797,0.489231,-0.000107,-0.356995,-0.741898,-0.567575,-0.297264,-0.485793,0.821973,-0.885544,0.462160,-0.047114
9.900000,0.690998,-0.573712,-0.430335,-0.053237,0.089680,-0.116295,-2.449386,1.089520,1.670490,0.185917,-0.086727,-0.046399,-0.506089,2.375886,-0.474926,-2.076403,0.497633,0.240718,0.643493,-0.081411,-0.026262,0.146717,0.181496,-0.017589,0.137509,-0.131883,0.074848,0.043180,-0.033335,0.051781,-0.045948,0.085278,-0.043379,0.212697,72.378891,-1.652853,-23.497640,1.555137,0.469897,-0.000107,-0.356367,-0.742524,-0.567152,-0.295447,-0.486307,0.822324,-0.886405,0.460612,-0.046073
9.910000,0.690466,-0.572817,-0.431496,-0.053114,0.089474,-0.116026,-2.451528,1.091372,1.668596,0.185063,-0.087122,-0.046130,-0.506896,2.375628,-0.473462,-2.074583,0.497453,0.242102,0.642170,-0.080669,-0.025833,0.146381,0.182002,-0.018038,0.138351,-0.132307,0.074146,0.042831,-0.033551,0.050597,-0.044938,0.084167,-0.042370,0.210754,72.366804,-1.626830,-23.477344,1.563345,0.450716,-0.000107,-0.355732,-0.743149,-0.566732,-0.293637,-0.486817,0.822670,-0.887261,0.459064,-0.045040
9.920000,0.689936,-0.571923,-0.432655,-0.052991,0.089266,-0.115758,-2.453665,1.093220,1.666706,0.184209,-0.087511,-0.045863,-0.507695,2.375374,-0.472002,-2.072758,0.497268,0.243494,0.640842,-0.079935,-0.025409,0.146044,0.182497,-0.018477,0.139182,-0.132721,0.073451,0.042485,-0.033764,0.049425,-0.043938,0.083065,-0.041366,0.208815,72.354450,-1.600918,-23.457032,1.571422,0.431688,-0.000107,-0.355092,-0.743773,-0.566314,-0.291835,-0.487321,0.823013,-0.888112,0.457515,-0.044015
9.930000,0.689407,-0.571031,-0.433811,-0.052867,0.089058,-0.115488,-2.455798,1.095064,1.664821,0.183355,-0.087894,-0.045597,-0.508488,2.375124,-0.470545,-2.070928,0.497079,0.244894,0.639511,-0.079207,-0.024987,0.145704,0.182979,-0.018907,0.140001,-0.133124,0.072761,0.042141,-0.033974,0.048265,-0.042950,0.081970,-0.040366,0.206879,72.341829,-1.575117,-23.436705,1.579369,0.412813,-0.000107,-0.354445,-0.744396,-0.565900,-0.290040,-0.487820,0.823352,-0.888957,0.455967,-0.042999
9.940000,0.688878,-0.570142,-0.434965,-0.052744,0.088850,-0.115218,-2.457925,1.096903,1.662940,0.182501,-0.088272,-0.045332,-0.509272,2.374878,-0.469091,-2.069094,0.496886,0.246302,0.638176,-0.078486,-0.024569,0.145362,0.183451,-0.019327,0.140810,-0.133518,0.072078,0.041798,-0.034179,0.047118,-0.041973,0.080882,-0.039370,0.204948,72.328947,-1.549427,-23.416361,1.587189,0.394091,-0.000107,-0.353794,-0.745019,-0.565488,-0.288252,-0.488314,0.823687,-0.889798,0.454418,-0.041991
9.950000,0.688352,-0.569254,-0.436116,-0.052620,0.088641,-0.114947,-2.460047,1.098738,1.661064,0.181646,-0.088643,-0.045069,-0.510050,2.374637,-0.467641,-2.067255,0.496689,0.247718,0.636837,-0.077772,-0.024155,0.145018,0.183910,-0.019737,0.141608,-0.133902,0.071401,0.041458,-0.034381,0.045983,-0.041007,0.079802,-0.038378,0.203022,72.315804,-1.523845,-23.396002,1.594881,0.375521,-0.000107,-0.353136,-0.745641,-0.565079,-0.286471,-0.488803,0.824018,-0.890634,0.452869,-0.040991
9.960000,0.687826,-0.568369,-0.437264,-0.052495,0.088432,-0.114675,-2.462165,1.100569,1.659192,0.180792,-0.089009,-0.044807,-0.510821,2.374399,-0.466194,-2.065411,0.496487,0.249142,0.635494,-0.077065,-0.023743,0.144672,0.184359,-0.020137,0.142395,-0.134276,0.070729,0.041119,-0.034580,0.044860,-0.040052,0.078729,-0.037391,0.201100,72.302405,-1.498372,-23.375626,1.602447,0.357102,-0.000107,-0.352473,-0.746263,-0.564672,-0.284698,-0.489287,0.824345,-0.891465,0.451320,-0.039999
9.970000,0.687302,-0.567486,-0.438409,-0.052371,0.088222,-0.114403,-2.464277,1.102395,1.657324,0.179938,-0.089369,-0.044546,-0.511584,2.374166,-0.464751,-2.063563,0.496282,0.250573,0.634148,-0.076364,-0.023336,0.144325,0.184796,-0.020528,0.143172,-0.134640,0.070063,0.040782,-0.034775,0.043748,-0.039108,0.077663,-0.036409,0.199183,72.288752,-1.473008,-23.355233,1.609889,0.338835,-0.000106,-0.351804,-0.746883,-0.564269,-0.282932,-0.489766,0.824669,-0.892291,0.449772,-0.039015
9.980000,0.686779,-0.566604,-0.439552,-0.052246,0.088011,-0.114130,-2.466384,1.104217,1.655461,0.179084,-0.089723,-0.044287,-0.512341,2.373937,-0.463311,-2.061711,0.496073,0.252013,0.632798,-0.075670,-0.022931,0.143975,0.185223,-0.020910,0.143938,-0.134994,0.069403,0.040446,-0.034966,0.042648,-0.038175,0.076604,-0.035431,0.197272,72.274848,-1.447750,-23.334824,1.617208,0.320718,-0.000106,-0.351130,-0.747503,-0.563868,-0.281173,-0.490240,0.824988,-0.893112,0.448223,-0.038040
9.990000,0.686257,-0.565725,-0.440692,-0.052120,0.087800,-0.113856,-2.468487,1.106034,1.653603,0.178230,-0.090071,-0.044030,-0.513091,2.373711,-0.461875,-2.059854,0.495860,0.253460,0.631444,-0.074983,-0.022530,0.143624,0.185639,-0.021283,0.144694,-0.135339,0.068749,0.040113,-0.035153,0.041559,-0.037252,0.075553,-0.034458,0.195366,72.260696,-1.422599,-23.314397,1.624404,0.302752,-0.000106,-0.350451,-0.748122,-0.563470,-0.279422,-0.490710,0.825304,-0.893928,0.446674,-0.037072
10.000000,0.685736,-0.564848,-0.441829,-0.051995,0.087588,-0.113582,-2.470584,1.107847,1.651749,0.177377,-0.090413,-0.043773,-0.513834,2.373490,-0.460442,-2.057994,0.495644,0.254914,0.630088,-0.074302,-0.022132,0.143270,0.186043,-0.021646,0.145439,-0.135674,0.068101,0.039780,-0.035338,0.040481,-0.036341,0.074508,-0.033490,0.193466,72.246298,-1.397554,-23.293953,1.631480,0.284936,-0.000106,-0.349766,-0.748740,-0.563074,-0.277678,-0.491174,0.825617,-0.894739,0.445126,-0.036113
10.010000,0.685217,-0.563974,-0.442963,-0.051869,0.087376,-0.113307,-2.472676,1.109656,1.649899,0.176524,-0.090750,-0.043518,-0.514570,2.373273,-0.459013,-2.056130,0.495424,0.256376,0.628728,-0.073627,-0.021738,0.142915,0.186437,-0.022000,0.146173,-0.135999,0.067458,0.039450,-0.035518,0.039414,-0.035440,0.073469,-0.032526,0.191572,72.231657,-1.372615,-23.273492,1.638435,0.267270,-0.000106,-0.349076,-0.749357,-0.562682,-0.275942,-0.491633,0.825925,-0.895546,0.443578,-0.035162
10.020000,0.684699,-0.563101,-0.444095,-0.051743,0.087164,-0.113031,-2.474763,1.111461,1.648054,0.175671,-0.091081,-0.043265,-0.515300,2.373059,-0.457587,-2.054261,0.495200,0.257845,0.627365,-0.072959,-0.021346,0.142558,0.186821,-0.022346,0.146898,-0.136314,0.066821,0.039121,-0.035695,0.038358,-0.034550,0.072438,-0.031568,0.189684,72.216776,-1.347780,-23.253014,1.645273,0.249752,-0.000106,-0.348381,-0.749973,-0.562292,-0.274213,-0.492088,0.826231,-0.896347,0.442030,-0.034218
10.030000,0.684182,-0.562230,-0.445224,-0.051616,0.086951,-0.112755,-2.476845,1.113261,1.646213,0.174818,-0.091406,-0.043012,-0.516023,2.372850,-0.456165,-2.052389,0.494973,0.259321,0.625998,-0.072297,-0.020959,0.142199,0.187194,-0.022683,0.147612,-0.136621,0.066190,0.038793,-0.035869,0.037312,-0.033670,0.071413,-0.030614,0.187802,72.201658,-1.323049,-23.232518,1.651993,0.232384,-0.000106,-0.347680,-0.750588,-0.561905,-0.272491,-0.492537,0.826532,-0.897144,0.440483,-0.033283
10.040000,0.683667,-0.561362,-0.446350,-0.051489,0.086737,-0.112478,-2.478922,1.115056,1.644377,0.173966,-0.091725,-0.042762,-0.516739,2.372644,-0.454747,-2.050514,0.494743,0.260804,0.624629,-0.071641,-0.020574,0.141839,0.187557,-0.023011,0.148316,-0.136917,0.065564,0.038467,-0.036039,0.036276,-0.032801,0.070394,-0.029666,0.185926,72.186306,-1.298422,-23.212005,1.658597,0.215163,-0.000106,-0.346975,-0.751202,-0.561520,-0.270777,-0.492982,0.826830,-0.897936,0.438936,-0.032356
10.050000,0.683152,-0.560496,-0.447474,-0.051362,0.086523,-0.112200,-2.480994,1.116848,1.642545,0.173114,-0.092039,-0.042512,-0.517449,2.372442,-0.453332,-2.048635,0.494510,0.262294,0.623257,-0.070992,-0.020192,0.141477,0.187909,-0.023330,0.149010,-0.137204,0.064944,0.038143,-0.036205,0.035251,-0.031943,0.069382,-0.028722,0.184057,72.170721,-1.273897,-23.191473,1.665086,0.198091,-0.000105,-0.346265,-0.751814,-0.561138,-0.269070,-0.493422,0.827125,-0.898722,0.437390,-0.031436
10.060000,0.682639,-0.559631,-0.448594,-0.051235,0.086308,-0.111922,-2.483060,1.118634,1.640718,0.172263,-0.092346,-0.042264,-0.518153,2.372244,-0.451921,-2.046752,0.494273,0.263791,0.621882,-0.070349,-0.019814,0.141113,0.188252,-0.023641,0.149693,-0.137482,0.064329,0.037820,-0.036368,0.034236,-0.031095,0.068376,-0.027784,0.182195,72.154908,-1.249475,-23.170924,1.671461,0.181165,-0.000105,-0.345549,-0.752426,-0.560759,-0.267371,-0.493857,0.827416,-0.899505,0.435844,-0.030525
10.070000,0.682128,-0.558769,-0.449712,-0.051107,0.086093,-0.111643,-2.485122,1.120417,1.638896,0.171412,-0.092649,-0.042017,-0.518850,2.372049,-0.450514,-2.044866,0.494034,0.265295,0.620505,-0.069711,-0.019439,0.140748,0.188584,-0.023944,0.150367,-0.137751,0.063719,0.037498,-0.036528,0.033230,-0.030257,0.067376,-0.026851,0.180340,72.138868,-1.225154,-23.150358,1.677724,0.164386,-0.000105,-0.344829,-0.753037,-0.560382,-0.265679,-0.494288,0.827704,-0.900282,0.434298,-0.029621
10.080000,0.681617,-0.557910,-0.450827,-0.050979,0.085878,-0.111363,-2.487178,1.122194,1.637078,0.170562,-0.092945,-0.041772,-0.519541,2.371859,-0.449110,-2.042977,0.493792,0.266805,0.619125,-0.069080,-0.019067,0.140381,0.188906,-0.024238,0.151031,-0.138010,0.063115,0.037178,-0.036684,0.032234,-0.029430,0.066382,-0.025924,0.178492,72.122604,-1.200934,-23.129773,1.683875,0.147754,-0.000105,-0.344104,-0.753646,-0.560008,-0.263995,-0.494713,0.827989,-0.901054,0.432754,-0.028726
10.090000,0.681108,-0.557052,-0.451939,-0.050851,0.085662,-0.111083,-2.489229,1.123968,1.635264,0.169712,-0.093236,-0.041528,-0.520225,2.371672,-0.447710,-2.041085,0.493546,0.268322,0.617742,-0.068455,-0.018699,0.140013,0.189219,-0.024524,0.151685,-0.138260,0.062516,0.036859,-0.036837,0.031248,-0.028612,0.065394,-0.025001,0.176651,72.106118,-1.176815,-23.109171,1.689916,0.131268,-0.000105,-0.343375,-0.754255,-0.559637,-0.262318,-0.495134,0.828270,-0.901822,0.431210,-0.027838
10.100000,0.680600,-0.556196,-0.453049,-0.050722,0.085445,-0.110802,-2.491276,1.125737,1.633455,0.168863,-0.093521,-0.041285,-0.520903,2.371488,-0.446313,-2.039190,0.493298,0.269845,0.616357,-0.067836,-0.018333,0.139643,0.189522,-0.024802,0.152329,-0.138501,0.061923,0.036541,-0.036987,0.030271,-0.027806,0.064412,-0.024084,0.174817,72.089415,-1.152795,-23.088551,1.695848,0.114927,-0.000105,-0.342641,-0.754862,-0.559269,-0.260648,-0.495551,0.828548,-0.902585,0.429667,-0.026958
10.110000,0.680094,-0.555343,-0.454155,-0.050594,0.085228,-0.110521,-2.493316,1.127501,1.631651,0.168015,-0.093800,-0.041043,-0.521576,2.371309,-0.444921,-2.037292,0.493048,0.271375,0.614970,-0.067223,-0.017971,0.139272,0.189815,-0.025072,0.152964,-0.138733,0.061335,0.036225,-0.037133,0.029303,-0.027009,0.063436,-0.023173,0.172991,72.072495,-1.128875,-23.067913,1.701673,0.098731,-0.000105,-0.341902,-0.755467,-0.558903,-0.258987,-0.495962,0.828823,-0.903343,0.428124,-0.026086
10.120000,0.679588,-0.554492,-0.455259,-0.050465,0.085011,-0.110239,-2.495352,1.129261,1.629851,0.167167,-0.094074,-0.040803,-0.522242,2.371133,-0.443532,-2.035391,0.492794,0.272911,0.613580,-0.066615,-0.017612,0.138899,0.190098,-0.025334,0.153588,-0.138955,0.060751,0.035910,-0.037276,0.028344,-0.026222,0.062466,-0.022267,0.171172,72.055362,-1.105053,-23.047257,1.707390,0.082679,-0.000105,-0.341159,-0.756072,-0.558539,-0.257332,-0.496369,0.829095,-0.904097,0.426583,-0.025221
10.130000,0.679084,-0.553643,-0.456360,-0.050335,0.084793,-0.109956,-2.497382,1.131017,1.628056,0.166320,-0.094342,-0.040564,-0.522902,2.370960,-0.442146,-2.033487,0.492538,0.274453,0.612189,-0.066013,-0.017256,0.138525,0.190372,-0.025589,0.154203,-0.139169,0.060173,0.035596,-0.037415,0.027394,-0.025446,0.061501,-0.021367,0.169362,72.038018,-1.081329,-23.026584,1.713002,0.066771,-0.000104,-0.340411,-0.756675,-0.558179,-0.255686,-0.496771,0.829363,-0.904845,0.425042,-0.024364
10.140000,0.678582,-0.552796,-0.457458,-0.050206,0.084574,-0.109673,-2.499408,1.132768,1.626266,0.165474,-0.094605,-0.040327,-0.523556,2.370791,-0.440765,-2.031581,0.492280,0.276001,0.610795,-0.065417,-0.016903,0.138149,0.190637,-0.025836,0.154809,-0.139374,0.059600,0.035284,-0.037551,0.026452,-0.024679,0.060542,-0.020472,0.167559,72.020466,-1.057703,-23.005893,1.718509,0.051006,-0.000104,-0.339659,-0.757277,-0.557820,-0.254046,-0.497169,0.829628,-0.905590,0.423503,-0.023516
10.150000,0.678080,-0.551951,-0.458554,-0.050076,0.084356,-0.109389,-2.501428,1.134514,1.624480,0.164628,-0.094862,-0.040091,-0.524204,2.370625,-0.439387,-2.029672,0.492019,0.277555,0.609399,-0.064827,-0.016554,0.137772,0.190892,-0.026075,0.155404,-0.139570,0.059032,0.034972,-0.037684,0.025520,-0.023923,0.059588,-0.019583,0.165764,72.002708,-1.034174,-22.985184,1.723913,0.035385,-0.000104,-0.338902,-0.757877,-0.557465,-0.252415,-0.497562,0.829891,-0.906329,0.421964,-0.022674
10.160000,0.677580,-0.551109,-0.459646,-0.049945,0.084136,-0.109105,-2.503442,1.136256,1.622699,0.163783,-0.095113,-0.039856,-0.524847,2.370463,-0.438013,-2.027760,0.491756,0.279115,0.608002,-0.064242,-0.016207,0.137394,0.191138,-0.026307,0.155991,-0.139757,0.058469,0.034662,-0.037814,0.024595,-0.023176,0.058639,-0.018699,0.163976,71.984747,-1.010742,-22.964458,1.729215,0.019905,-0.000104,-0.338142,-0.758476,-0.557112,-0.250790,-0.497951,0.830150,-0.907064,0.420427,-0.021841
10.170000,0.677081,-0.550269,-0.460736,-0.049815,0.083916,-0.108820,-2.505452,1.137993,1.620922,0.162940,-0.095359,-0.039622,-0.525483,2.370305,-0.436643,-2.025847,0.491491,0.280681,0.606602,-0.063663,-0.015863,0.137015,0.191374,-0.026531,0.156568,-0.139935,0.057911,0.034353,-0.037940,0.023679,-0.022439,0.057696,-0.017821,0.162198,71.966586,-0.987406,-22.943715,1.734415,0.004568,-0.000104,-0.337377,-0.759074,-0.556762,-0.249174,-0.498335,0.830406,-0.907794,0.418890,-0.021015
10.180000,0.676584,-0.549431,-0.461822,-0.049684,0.083696,-0.108535,-2.507456,1.139726,1.619150,0.162097,-0.095599,-0.039390,-0.526114,2.370149,-0.435277,-2.023931,0.491223,0.282252,0.605201,-0.063090,-0.015523,0.136634,0.191602,-0.026748,0.157135,-0.140104,0.057357,0.034045,-0.038063,0.022771,-0.021712,0.056758,-0.016949,0.160427,71.948226,-0.964165,-22.922954,1.739516,-0.010629,-0.000104,-0.336608,-0.759670,-0.556414,-0.247565,-0.498714,0.830660,-0.908519,0.417355,-0.020196
10.190000,0.676088,-0.548595,-0.462906,-0.049553,0.083476,-0.108248,-2.509455,1.141454,1.617383,0.161255,-0.095834,-0.039159,-0.526740,2.369998,-0.433914,-2.022013,0.490954,0.283829,0.603798,-0.062522,-0.015186,0.136252,0.191821,-0.026958,0.157694,-0.140265,0.056809,0.033739,-0.038183,0.021871,-0.020994,0.055826,-0.016083,0.158665,71.929671,-0.941019,-22.902176,1.744517,-0.025684,-0.000104,-0.335835,-0.760265,-0.556069,-0.245963,-0.499089,0.830910,-0.909240,0.415821,-0.019386
10.200000,0.675593,-0.547761,-0.463987,-0.049422,0.083255,-0.107962,-2.511449,1.143178,1.615620,0.160414,-0.096063,-0.038929,-0.527359,2.369849,-0.432555,-2.020092,0.490682,0.285411,0.602394,-0.061959,-0.014851,0.135869,0.192031,-0.027161,0.158243,-0.140417,0.056265,0.033433,-0.038300,0.020979,-0.020286,0.054898,-0.015223,0.156911,71.910923,-0.917967,-22.881381,1.749421,-0.040600,-0.000104,-0.335058,-0.760858,-0.555726,-0.244369,-0.499460,0.831158,-0.909956,0.414288,-0.018582
10.210000,0.675099,-0.546930,-0.465066,-0.049291,0.083033,-0.107674,-2.513437,1.144897,1.613862,0.159574,-0.096287,-0.038700,-0.527973,2.369704,-0.431201,-2.018170,0.490409,0.286999,0.600989,-0.061402,-0.014520,0.135485,0.192232,-0.027357,0.158782,-0.140561,0.055726,0.033129,-0.038413,0.020094,-0.019587,0.053975,-0.014368,0.155166,71.891984,-0.895010,-22.860570,1.754227,-0.055375,-0.000104,-0.334277,-0.761450,-0.555386,-0.242783,-0.499826,0.831403,-0.910668,0.412757,-0.017787
10.220000,0.674607,-0.546100,-0.466141,-0.049159,0.082811,-0.107387,-2.515420,1.146612,1.612109,0.158735,-0.096505,-0.038473,-0.528582,2.369562,-0.429850,-2.016246,0.490133,0.288592,0.599582,-0.060850,-0.014192,0.135100,0.192424,-0.027546,0.159313,-0.140696,0.055191,0.032825,-0.038523,0.019217,-0.018898,0.053058,-0.013520,0.153429,71.872857,-0.872145,-22.839741,1.758939,-0.070012,-0.000103,-0.333492,-0.762040,-0.555048,-0.241204,-0.500188,0.831645,-0.911375,0.411227,-0.016999
10.230000,0.674116,-0.545273,-0.467213,-0.049027,0.082589,-0.107098,-2.517398,1.148321,1.610360,0.157897,-0.096718,-0.038247,-0.529185,2.369423,-0.428502,-2.014320,0.489856,0.290191,0.598174,-0.060303,-0.013866,0.134714,0.192607,-0.027728,0.159834,-0.140823,0.054662,0.032523,-0.038631,0.018348,-0.018219,0.052145,-0.012677,0.151701,71.853544,-0.849374,-22.818897,1.763555,-0.084510,-0.000103,-0.332703,-0.762628,-0.554713,-0.239633,-0.500545,0.831884,-0.912077,0.409698,-0.016218
10.240000,0.673626,-0.544449,-0.468283,-0.048894,0.082366,-0.106809,-2.519371,1.150027,1.608617,0.157060,-0.096925,-0.038022,-0.529782,2.369288,-0.427159,-2.012392,0.489577,0.291794,0.596764,-0.059762,-0.013544,0.134326,0.192782,-0.027903,0.160347,-0.140941,0.054136,0.032222,-0.038735,0.017486,-0.017548,0.051237,-0.011840,0.149981,71.834048,-0.826696,-22.798036,1.768078,-0.098870,-0.000103,-0.331911,-0.763215,-0.554380,-0.238069,-0.500898,0.832120,-0.912775,0.408171,-0.015445
10.250000,0.673138,-0.543626,-0.469350,-0.048762,0.082143,-0.106520,-2.521338,1.151728,1.606877,0.156225,-0.097127,-0.037799,-0.530375,2.369156,-0.425820,-2.010462,0.489296,0.293403,0.595354,-0.059226,-0.013225,0.133938,0.192948,-0.028072,0.160850,-0.141051,0.053616,0.031921,-0.038836,0.016631,-0.016887,0.050333,-0.011009,0.148271,71.814371,-0.804109,-22.777158,1.772508,-0.113093,-0.000103,-0.331115,-0.763800,-0.554050,-0.236513,-0.501247,0.832354,-0.913468,0.406645,-0.014679
10.260000,0.672651,-0.542806,-0.470413,-0.048629,0.081919,-0.106230,-2.523300,1.153424,1.605143,0.155390,-0.097324,-0.037577,-0.530962,2.369027,-0.424484,-2.008531,0.489014,0.295016,0.593942,-0.058695,-0.012909,0.133549,0.193106,-0.028235,0.161344,-0.141153,0.053099,0.031622,-0.038933,0.015783,-0.016236,0.049435,-0.010185,0.146569,71.794516,-0.781614,-22.756265,1.776847,-0.127179,-0.000103,-0.330315,-0.764384,-0.553723,-0.234965,-0.501592,0.832585,-0.914157,0.405121,-0.013920
10.270000,0.672165,-0.541988,-0.471474,-0.048496,0.081695,-0.105939,-2.525256,1.155115,1.603413,0.154557,-0.097515,-0.037356,-0.531543,2.368901,-0.423153,-2.006599,0.488730,0.296634,0.592530,-0.058169,-0.012596,0.133158,0.193256,-0.028391,0.161830,-0.141247,0.052588,0.031324,-0.039028,0.014942,-0.015593,0.048541,-0.009366,0.144877,71.774485,-0.759210,-22.735357,1.781095,-0.141128,-0.000103,-0.329512,-0.764966,-0.553398,-0.233424,-0.501932,0.832813,-0.914841,0.403598,-0.013169
10.280000,0.671681,-0.541172,-0.472532,-0.048363,0.081470,-0.105648,-2.527207,1.156802,1.601689,0.153725,-0.097701,-0.037136,-0.532120,2.368778,-0.421825,-2.004665,0.488445,0.298257,0.591116,-0.057648,-0.012285,0.132767,0.193397,-0.028540,0.162306,-0.141332,0.052080,0.031027,-0.039120,0.014109,-0.014959,0.047651,-0.008553,0.143193,71.754280,-0.736897,-22.714432,1.785254,-0.154942,-0.000103,-0.328706,-0.765546,-0.553075,-0.231891,-0.502268,0.833039,-0.915521,0.402078,-0.012425
10.290000,0.671198,-0.540358,-0.473587,-0.048229,0.081245,-0.105356,-2.529153,1.158484,1.599968,0.152894,-0.097882,-0.036917,-0.532691,2.368658,-0.420501,-2.002729,0.488158,0.299885,0.589702,-0.057132,-0.011978,0.132375,0.193530,-0.028683,0.162774,-0.141410,0.051577,0.030730,-0.039209,0.013281,-0.014335,0.046766,-0.007746,0.141518,71.733904,-0.714673,-22.693493,1.789324,-0.168621,-0.000103,-0.327896,-0.766125,-0.552755,-0.230365,-0.502599,0.833262,-0.916197,0.400558,-0.011688
10.300000,0.670717,-0.539547,-0.474639,-0.048096,0.081020,-0.105064,-2.531093,1.160162,1.598253,0.152065,-0.098057,-0.036700,-0.533257,2.368541,-0.419182,-2.000793,0.487870,0.301517,0.588287,-0.056621,-0.011674,0.131982,0.193654,-0.028821,0.163233,-0.141479,0.051078,0.030435,-0.039295,0.012461,-0.013719,0.045886,-0.006946,0.139853,71.713360,-0.692540,-22.672538,1.793307,-0.182165,-0.000103,-0.327082,-0.766701,-0.552437,-0.228847,-0.502927,0.833483,-0.916868,0.399041,-0.010959
10.310000,0.670236,-0.538738,-0.475688,-0.047962,0.080795,-0.104772,-2.533028,1.161834,1.596542,0.151237,-0.098227,-0.036484,-0.533818,2.368427,-0.417866,-1.998855,0.487580,0.303154,0.586872,-0.056116,-0.011372,0.131588,0.193771,-0.028952,0.163683,-0.141541,0.050583,0.030141,-0.039377,0.011647,-0.013112,0.045010,-0.006151,0.138197,71.692649,-0.670496,-22.651569,1.797204,-0.195575,-0.000103,-0.326265,-0.767276,-0.552121,-0.227337,-0.503250,0.833701,-0.917534,0.397525,-0.010237
10.320000,0.669757,-0.537931,-0.476735,-0.047828,0.080568,-0.104478,-2.534958,1.163503,1.594836,0.150410,-0.098391,-0.036269,-0.534375,2.368317,-0.416554,-1.996916,0.487289,0.304796,0.585456,-0.055615,-0.011074,0.131194,0.193879,-0.029077,0.164124,-0.141595,0.050093,0.029847,-0.039457,0.010839,-0.012514,0.044138,-0.005363,0.136549,71.671773,-0.648541,-22.630586,1.801015,-0.208852,-0.000102,-0.325446,-0.767850,-0.551808,-0.225834,-0.503569,0.833917,-0.918196,0.396011,-0.009522
10.330000,0.669280,-0.537126,-0.477778,-0.047693,0.080342,-0.104185,-2.536882,1.165166,1.593135,0.149585,-0.098551,-0.036055,-0.534926,2.368209,-0.415246,-1.994977,0.486997,0.306441,0.584040,-0.055119,-0.010778,0.130798,0.193979,-0.029196,0.164557,-0.141640,0.049607,0.029555,-0.039534,0.010038,-0.011925,0.043270,-0.004581,0.134912,71.650736,-0.626674,-22.609588,1.804741,-0.221996,-0.000102,-0.324622,-0.768421,-0.551498,-0.224338,-0.503884,0.834130,-0.918854,0.394499,-0.008814
10.340000,0.668804,-0.536324,-0.478818,-0.047558,0.080115,-0.103891,-2.538800,1.166825,1.591439,0.148761,-0.098705,-0.035843,-0.535472,2.368104,-0.413942,-1.993036,0.486704,0.308091,0.582623,-0.054627,-0.010486,0.130402,0.194072,-0.029310,0.164981,-0.141678,0.049124,0.029263,-0.039608,0.009243,-0.011344,0.042407,-0.003805,0.133283,71.629540,-0.604895,-22.588576,1.808385,-0.235008,-0.000102,-0.323796,-0.768990,-0.551189,-0.222851,-0.504195,0.834341,-0.919507,0.392989,-0.008114
10.350000,0.668329,-0.535524,-0.479856,-0.047424,0.079888,-0.103596,-2.540714,1.168479,1.589748,0.147938,-0.098854,-0.035632,-0.536013,2.368002,-0.412642,-1.991094,0.486410,0.309745,0.581206,-0.054141,-0.010196,0.130006,0.194156,-0.029417,0.165397,-0.141709,0.048646,0.028972,-0.039679,0.008454,-0.010772,0.041548,-0.003035,0.131664,71.608186,-0.583203,-22.567551,1.811946,-0.247889,-0.000102,-0.322967,-0.769558,-0.550883,-0.221371,-0.504502,0.834549,-0.920156,0.391481,-0.007420
10.360000,0.667855,-0.534726,-0.480890,-0.047288,0.079660,-0.103301,-2.542621,1.170129,1.588061,0.147117,-0.098998,-0.035422,-0.536550,2.367903,-0.411346,-1.989152,0.486115,0.311403,0.579788,-0.053659,-0.009909,0.129608,0.194233,-0.029519,0.165804,-0.141731,0.048172,0.028683,-0.039748,0.007672,-0.010209,0.040693,-0.002271,0.130054,71.586678,-0.561599,-22.546513,1.815425,-0.260638,-0.000102,-0.322135,-0.770124,-0.550580,-0.219898,-0.504805,0.834755,-0.920801,0.389975,-0.006733
10.370000,0.667383,-0.533931,-0.481922,-0.047153,0.079432,-0.103005,-2.544524,1.171773,1.586379,0.146298,-0.099136,-0.035213,-0.537082,2.367807,-0.410053,-1.987209,0.485819,0.313065,0.578371,-0.053182,-0.009625,0.129210,0.194302,-0.029616,0.166202,-0.141747,0.047702,0.028394,-0.039813,0.006895,-0.009654,0.039842,-0.001514,0.128454,71.565017,-0.540082,-22.525461,1.818824,-0.273257,-0.000102,-0.321300,-0.770688,-0.550279,-0.218433,-0.505104,0.834959,-0.921441,0.388471,-0.006054
10.380000,0.666912,-0.533138,-0.482950,-0.047018,0.079204,-0.102709,-2.546421,1.173413,1.584702,0.145480,-0.099270,-0.035005,-0.537609,2.367713,-0.408765,-1.985265,0.485522,0.314731,0.576953,-0.052710,-0.009344,0.128811,0.194363,-0.029707,0.166592,-0.141754,0.047236,0.028106,-0.039875,0.006124,-0.009108,0.038995,-0.000762,0.126863,71.543206,-0.518651,-22.504397,1.822143,-0.285746,-0.000102,-0.320462,-0.771250,-0.549980,-0.216976,-0.505399,0.835161,-0.922077,0.386969,-0.005381
10.390000,0.666442,-0.532347,-0.483976,-0.046882,0.078975,-0.102412,-2.548312,1.175049,1.583030,0.144663,-0.099398,-0.034798,-0.538131,2.367623,-0.407481,-1.983321,0.485224,0.316401,0.575536,-0.052242,-0.009066,0.128412,0.194417,-0.029793,0.166973,-0.141754,0.046774,0.027819,-0.039935,0.005359,-0.008570,0.038152,-0.000017,0.125281,71.521247,-0.497306,-22.483321,1.825383,-0.298107,-0.000102,-0.319621,-0.771810,-0.549683,-0.215526,-0.505690,0.835360,-0.922709,0.385469,-0.004716
10.400000,0.665974,-0.531558,-0.484999,-0.046746,0.078746,-0.102115,-2.550198,1.176679,1.581362,0.143849,-0.099522,-0.034593,-0.538649,2.367535,-0.406201,-1.981376,0.484925,0.318074,0.574118,-0.051779,-0.008791,0.128012,0.194463,-0.029873,0.167347,-0.141747,0.046315,0.027533,-0.039992,0.004599,-0.008040,0.037313,0.000722,0.123709,71.499142,-0.476046,-22.462232,1.828546,-0.310338,-0.000102,-0.318777,-0.772368,-0.549389,-0.214084,-0.505977,0.835557,-0.923336,0.383972,-0.004057
10.410000,0.665508,-0.530772,-0.486018,-0.046610,0.078517,-0.101818,-2.552079,1.178305,1.579700,0.143036,-0.099640,-0.034389,-0.539162,2.367450,-0.404925,-1.979431,0.484625,0.319751,0.572701,-0.051320,-0.008518,0.127611,0.194501,-0.029948,0.167711,-0.141733,0.045860,0.027248,-0.040047,0.003845,-0.007518,0.036478,0.001455,0.122146,71.476894,-0.454872,-22.441132,1.831632,-0.322442,-0.000102,-0.317931,-0.772924,-0.549097,-0.212649,-0.506261,0.835752,-0.923959,0.382476,-0.003405
10.420000,0.665042,-0.529988,-0.487035,-0.046473,0.078287,-0.101520,-2.553954,1.179926,1.578042,0.142224,-0.099753,-0.034186,-0.539671,2.367367,-0.403653,-1.977486,0.484325,0.321432,0.571284,-0.050866,-0.008248,0.127210,0.194532,-0.030018,0.168068,-0.141711,0.045409,0.026963,-0.040098,0.003097,-0.007005,0.035647,0.002181,0.120593,71.454505,-0.433782,-22.420021,1.834643,-0.334419,-0.000101,-0.317082,-0.773479,-0.548808,-0.211222,-0.506540,0.835944,-0.924578,0.380983,-0.002761
10.430000,0.664578,-0.529206,-0.488049,-0.046337,0.078057,-0.101222,-2.555823,1.181542,1.576389,0.141414,-0.099861,-0.033984,-0.540175,2.367287,-0.402385,-1.975541,0.484024,0.323116,0.569867,-0.050417,-0.007982,0.126809,0.194556,-0.030083,0.168416,-0.141682,0.044962,0.026680,-0.040147,0.002354,-0.006499,0.034820,0.002901,0.119050,71.431977,-0.412777,-22.398898,1.837578,-0.346269,-0.000101,-0.316231,-0.774031,-0.548520,-0.209802,-0.506815,0.836135,-0.925192,0.379492,-0.002123
10.440000,0.664115,-0.528427,-0.489059,-0.046200,0.077826,-0.100923,-2.557687,1.183154,1.574741,0.140606,-0.099964,-0.033783,-0.540675,2.367210,-0.401121,-1.973595,0.483723,0.324804,0.568451,-0.049971,-0.007718,0.126407,0.194572,-0.030143,0.168756,-0.141646,0.044519,0.026397,-0.040193,0.001617,-0.006002,0.033996,0.003615,0.117516,71.409312,-0.391856,-22.377765,1.840439,-0.357993,-0.000101,-0.315377,-0.774581,-0.548235,-0.208390,-0.507087,0.836323,-0.925803,0.378004,-0.001491
10.450000,0.663654,-0.527650,-0.490067,-0.046063,0.077596,-0.100623,-2.559546,1.184761,1.573098,0.139800,-0.100062,-0.033583,-0.541170,2.367136,-0.399861,-1.971649,0.483421,0.326494,0.567035,-0.049531,-0.007457,0.126005,0.194581,-0.030199,0.169088,-0.141602,0.044079,0.026115,-0.040236,0.000885,-0.005512,0.033176,0.004323,0.115992,71.386513,-0.371018,-22.356622,1.843227,-0.369591,-0.000101,-0.314521,-0.775129,-0.547952,-0.206986,-0.507355,0.836509,-0.926409,0.376518,-0.000867
10.460000,0.663194,-0.526875,-0.491072,-0.045926,0.077364,-0.100324,-2.561399,1.186363,1.571460,0.138995,-0.100155,-0.033385,-0.541661,2.367064,-0.398605,-1.969703,0.483118,0.328189,0.565619,-0.049094,-0.007198,0.125602,0.194582,-0.030249,0.169411,-0.141552,0.043643,0.025835,-0.040277,0.000158,-0.005031,0.032360,0.005025,0.114477,71.363582,-0.350264,-22.335469,1.845943,-0.381065,-0.000101,-0.313662,-0.775675,-0.547671,-0.205589,-0.507619,0.836693,-0.927011,0.375034,-0.000249
10.470000,0.662736,-0.526102,-0.492074,-0.045788,0.077133,-0.100023,-2.563246,1.187960,1.569827,0.138192,-0.100243,-0.033188,-0.542148,2.366994,-0.397353,-1.967757,0.482816,0.329886,0.564204,-0.048662,-0.006943,0.125199,0.194577,-0.030294,0.169727,-0.141495,0.043210,0.025555,-0.040315,-0.000564,-0.004557,0.031548,0.005720,0.112972,71.340521,-0.329592,-22.314307,1.848588,-0.392415,-0.000101,-0.312801,-0.776219,-0.547393,-0.204199,-0.507880,0.836876,-0.927609,0.373553,0.000362
10.480000,0.662278,-0.525332,-0.493072,-0.045650,0.076901,-0.099723,-2.565088,1.189552,1.568199,0.137391,-0.100327,-0.032991,-0.542630,2.366927,-0.396105,-1.965812,0.482512,0.331586,0.562790,-0.048234,-0.006690,0.124795,0.194564,-0.030335,0.170034,-0.141431,0.042781,0.025276,-0.040351,-0.001281,-0.004091,0.030739,0.006409,0.111477,71.317332,-0.309003,-22.293136,1.851162,-0.403642,-0.000101,-0.311938,-0.776761,-0.547117,-0.202817,-0.508137,0.837056,-0.928202,0.372074,0.000967
10.490000,0.661823,-0.524564,-0.494068,-0.045513,0.076669,-0.099422,-2.566924,1.191140,1.566575,0.136592,-0.100405,-0.032796,-0.543108,2.366863,-0.394861,-1.963866,0.482208,0.333290,0.561376,-0.047811,-0.006440,0.124391,0.194544,-0.030372,0.170334,-0.141360,0.042355,0.024997,-0.040384,-0.001992,-0.003633,0.029934,0.007092,0.109991,71.294017,-0.288496,-22.271955,1.853667,-0.414745,-0.000101,-0.311073,-0.777301,-0.546843,-0.201443,-0.508390,0.837234,-0.928792,0.370598,0.001564
10.500000,0.661368,-0.523799,-0.495061,-0.045375,0.076436,-0.099120,-2.568755,1.192723,1.564957,0.135794,-0.100479,-0.032602,-0.543582,2.366801,-0.393621,-1.961921,0.481904,0.334996,0.559963,-0.047391,-0.006193,0.123987,0.194517,-0.030403,0.170625,-0.141282,0.041933,0.024720,-0.040415,-0.002699,-0.003182,0.029132,0.007768,0.108515,71.270579,-0.268071,-22.250767,1.856103,-0.425727,-0.000101,-0.310205,-0.777839,-0.546571,-0.200076,-0.508639,0.837410,-0.929377,0.369125,0.002156
10.510000,0.660915,-0.523036,-0.496050,-0.045236,0.076204,-0.098818,-2.570580,1.194301,1.563343,0.134999,-0.100547,-0.032409,-0.544052,2.366741,-0.392385,-1.959976,0.481600,0.336705,0.558551,-0.046976,-0.005948,0.123583,0.194483,-0.030431,0.170908,-0.141198,0.041514,0.024443,-0.040443,-0.003401,-0.002739,0.028334,0.008439,0.107048,71.247019,-0.247728,-22.229571,1.858471,-0.436587,-0.000101,-0.309336,-0.778375,-0.546301,-0.198716,-0.508885,0.837585,-0.929959,0.367654,0.002740
10.520000,0.660463,-0.522275,-0.497037,-0.045098,0.075971,-0.098516,-2.572400,1.195874,1.561734,0.134205,-0.100611,-0.032217,-0.544518,2.366684,-0.391153,-1.958032,0.481296,0.338417,0.557140,-0.046565,-0.005707,0.123178,0.194442,-0.030454,0.171184,-0.141107,0.041099,0.024168,-0.040468,-0.004097,-0.002304,0.027539,0.009103,0.105591,71.223341,-0.227465,-22.208368,1.860772,-0.447326,-0.000101,-0.308464,-0.778908,-0.546033,-0.197365,-0.509127,0.837757,-0.930536,0.366185,0.003319
10.530000,0.660013,-0.521516,-0.498021,-0.044960,0.075737,-0.098213,-2.574214,1.197442,1.560130,0.133414,-0.100670,-0.032026,-0.544979,2.366630,-0.389926,-1.956088,0.480991,0.340131,0.555730,-0.046158,-0.005468,0.122773,0.194394,-0.030473,0.171451,-0.141009,0.040687,0.023893,-0.040491,-0.004790,-0.001875,0.026748,0.009761,0.104144,71.199546,-0.207283,-22.187157,1.863007,-0.457945,-0.000101,-0.307590,-0.779439,-0.545768,-0.196020,-0.509366,0.837927,-0.931109,0.364720,0.003890
10.540000,0.659564,-0.520760,-0.499001,-0.044821,0.075504,-0.097910,-2.576022,1.199006,1.558531,0.132624,-0.100725,-0.031837,-0.545437,2.366577,-0.388702,-1.954145,0.480686,0.341848,0.554321,-0.045756,-0.005231,0.122368,0.194339,-0.030487,0.171711,-0.140905,0.040278,0.023619,-0.040512,-0.005477,-0.001455,0.025960,0.010412,0.102707,71.175636,-0.187182,-22.165940,1.865176,-0.468445,-0.000101,-0.306715,-0.779969,-0.545504,-0.194683,-0.509601,0.838096,-0.931678,0.363257,0.004456
10.550000,0.659117,-0.520006,-0.499979,-0.044682,0.075270,-0.097607,-2.577825,1.200564,1.556938,0.131836,-0.100774,-0.031648,-0.545890,2.366527,-0.387482,-1.952202,0.480381,0.343568,0.552913,-0.045357,-0.004998,0.121963,0.194278,-0.030498,0.171962,-0.140795,0.039873,0.023346,-0.040530,-0.006159,-0.001041,0.025176,0.011058,0.101279,71.151613,-0.167160,-22.144717,1.867281,-0.478826,-0.000100,-0.305837,-0.780496,-0.545243,-0.193354,-0.509833,0.838263,-0.932243,0.361797,0.005014
10.560000,0.658671,-0.519255,-0.500954,-0.044543,0.075035,-0.097303,-2.579623,1.202118,1.555349,0.131051,-0.100819,-0.031461,-0.546340,2.366480,-0.386267,-1.950260,0.480076,0.345290,0.551507,-0.044962,-0.004767,0.121557,0.194209,-0.030504,0.172206,-0.140678,0.039470,0.023074,-0.040546,-0.006837,-0.000635,0.024395,0.011697,0.099861,71.127479,-0.147219,-22.123488,1.869323,-0.489088,-0.000100,-0.304958,-0.781021,-0.544984,-0.192031,-0.510061,0.838428,-0.932805,0.360340,0.005567
10.570000,0.658226,-0.518506,-0.501925,-0.044404,0.074801,-0.096999,-2.581414,1.203667,1.553765,0.130267,-0.100859,-0.031274,-0.546786,2.366434,-0.385055,-1.948318,0.479771,0.347014,0.550101,-0.044571,-0.004539,0.121152,0.194134,-0.030506,0.172443,-0.140554,0.039072,0.022803,-0.040559,-0.007511,-0.000236,0.023618,0.012330,0.098452,71.103238,-0.127356,-22.102254,1.871301,-0.499234,-0.000100,-0.304077,-0.781543,-0.544727,-0.190717,-0.510286,0.838591,-0.933362,0.358885,0.006113
10.580000,0.657783,-0.517759,-0.502893,-0.044264,0.074566,-0.096694,-2.583200,1.205212,1.552186,0.129485,-0.100895,-0.031089,-0.547227,2.366391,-0.383848,-1.946378,0.479466,0.348741,0.548697,-0.044185,-0.004314,0.120746,0.194053,-0.030505,0.172671,-0.140425,0.038676,0.022533,-0.040570,-0.008180,0.000156,0.022844,0.012957,0.097053,71.078890,-0.107573,-22.081014,1.873218,-0.509262,-0.000100,-0.303195,-0.782064,-0.544472,-0.189409,-0.510507,0.838753,-0.933915,0.357434,0.006653
10.590000,0.657341,-0.517014,-0.503859,-0.044125,0.074331,-0.096389,-2.584981,1.206751,1.550611,0.128706,-0.100926,-0.030904,-0.547665,2.366350,-0.382644,-1.944438,0.479161,0.350470,0.547294,-0.043802,-0.004091,0.120340,0.193964,-0.030499,0.172892,-0.140289,0.038283,0.022264,-0.040579,-0.008844,0.000541,0.022073,0.013577,0.095664,71.054437,-0.087868,-22.059771,1.875073,-0.519174,-0.000100,-0.302311,-0.782582,-0.544219,-0.188110,-0.510725,0.838913,-0.934464,0.355985,0.007186
10.600000,0.656900,-0.516272,-0.504821,-0.043985,0.074095,-0.096084,-2.586756,1.208285,1.549042,0.127928,-0.100952,-0.030721,-0.548100,2.366312,-0.381445,-1.942500,0.478856,0.352201,0.545892,-0.043423,-0.003871,0.119934,0.193869,-0.030490,0.173105,-0.140147,0.037894,0.021995,-0.040585,-0.009504,0.000919,0.021305,0.014192,0.094284,71.029883,-0.068242,-22.038524,1.876868,-0.528971,-0.000100,-0.301425,-0.783098,-0.543968,-0.186817,-0.510940,0.839071,-0.935009,0.354539,0.007714
10.610000,0.656461,-0.515532,-0.505781,-0.043845,0.073859,-0.095778,-2.588525,1.209815,1.547478,0.127153,-0.100973,-0.030539,-0.548530,2.366275,-0.380250,-1.940562,0.478551,0.353934,0.544492,-0.043048,-0.003654,0.119529,0.193768,-0.030477,0.173310,-0.139999,0.037507,0.021728,-0.040590,-0.010160,0.001290,0.020541,0.014800,0.092914,71.005228,-0.048694,-22.017273,1.878603,-0.538652,-0.000100,-0.300538,-0.783612,-0.543719,-0.185532,-0.511151,0.839227,-0.935551,0.353097,0.008235
10.620000,0.656023,-0.514795,-0.506737,-0.043705,0.073623,-0.095472,-2.590288,1.211340,1.545919,0.126380,-0.100990,-0.030358,-0.548957,2.366241,-0.379058,-1.938625,0.478247,0.355669,0.543094,-0.042677,-0.003439,0.119123,0.193659,-0.030461,0.173508,-0.139845,0.037124,0.021461,-0.040592,-0.010811,0.001654,0.019780,0.015402,0.091554,70.980476,-0.029223,-21.996019,1.880279,-0.548220,-0.000100,-0.299649,-0.784123,-0.543472,-0.184254,-0.511359,0.839382,-0.936088,0.351657,0.008750
10.630000,0.655587,-0.514060,-0.507690,-0.043565,0.073387,-0.095166,-2.592046,1.212859,1.544365,0.125609,-0.101003,-0.030177,-0.549380,2.366208,-0.377871,-1.936690,0.477942,0.357406,0.541697,-0.042309,-0.003227,0.118717,0.193545,-0.030441,0.173698,-0.139685,0.036743,0.021196,-0.040591,-0.011458,0.002011,0.019023,0.015998,0.090203,70.955628,-0.009830,-21.974763,1.881897,-0.557674,-0.000100,-0.298759,-0.784632,-0.543227,-0.182984,-0.511564,0.839535,-0.936622,0.350220,0.009259
10.640000,0.655152,-0.513327,-0.508640,-0.043424,0.073151,-0.094859,-2.593798,1.214374,1.542816,0.124840,-0.101011,-0.029998,-0.549799,2.366178,-0.376688,-1.934756,0.477638,0.359145,0.540302,-0.041945,-0.003018,0.118311,0.193424,-0.030417,0.173881,-0.139519,0.036366,0.020931,-0.040589,-0.012100,0.002361,0.018268,0.016588,0.088862,70.930686,0.009486,-21.953505,1.883458,-0.567016,-0.000100,-0.297867,-0.785139,-0.542984,-0.181721,-0.511766,0.839687,-0.937151,0.348787,0.009762
10.650000,0.654718,-0.512597,-0.509587,-0.043284,0.072914,-0.094552,-2.595545,1.215884,1.541272,0.124074,-0.101015,-0.029820,-0.550215,2.366150,-0.375509,-1.932823,0.477334,0.360886,0.538908,-0.041586,-0.002811,0.117905,0.193296,-0.030390,0.174056,-0.139347,0.035992,0.020667,-0.040584,-0.012738,0.002705,0.017517,0.017172,0.087530,70.905652,0.028725,-21.932245,1.884962,-0.576245,-0.000100,-0.296975,-0.785644,-0.542743,-0.180466,-0.511964,0.839836,-0.937677,0.347356,0.010259
10.660000,0.654286,-0.511869,-0.510531,-0.043143,0.072677,-0.094245,-2.597286,1.217389,1.539733,0.123309,-0.101014,-0.029643,-0.550628,2.366124,-0.374334,-1.930891,0.477031,0.362628,0.537517,-0.041229,-0.002607,0.117499,0.193163,-0.030360,0.174224,-0.139170,0.035620,0.020404,-0.040578,-0.013373,0.003042,0.016769,0.017750,0.086208,70.880528,0.047888,-21.910984,1.886410,-0.585363,-0.000100,-0.296081,-0.786146,-0.542504,-0.179217,-0.512159,0.839985,-0.938199,0.345929,0.010749
10.670000,0.653855,-0.511143,-0.511472,-0.043002,0.072440,-0.093937,-2.599021,1.218890,1.538198,0.122547,-0.101008,-0.029467,-0.551036,2.366100,-0.373163,-1.928961,0.476727,0.364372,0.536127,-0.040877,-0.002406,0.117094,0.193023,-0.030326,0.174384,-0.138987,0.035252,0.020143,-0.040569,-0.014003,0.003373,0.016024,0.018321,0.084896,70.855317,0.066974,-21.889723,1.887804,-0.594370,-0.000100,-0.295185,-0.786647,-0.542266,-0.177976,-0.512351,0.840132,-0.938717,0.344505,0.011234
10.680000,0.653426,-0.510420,-0.512410,-0.042861,0.072202,-0.093629,-2.600751,1.220385,1.536669,0.121787,-0.100999,-0.029292,-0.551442,2.366078,-0.371996,-1.927032,0.476424,0.366117,0.534739,-0.040528,-0.002207,0.116688,0.192876,-0.030289,0.174537,-0.138798,0.034886,0.019882,-0.040558,-0.014628,0.003697,0.015282,0.018887,0.083593,70.830020,0.085985,-21.868461,1.889143,-0.603267,-0.000100,-0.294289,-0.787144,-0.542031,-0.176743,-0.512540,0.840277,-0.939232,0.343084,0.011713
10.690000,0.652998,-0.509699,-0.513345,-0.042720,0.071964,-0.093321,-2.602475,1.221875,1.535145,0.121029,-0.100984,-0.029117,-0.551843,2.366058,-0.370834,-1.925105,0.476122,0.367864,0.533353,-0.040183,-0.002011,0.116282,0.192724,-0.030249,0.174682,-0.138603,0.034523,0.019622,-0.040545,-0.015250,0.004015,0.014544,0.019446,0.082299,70.804639,0.104921,-21.847200,1.890428,-0.612055,-0.000100,-0.293392,-0.787640,-0.541798,-0.175516,-0.512725,0.840421,-0.939742,0.341667,0.012186
10.700000,0.652572,-0.508981,-0.514276,-0.042579,0.071726,-0.093012,-2.604193,1.223361,1.533626,0.120274,-0.100966,-0.028944,-0.552242,2.366040,-0.369675,-1.923179,0.475820,0.369612,0.531969,-0.039841,-0.001817,0.115877,0.192565,-0.030205,0.174820,-0.138403,0.034163,0.019363,-0.040530,-0.015868,0.004326,0.013809,0.020000,0.081015,70.779177,0.123781,-21.825940,1.891661,-0.620734,-0.000100,-0.292493,-0.788133,-0.541566,-0.174297,-0.512908,0.840563,-0.940249,0.340252,0.012653
10.710000,0.652147,-0.508265,-0.515205,-0.042437,0.071488,-0.092703,-2.605905,1.224841,1.532112,0.119521,-0.100943,-0.028772,-0.552637,2.366023,-0.368520,-1.921255,0.475518,0.371362,0.530587,-0.039503,-0.001626,0.115472,0.192400,-0.030159,0.174951,-0.138198,0.033806,0.019105,-0.040513,-0.016481,0.004631,0.013077,0.020547,0.079740,70.753634,0.142566,-21.804681,1.892841,-0.629306,-0.000099,-0.291594,-0.788624,-0.541337,-0.173085,-0.513088,0.840704,-0.940752,0.338841,0.013114
10.720000,0.651723,-0.507551,-0.516130,-0.042296,0.071249,-0.092394,-2.607612,1.226317,1.530603,0.118770,-0.100916,-0.028601,-0.553029,2.366009,-0.367369,-1.919333,0.475217,0.373112,0.529207,-0.039169,-0.001438,0.115067,0.192230,-0.030110,0.175075,-0.137987,0.033451,0.018848,-0.040494,-0.017091,0.004930,0.012347,0.021089,0.078475,70.728015,0.161276,-21.783424,1.893970,-0.637769,-0.000099,-0.290694,-0.789112,-0.541109,-0.171880,-0.513264,0.840843,-0.941251,0.337434,0.013570
10.730000,0.651301,-0.506840,-0.517053,-0.042154,0.071011,-0.092084,-2.609313,1.227788,1.529099,0.118022,-0.100885,-0.028431,-0.553417,2.365996,-0.366223,-1.917412,0.474917,0.374864,0.527829,-0.038838,-0.001252,0.114662,0.192053,-0.030058,0.175191,-0.137771,0.033100,0.018592,-0.040473,-0.017696,0.005223,0.011621,0.021624,0.077220,70.702319,0.179913,-21.762169,1.895048,-0.646127,-0.000099,-0.289793,-0.789598,-0.540883,-0.170683,-0.513438,0.840981,-0.941747,0.336030,0.014020
10.740000,0.650880,-0.506131,-0.517972,-0.042012,0.070772,-0.091775,-2.611009,1.229254,1.527601,0.117276,-0.100849,-0.028261,-0.553802,2.365986,-0.365080,-1.915494,0.474617,0.376617,0.526454,-0.038510,-0.001069,0.114258,0.191870,-0.030002,0.175300,-0.137549,0.032751,0.018337,-0.040450,-0.018298,0.005509,0.010899,0.022154,0.075973,70.676550,0.198475,-21.740917,1.896076,-0.654378,-0.000099,-0.288891,-0.790082,-0.540659,-0.169493,-0.513608,0.841117,-0.942239,0.334629,0.014464
10.750000,0.650461,-0.505424,-0.518888,-0.041870,0.070533,-0.091464,-2.612698,1.230714,1.526107,0.116533,-0.100809,-0.028093,-0.554184,2.365977,-0.363942,-1.913577,0.474317,0.378371,0.525081,-0.038186,-0.000888,0.113854,0.191681,-0.029945,0.175402,-0.137322,0.032404,0.018084,-0.040425,-0.018896,0.005790,0.010179,0.022677,0.074736,70.650709,0.216963,-21.719668,1.897055,-0.662524,-0.000099,-0.287988,-0.790564,-0.540437,-0.168310,-0.513776,0.841253,-0.942727,0.333231,0.014902
10.760000,0.650043,-0.504720,-0.519801,-0.041728,0.070293,-0.091154,-2.614382,1.232170,1.524618,0.115792,-0.100765,-0.027926,-0.554563,2.365970,-0.362807,-1.911662,0.474018,0.380126,0.523710,-0.037865,-0.000709,0.113450,0.191486,-0.029884,0.175496,-0.137091,0.032061,0.017831,-0.040399,-0.019489,0.006064,0.009462,0.023195,0.073509,70.624798,0.235378,-21.698424,1.897985,-0.670566,-0.000099,-0.287084,-0.791043,-0.540216,-0.167134,-0.513941,0.841386,-0.943212,0.331837,0.015335
10.770000,0.649626,-0.504018,-0.520711,-0.041586,0.070054,-0.090843,-2.616060,1.233621,1.523134,0.115053,-0.100717,-0.027759,-0.554938,2.365964,-0.361677,-1.909749,0.473720,0.381882,0.522341,-0.037548,-0.000534,0.113046,0.191285,-0.029821,0.175584,-0.136853,0.031720,0.017579,-0.040370,-0.020079,0.006333,0.008749,0.023706,0.072291,70.598819,0.253720,-21.677184,1.898867,-0.678504,-0.000099,-0.286180,-0.791520,-0.539998,-0.165965,-0.514103,0.841519,-0.943693,0.330447,0.015762
10.780000,0.649211,-0.503319,-0.521618,-0.041443,0.069814,-0.090533,-2.617733,1.235067,1.521656,0.114317,-0.100665,-0.027594,-0.555310,2.365961,-0.360550,-1.907838,0.473423,0.383639,0.520975,-0.037234,-0.000360,0.112643,0.191078,-0.029755,0.175664,-0.136611,0.031381,0.017328,-0.040340,-0.020665,0.006595,0.008038,0.024212,0.071082,70.572774,0.271989,-21.655948,1.899702,-0.686339,-0.000099,-0.285276,-0.791994,-0.539781,-0.164803,-0.514262,0.841650,-0.944170,0.329060,0.016183
10.790000,0.648797,-0.502622,-0.522522,-0.041301,0.069574,-0.090221,-2.619400,1.236508,1.520182,0.113583,-0.100608,-0.027429,-0.555680,2.365959,-0.359428,-1.905930,0.473126,0.385396,0.519611,-0.036924,-0.000190,0.112239,0.190866,-0.029686,0.175737,-0.136364,0.031045,0.017079,-0.040308,-0.021247,0.006852,0.007331,0.024712,0.069882,70.546665,0.290186,-21.634719,1.900490,-0.694071,-0.000099,-0.284370,-0.792466,-0.539566,-0.163649,-0.514418,0.841780,-0.944644,0.327677,0.016599
10.800000,0.648385,-0.501928,-0.523423,-0.041158,0.069334,-0.089910,-2.621061,1.237944,1.518714,0.112851,-0.100548,-0.027266,-0.556046,2.365959,-0.358309,-1.904023,0.472830,0.387154,0.518250,-0.036617,-0.000021,0.111837,0.190648,-0.029615,0.175804,-0.136112,0.030712,0.016830,-0.040274,-0.021826,0.007103,0.006626,0.025206,0.068691,70.520494,0.308310,-21.613495,1.901232,-0.701701,-0.000099,-0.283465,-0.792935,-0.539353,-0.162501,-0.514572,0.841908,-0.945114,0.326297,0.017010
10.810000,0.647974,-0.501235,-0.524320,-0.041016,0.069094,-0.089598,-2.622716,1.239375,1.517250,0.112123,-0.100483,-0.027103,-0.556409,2.365960,-0.357195,-1.902119,0.472534,0.388913,0.516892,-0.036313,0.000145,0.111434,0.190424,-0.029542,0.175863,-0.135855,0.030381,0.016583,-0.040238,-0.022400,0.007348,0.005925,0.025694,0.067510,70.494263,0.326362,-21.592277,1.901929,-0.709231,-0.000099,-0.282559,-0.793403,-0.539141,-0.161361,-0.514722,0.842035,-0.945581,0.324921,0.017415
10.820000,0.647564,-0.500546,-0.525215,-0.040873,0.068853,-0.089286,-2.624366,1.240801,1.515792,0.111396,-0.100415,-0.026941,-0.556769,2.365963,-0.356085,-1.900217,0.472239,0.390672,0.515536,-0.036012,0.000308,0.111032,0.190194,-0.029466,0.175915,-0.135593,0.030053,0.016337,-0.040201,-0.022971,0.007588,0.005227,0.026177,0.066338,70.467973,0.344343,-21.571067,1.902581,-0.716660,-0.000099,-0.281652,-0.793867,-0.538931,-0.160228,-0.514870,0.842161,-0.946044,0.323548,0.017815
10.830000,0.647156,-0.499858,-0.526106,-0.040730,0.068612,-0.088974,-2.626009,1.242223,1.514339,0.110672,-0.100342,-0.026780,-0.557126,2.365968,-0.354978,-1.898317,0.471946,0.392432,0.514183,-0.035715,0.000469,0.110631,0.189958,-0.029388,0.175961,-0.135327,0.029728,0.016092,-0.040162,-0.023538,0.007822,0.004531,0.026653,0.065175,70.441627,0.362252,-21.549864,1.903189,-0.723990,-0.000099,-0.280745,-0.794330,-0.538723,-0.159102,-0.515015,0.842286,-0.946504,0.322179,0.018209
10.840000,0.646750,-0.499173,-0.526994,-0.040587,0.068371,-0.088662,-2.627647,1.243639,1.512891,0.109951,-0.100266,-0.026620,-0.557480,2.365974,-0.353876,-1.896420,0.471652,0.394192,0.512832,-0.035421,0.000627,0.110230,0.189717,-0.029307,0.175999,-0.135056,0.029404,0.015848,-0.040122,-0.024101,0.008050,0.003839,0.027124,0.064022,70.415226,0.380090,-21.528669,1.903754,-0.731220,-0.000099,-0.279838,-0.794790,-0.538517,-0.157982,-0.515158,0.842410,-0.946960,0.320814,0.018598
10.850000,0.646345,-0.498491,-0.527879,-0.040444,0.068130,-0.088349,-2.629280,1.245050,1.511447,0.109232,-0.100185,-0.026461,-0.557832,2.365982,-0.352778,-1.894526,0.471360,0.395952,0.511484,-0.035130,0.000783,0.109829,0.189471,-0.029224,0.176030,-0.134780,0.029084,0.015605,-0.040079,-0.024660,0.008273,0.003150,0.027589,0.062877,70.388773,0.397857,-21.507483,1.904276,-0.738353,-0.000099,-0.278930,-0.795247,-0.538312,-0.156870,-0.515298,0.842532,-0.947412,0.319453,0.018981
10.860000,0.645941,-0.497811,-0.528761,-0.040301,0.067889,-0.088036,-2.630906,1.246456,1.510010,0.108516,-0.100101,-0.026303,-0.558180,2.365991,-0.351684,-1.892633,0.471069,0.397712,0.510139,-0.034843,0.000937,0.109428,0.189219,-0.029139,0.176055,-0.134499,0.028765,0.015363,-0.040035,-0.025216,0.008491,0.002464,0.028049,0.061741,70.362268,0.415554,-21.486306,1.904756,-0.745388,-0.000099,-0.278022,-0.795703,-0.538109,-0.155765,-0.515435,0.842653,-0.947861,0.318095,0.019360
10.870000,0.645539,-0.497133,-0.529640,-0.040157,0.067648,-0.087723,-2.632527,1.247857,1.508577,0.107803,-0.100013,-0.026146,-0.558526,2.366002,-0.350593,-1.890744,0.470778,0.399473,0.508797,-0.034558,0.001088,0.109028,0.188961,-0.029052,0.176073,-0.134214,0.028449,0.015122,-0.039990,-0.025767,0.008703,0.001781,0.028502,0.060615,70.335715,0.433180,-21.465138,1.905195,-0.752326,-0.000099,-0.277114,-0.796155,-0.537907,-0.154667,-0.515569,0.842773,-0.948307,0.316741,0.019733
10.880000,0.645138,-0.496458,-0.530516,-0.040014,0.067406,-0.087410,-2.634142,1.249253,1.507149,0.107092,-0.099921,-0.025990,-0.558869,2.366015,-0.349507,-1.888857,0.470489,0.401234,0.507458,-0.034277,0.001237,0.108629,0.188698,-0.028963,0.176084,-0.133925,0.028136,0.014883,-0.039943,-0.026316,0.008910,0.001101,0.028950,0.059497,70.309115,0.450736,-21.443981,1.905592,-0.759168,-0.000099,-0.276206,-0.796606,-0.537707,-0.153575,-0.515701,0.842892,-0.948749,0.315391,0.020101
10.890000,0.644738,-0.495785,-0.531388,-0.039870,0.067164,-0.087096,-2.635751,1.250645,1.505726,0.106383,-0.099825,-0.025834,-0.559209,2.366029,-0.348425,-1.886972,0.470200,0.402995,0.506121,-0.033999,0.001384,0.108230,0.188429,-0.028872,0.176088,-0.133631,0.027825,0.014645,-0.039894,-0.026860,0.009111,0.000424,0.029393,0.058389,70.282469,0.468222,-21.422835,1.905950,-0.765914,-0.000099,-0.275298,-0.797054,-0.537509,-0.152491,-0.515831,0.843009,-0.949188,0.314044,0.020464
10.900000,0.644340,-0.495115,-0.532258,-0.039727,0.066922,-0.086783,-2.637354,1.252031,1.504309,0.105677,-0.099725,-0.025679,-0.559546,2.366044,-0.347346,-1.885091,0.469912,0.404756,0.504788,-0.033723,0.001528,0.107832,0.188155,-0.028779,0.176086,-0.133333,0.027516,0.014408,-0.039844,-0.027401,0.009308,-0.000251,0.029830,0.057289,70.255780,0.485639,-21.401699,1.906267,-0.772566,-0.000099,-0.274390,-0.797499,-0.537313,-0.151414,-0.515958,0.843126,-0.949623,0.312702,0.020821
10.910000,0.643944,-0.494447,-0.533124,-0.039583,0.066680,-0.086469,-2.638952,1.253412,1.502896,0.104974,-0.099621,-0.025526,-0.559880,2.366061,-0.346272,-1.883212,0.469625,0.406516,0.503458,-0.033451,0.001669,0.107434,0.187876,-0.028684,0.176076,-0.133030,0.027209,0.014172,-0.039793,-0.027938,0.009499,-0.000922,0.030261,0.056198,70.229049,0.502987,-21.380576,1.906546,-0.779124,-0.000099,-0.273482,-0.797942,-0.537118,-0.150343,-0.516082,0.843241,-0.950055,0.311363,0.021174
10.920000,0.643549,-0.493781,-0.533987,-0.039439,0.066438,-0.086155,-2.640543,1.254788,1.501489,0.104274,-0.099514,-0.025373,-0.560212,2.366079,-0.345202,-1.881336,0.469339,0.408277,0.502131,-0.033182,0.001809,0.107036,0.187591,-0.028587,0.176060,-0.132723,0.026905,0.013937,-0.039740,-0.028471,0.009685,-0.001589,0.030686,0.055116,70.202278,0.520266,-21.359464,1.906786,-0.785588,-0.000099,-0.272574,-0.798383,-0.536924,-0.149279,-0.516204,0.843356,-0.950484,0.310029,0.021522
10.930000,0.643155,-0.493118,-0.534847,-0.039296,0.066196,-0.085841,-2.642129,1.256159,1.500087,0.103576,-0.099403,-0.025221,-0.560541,2.366098,-0.344135,-1.879463,0.469055,0.410037,0.500806,-0.032916,0.001946,0.106639,0.187301,-0.028489,0.176038,-0.132412,0.026603,0.013704,-0.039686,-0.029001,0.009866,-0.002254,0.031106,0.054043,70.175469,0.537476,-21.338366,1.906988,-0.791960,-0.000099,-0.271666,-0.798821,-0.536733,-0.148223,-0.516324,0.843469,-0.950909,0.308698,0.021864
10.940000,0.642763,-0.492457,-0.535704,-0.039152,0.065953,-0.085526,-2.643710,1.257526,1.498690,0.102881,-0.099289,-0.025069,-0.560868,2.366119,-0.343073,-1.877593,0.468771,0.411797,0.499486,-0.032653,0.002080,0.106243,0.187006,-0.028388,0.176009,-0.132097,0.026304,0.013472,-0.039630,-0.029527,0.010043,-0.002916,0.031521,0.052979,70.148624,0.554617,-21.317281,1.907153,-0.798240,-0.000099,-0.270758,-0.799257,-0.536542,-0.147173,-0.516441,0.843581,-0.951331,0.307371,0.022202
10.950000,0.642372,-0.491799,-0.536557,-0.039008,0.065711,-0.085212,-2.645284,1.258887,1.497298,0.102188,-0.099170,-0.024919,-0.561192,2.366141,-0.342014,-1.875726,0.468488,0.413557,0.498168,-0.032393,0.002213,0.105847,0.186705,-0.028286,0.175973,-0.131777,0.026006,0.013241,-0.039573,-0.030049,0.010214,-0.003575,0.031930,0.051924,70.121744,0.571691,-21.296210,1.907281,-0.804429,-0.000099,-0.269851,-0.799691,-0.536354,-0.146129,-0.516555,0.843692,-0.951749,0.306048,0.022535
10.960000,0.641983,-0.491143,-0.537408,-0.038864,0.065468,-0.084897,-2.646853,1.260243,1.495911,0.101498,-0.099048,-0.024770,-0.561513,2.366164,-0.340960,-1.873862,0.468206,0.415317,0.496853,-0.032136,0.002343,0.105452,0.186400,-0.028182,0.175931,-0.131454,0.025711,0.013011,-0.039514,-0.030568,0.010380,-0.004231,0.032334,0.050877,70.094831,0.588697,-21.275153,1.907374,-0.810527,-0.000099,-0.268943,-0.800122,-0.536167,-0.145093,-0.516668,0.843802,-0.952165,0.304729,0.022862
10.970000,0.641595,-0.490489,-0.538255,-0.038719,0.065225,-0.084582,-2.648415,1.261594,1.494530,0.100811,-0.098923,-0.024621,-0.561832,2.366189,-0.339909,-1.872001,0.467925,0.417075,0.495542,-0.031882,0.002471,0.105058,0.186089,-0.028077,0.175882,-0.131127,0.025418,0.012783,-0.039455,-0.031083,0.010542,-0.004884,0.032732,0.049839,70.067887,0.605635,-21.254111,1.907430,-0.816535,-0.000099,-0.268036,-0.800550,-0.535981,-0.144063,-0.516778,0.843912,-0.952577,0.303414,0.023185
10.980000,0.641208,-0.489838,-0.539100,-0.038575,0.064982,-0.084267,-2.649972,1.262940,1.493153,0.100127,-0.098794,-0.024473,-0.562148,2.366215,-0.338863,-1.870144,0.467646,0.418834,0.494234,-0.031631,0.002596,0.104664,0.185773,-0.027970,0.175827,-0.130796,0.025128,0.012556,-0.039394,-0.031595,0.010699,-0.005533,0.033125,0.048810,70.040914,0.622505,-21.233085,1.907451,-0.822455,-0.000098,-0.267130,-0.800976,-0.535797,-0.143040,-0.516885,0.844020,-0.952985,0.302103,0.023504
10.990000,0.640823,-0.489190,-0.539941,-0.038431,0.064739,-0.083952,-2.651524,1.264281,1.491782,0.099445,-0.098661,-0.024326,-0.562462,2.366242,-0.337820,-1.868289,0.467367,0.420591,0.492929,-0.031382,0.002720,0.104270,0.185452,-0.027861,0.175765,-0.130460,0.024839,0.012331,-0.039331,-0.032103,0.010851,-0.006180,0.033512,0.047789,70.013914,0.639309,-21.212075,1.907438,-0.828285,-0.000098,-0.266224,-0.801400,-0.535614,-0.142024,-0.516990,0.844127,-0.953391,0.300797,0.023817
11.000000,0.640440,-0.488544,-0.540779,-0.038286,0.064496,-0.083636,-2.653069,1.265617,1.490416,0.098766,-0.098525,-0.024180,-0.562773,2.366271,-0.336781,-1.866438,0.467089,0.422348,0.491628,-0.031137,0.002841,0.103878,0.185126,-0.027751,0.175696,-0.130122,0.024553,0.012106,-0.039268,-0.032607,0.010998,-0.006824,0.033894,0.046777,69.986888,0.656045,-21.191082,1.907391,-0.834029,-0.000098,-0.265318,-0.801822,-0.535433,-0.141015,-0.517094,0.844233,-0.953793,0.299494,0.024126
11.010000,0.640058,-0.487900,-0.541613,-0.038142,0.064253,-0.083321,-2.654608,1.266948,1.489054,0.098090,-0.098386,-0.024034,-0.563082,2.366300,-0.335746,-1.864590,0.466813,0.424104,0.490330,-0.030894,0.002960,0.103486,0.184795,-0.027640,0.175622,-0.129779,0.024269,0.011883,-0.039203,-0.033107,0.011141,-0.007464,0.034271,0.045773,69.959837,0.672716,-21.170105,1.907311,-0.839685,-0.000098,-0.264412,-0.802240,-0.535254,-0.140012,-0.517194,0.844338,-0.954192,0.298195,0.024429
11.020000,0.639677,-0.487259,-0.542445,-0.037998,0.064009,-0.083005,-2.656142,1.268274,1.487699,0.097416,-0.098243,-0.023890,-0.563389,2.366331,-0.334715,-1.862745,0.466538,0.425860,0.489036,-0.030654,0.003076,0.103094,0.184459,-0.027527,0.175541,-0.129432,0.023987,0.011661,-0.039137,-0.033604,0.011280,-0.008102,0.034643,0.044778,69.932764,0.689319,-21.149147,1.907198,-0.845254,-0.000098,-0.263507,-0.802657,-0.535075,-0.139016,-0.517293,0.844442,-0.954588,0.296901,0.024729
11.030000,0.639298,-0.486620,-0.543273,-0.037853,0.063766,-0.082689,-2.657670,1.269595,1.486348,0.096745,-0.098096,-0.023746,-0.563693,2.366363,-0.333688,-1.860904,0.466264,0.427614,0.487745,-0.030417,0.003191,0.102704,0.184118,-0.027413,0.175453,-0.129082,0.023707,0.011441,-0.039070,-0.034098,0.011414,-0.008736,0.035009,0.043791,69.905671,0.705857,-21.128206,1.907052,-0.850739,-0.000098,-0.262603,-0.803071,-0.534899,-0.138026,-0.517389,0.844546,-0.954981,0.295610,0.025023
11.040000,0.638920,-0.485983,-0.544099,-0.037708,0.063522,-0.082373,-2.659192,1.270911,1.485002,0.096077,-0.097946,-0.023603,-0.563995,2.366396,-0.332665,-1.859066,0.465991,0.429368,0.486458,-0.030183,0.003303,0.102314,0.183772,-0.027298,0.175360,-0.128729,0.023429,0.011222,-0.039002,-0.034587,0.011543,-0.009368,0.035370,0.042813,69.878558,0.722329,-21.107285,1.906875,-0.856138,-0.000098,-0.261699,-0.803483,-0.534723,-0.137043,-0.517484,0.844648,-0.955370,0.294324,0.025313
11.050000,0.638543,-0.485349,-0.544921,-0.037564,0.063278,-0.082057,-2.660708,1.272222,1.483662,0.095412,-0.097793,-0.023460,-0.564294,2.366430,-0.331646,-1.857232,0.465719,0.431121,0.485174,-0.029951,0.003413,0.101924,0.183421,-0.027181,0.175260,-0.128371,0.023153,0.011004,-0.038932,-0.035073,0.011668,-0.009996,0.035726,0.041843,69.851428,0.738736,-21.086383,1.906666,-0.861453,-0.000098,-0.260796,-0.803892,-0.534550,-0.136067,-0.517576,0.844749,-0.955757,0.293042,0.025599
11.060000,0.638169,-0.484718,-0.545740,-0.037419,0.063035,-0.081741,-2.662219,1.273528,1.482326,0.094750,-0.097636,-0.023319,-0.564592,2.366465,-0.330631,-1.855401,0.465448,0.432872,0.483894,-0.029722,0.003521,0.101536,0.183066,-0.027063,0.175154,-0.128011,0.022879,0.010788,-0.038862,-0.035556,0.011789,-0.010621,0.036076,0.040881,69.824282,0.755077,-21.065500,1.906427,-0.866684,-0.000098,-0.259894,-0.804299,-0.534377,-0.135097,-0.517666,0.844850,-0.956140,0.291764,0.025880
11.070000,0.637795,-0.484089,-0.546556,-0.037274,0.062791,-0.081425,-2.663723,1.274829,1.480996,0.094090,-0.097477,-0.023178,-0.564887,2.366502,-0.329619,-1.853574,0.465179,0.434623,0.482618,-0.029496,0.003627,0.101148,0.182705,-0.026944,0.175041,-0.127646,0.022608,0.010573,-0.038790,-0.036035,0.011906,-0.011243,0.036422,0.039928,69.797123,0.771353,-21.044638,1.906157,-0.871833,-0.000098,-0.258992,-0.804703,-0.534206,-0.134134,-0.517753,0.844949,-0.956520,0.290490,0.026156
11.080000,0.637423,-0.483462,-0.547368,-0.037129,0.062547,-0.081109,-2.665222,1.276124,1.479671,0.093433,-0.097313,-0.023038,-0.565179,2.366539,-0.328612,-1.851751,0.464911,0.436372,0.481345,-0.029273,0.003730,0.100761,0.182340,-0.026824,0.174923,-0.127279,0.022338,0.010360,-0.038718,-0.036510,0.012018,-0.011863,0.036762,0.038983,69.769950,0.787564,-21.023797,1.905858,-0.876899,-0.000098,-0.258091,-0.805105,-0.534036,-0.133177,-0.517839,0.845048,-0.956897,0.289221,0.026429
11.090000,0.637052,-0.482838,-0.548178,-0.036985,0.062303,-0.080792,-2.666715,1.277415,1.478351,0.092779,-0.097147,-0.022899,-0.565470,2.366577,-0.327608,-1.849931,0.464644,0.438120,0.480076,-0.029052,0.003832,0.100374,0.181970,-0.026702,0.174798,-0.126908,0.022071,0.010148,-0.038644,-0.036982,0.012126,-0.012479,0.037097,0.038046,69.742767,0.803711,-21.002978,1.905529,-0.881884,-0.000098,-0.257191,-0.805504,-0.533868,-0.132227,-0.517923,0.845146,-0.957272,0.287956,0.026696
11.100000,0.636683,-0.482216,-0.548984,-0.036840,0.062059,-0.080476,-2.668202,1.278701,1.477037,0.092128,-0.096977,-0.022761,-0.565758,2.366617,-0.326608,-1.848115,0.464378,0.439866,0.478810,-0.028834,0.003931,0.099989,0.181596,-0.026580,0.174667,-0.126533,0.021805,0.009937,-0.038570,-0.037450,0.012230,-0.013091,0.037427,0.037118,69.715575,0.819794,-20.982180,1.905172,-0.886788,-0.000098,-0.256292,-0.805902,-0.533701,-0.131283,-0.518005,0.845243,-0.957643,0.286695,0.026959
11.110000,0.636316,-0.481596,-0.549787,-0.036695,0.061815,-0.080159,-2.669683,1.279981,1.475727,0.091480,-0.096805,-0.022623,-0.566044,2.366657,-0.325612,-1.846303,0.464113,0.441612,0.477549,-0.028619,0.004028,0.099604,0.181217,-0.026457,0.174530,-0.126156,0.021541,0.009728,-0.038494,-0.037914,0.012330,-0.013701,0.037753,0.036198,69.688376,0.835812,-20.961405,1.904786,-0.891613,-0.000098,-0.255394,-0.806296,-0.533536,-0.130345,-0.518084,0.845339,-0.958011,0.285438,0.027218
11.120000,0.635949,-0.480980,-0.550587,-0.036550,0.061570,-0.079842,-2.671159,1.281257,1.474423,0.090834,-0.096629,-0.022486,-0.566328,2.366698,-0.324620,-1.844495,0.463850,0.443356,0.476291,-0.028406,0.004123,0.099219,0.180833,-0.026333,0.174387,-0.125775,0.021280,0.009520,-0.038418,-0.038375,0.012426,-0.014308,0.038073,0.035285,69.661170,0.851767,-20.940654,1.904373,-0.896357,-0.000098,-0.254496,-0.806689,-0.533371,-0.129414,-0.518162,0.845435,-0.958376,0.284186,0.027473
11.130000,0.635585,-0.480365,-0.551384,-0.036405,0.061326,-0.079526,-2.672628,1.282528,1.473123,0.090191,-0.096449,-0.022350,-0.566610,2.366740,-0.323631,-1.842690,0.463588,0.445098,0.475037,-0.028196,0.004217,0.098836,0.180445,-0.026207,0.174238,-0.125391,0.021020,0.009314,-0.038340,-0.038832,0.012518,-0.014911,0.038388,0.034381,69.633960,0.867658,-20.919925,1.903932,-0.901023,-0.000098,-0.253600,-0.807079,-0.533209,-0.128490,-0.518238,0.845529,-0.958737,0.282938,0.027724
11.140000,0.635221,-0.479753,-0.552178,-0.036260,0.061082,-0.079209,-2.674092,1.283793,1.471829,0.089551,-0.096267,-0.022215,-0.566890,2.366783,-0.322647,-1.840890,0.463327,0.446839,0.473787,-0.027988,0.004308,0.098453,0.180052,-0.026081,0.174083,-0.125004,0.020762,0.009109,-0.038262,-0.039285,0.012606,-0.015512,0.038698,0.033485,69.606748,0.883486,-20.899221,1.903465,-0.905611,-0.000098,-0.252704,-0.807466,-0.533047,-0.127572,-0.518312,0.845623,-0.959096,0.281694,0.027970
11.150000,0.634860,-0.479143,-0.552968,-0.036115,0.060838,-0.078892,-2.675550,1.285053,1.470540,0.088914,-0.096082,-0.022080,-0.567168,2.366827,-0.321666,-1.839093,0.463067,0.448578,0.472541,-0.027783,0.004397,0.098072,0.179654,-0.025954,0.173921,-0.124614,0.020507,0.008906,-0.038183,-0.039735,0.012690,-0.016109,0.039004,0.032597,69.579534,0.899251,-20.878542,1.902971,-0.910122,-0.000098,-0.251810,-0.807851,-0.532887,-0.126660,-0.518384,0.845716,-0.959453,0.280455,0.028212
11.160000,0.634499,-0.478536,-0.553756,-0.035970,0.060593,-0.078575,-2.677002,1.286309,1.469257,0.088280,-0.095894,-0.021946,-0.567444,2.366872,-0.320689,-1.837301,0.462809,0.450316,0.471299,-0.027581,0.004484,0.097691,0.179253,-0.025827,0.173754,-0.124221,0.020253,0.008704,-0.038103,-0.040182,0.012771,-0.016703,0.039304,0.031717,69.552320,0.914953,-20.857888,1.902452,-0.914556,-0.000098,-0.250916,-0.808234,-0.532728,-0.125754,-0.518454,0.845808,-0.959806,0.279220,0.028450
11.170000,0.634140,-0.477932,-0.554540,-0.035825,0.060349,-0.078258,-2.678448,1.287559,1.467978,0.087649,-0.095702,-0.021813,-0.567718,2.366918,-0.319716,-1.835512,0.462552,0.452051,0.470061,-0.027381,0.004569,0.097310,0.178846,-0.025698,0.173581,-0.123825,0.020001,0.008504,-0.038022,-0.040624,0.012847,-0.017294,0.039600,0.030844,69.525109,0.930593,-20.837260,1.901907,-0.918914,-0.000098,-0.250024,-0.808614,-0.532570,-0.124855,-0.518522,0.845900,-0.960156,0.277989,0.028683
11.180000,0.633783,-0.477329,-0.555321,-0.035679,0.060104,-0.077941,-2.679888,1.288804,1.466705,0.087020,-0.095508,-0.021680,-0.567990,2.366964,-0.318747,-1.833728,0.462296,0.453785,0.468826,-0.027183,0.004652,0.096931,0.178436,-0.025569,0.173403,-0.123426,0.019751,0.008305,-0.037940,-0.041063,0.012920,-0.017882,0.039891,0.029980,69.497901,0.946170,-20.816658,1.901337,-0.923197,-0.000098,-0.249133,-0.808992,-0.532414,-0.123962,-0.518588,0.845990,-0.960503,0.276763,0.028913
11.190000,0.633427,-0.476729,-0.556099,-0.035534,0.059860,-0.077624,-2.681323,1.290045,1.465437,0.086395,-0.095311,-0.021549,-0.568259,2.367012,-0.317781,-1.831948,0.462042,0.455518,0.467596,-0.026988,0.004733,0.096552,0.178021,-0.025439,0.173218,-0.123025,0.019503,0.008108,-0.037858,-0.041499,0.012990,-0.018466,0.040177,0.029123,69.470698,0.961685,-20.796083,1.900743,-0.927405,-0.000098,-0.248243,-0.809368,-0.532258,-0.123075,-0.518653,0.846080,-0.960847,0.275542,0.029139
11.200000,0.633072,-0.476132,-0.556873,-0.035389,0.059615,-0.077307,-2.682751,1.291280,1.464174,0.085772,-0.095110,-0.021418,-0.568527,2.367060,-0.316819,-1.830172,0.461789,0.457248,0.466370,-0.026795,0.004812,0.096175,0.177601,-0.025309,0.173028,-0.122620,0.019257,0.007912,-0.037775,-0.041931,0.013055,-0.019048,0.040458,0.028274,69.443501,0.977139,-20.775535,1.900125,-0.931539,-0.000098,-0.247355,-0.809741,-0.532105,-0.122195,-0.518715,0.846169,-0.961189,0.274324,0.029361
11.210000,0.632719,-0.475537,-0.557645,-0.035244,0.059371,-0.076990,-2.684174,1.292510,1.462916,0.085152,-0.094907,-0.021287,-0.568793,2.367109,-0.315862,-1.828400,0.461537,0.458976,0.465148,-0.026605,0.004889,0.095798,0.177178,-0.025177,0.172831,-0.122213,0.019012,0.007718,-0.037691,-0.042359,0.013117,-0.019626,0.040734,0.027433,69.416312,0.992531,-20.755015,1.899483,-0.935600,-0.000098,-0.246467,-0.810112,-0.531952,-0.121320,-0.518776,0.846258,-0.961528,0.273111,0.029578
11.220000,0.632367,-0.474945,-0.558413,-0.035099,0.059126,-0.076673,-2.685591,1.293735,1.461663,0.084535,-0.094701,-0.021158,-0.569058,2.367158,-0.314907,-1.826632,0.461287,0.460702,0.463930,-0.026418,0.004964,0.095422,0.176750,-0.025046,0.172629,-0.121803,0.018770,0.007525,-0.037606,-0.042783,0.013176,-0.020201,0.041006,0.026600,69.389133,1.007861,-20.734524,1.898818,-0.939589,-0.000098,-0.245581,-0.810480,-0.531800,-0.120452,-0.518836,0.846346,-0.961863,0.271903,0.029792
11.230000,0.632017,-0.474355,-0.559178,-0.034954,0.058881,-0.076356,-2.687002,1.294955,1.460416,0.083921,-0.094492,-0.021029,-0.569320,2.367209,-0.313957,-1.824869,0.461038,0.462427,0.462716,-0.026232,0.005038,0.095046,0.176318,-0.024913,0.172422,-0.121390,0.018529,0.007334,-0.037521,-0.043204,0.013231,-0.020772,0.041274,0.025774,69.361965,1.023131,-20.714061,1.898130,-0.943505,-0.000098,-0.244696,-0.810846,-0.531650,-0.119590,-0.518893,0.846433,-0.962196,0.270699,0.030002
11.240000,0.631668,-0.473767,-0.559940,-0.034808,0.058637,-0.076038,-2.688407,1.296170,1.459173,0.083310,-0.094280,-0.020900,-0.569580,2.367260,-0.313010,-1.823110,0.460790,0.464149,0.461506,-0.026049,0.005109,0.094672,0.175882,-0.024781,0.172208,-0.120975,0.018290,0.007144,-0.037435,-0.043621,0.013283,-0.021341,0.041536,0.024956,69.334809,1.038340,-20.693628,1.897420,-0.947351,-0.000098,-0.243813,-0.811210,-0.531501,-0.118734,-0.518949,0.846519,-0.962527,0.269500,0.030208
11.250000,0.631321,-0.473182,-0.560699,-0.034663,0.058392,-0.075721,-2.689807,1.297380,1.457936,0.082701,-0.094066,-0.020773,-0.569839,2.367312,-0.312067,-1.821356,0.460543,0.465869,0.460300,-0.025869,0.005179,0.094299,0.175441,-0.024647,0.171989,-0.120557,0.018053,0.006956,-0.037348,-0.044035,0.013331,-0.021906,0.041794,0.024146,69.307668,1.053488,-20.673226,1.896688,-0.951126,-0.000098,-0.242931,-0.811571,-0.531353,-0.117885,-0.519003,0.846604,-0.962854,0.268305,0.030410
11.260000,0.630975,-0.472599,-0.561455,-0.034518,0.058148,-0.075404,-2.691200,1.298584,1.456704,0.082096,-0.093849,-0.020646,-0.570096,2.367364,-0.311128,-1.819606,0.460298,0.467586,0.459099,-0.025691,0.005247,0.093926,0.174997,-0.024513,0.171764,-0.120136,0.017818,0.006770,-0.037261,-0.044445,0.013376,-0.022468,0.042048,0.023343,69.280541,1.068575,-20.652853,1.895935,-0.954830,-0.000098,-0.242051,-0.811930,-0.531207,-0.117041,-0.519056,0.846689,-0.963179,0.267115,0.030609
11.270000,0.630630,-0.472019,-0.562207,-0.034373,0.057903,-0.075087,-2.692588,1.299784,1.455477,0.081493,-0.093629,-0.020520,-0.570351,2.367417,-0.310192,-1.817861,0.460054,0.469302,0.457902,-0.025515,0.005312,0.093554,0.174548,-0.024379,0.171534,-0.119713,0.017585,0.006585,-0.037173,-0.044851,0.013418,-0.023027,0.042296,0.022547,69.253431,1.083603,-20.632512,1.895161,-0.958466,-0.000098,-0.241172,-0.812287,-0.531061,-0.116203,-0.519106,0.846773,-0.963500,0.265929,0.030803
11.280000,0.630287,-0.471441,-0.562957,-0.034228,0.057659,-0.074770,-2.693970,1.300979,1.454255,0.080894,-0.093406,-0.020394,-0.570605,2.367471,-0.309260,-1.816120,0.459812,0.471015,0.456709,-0.025341,0.005376,0.093183,0.174096,-0.024245,0.171298,-0.119288,0.017353,0.006401,-0.037085,-0.045254,0.013457,-0.023583,0.042541,0.021760,69.226340,1.098571,-20.612202,1.894366,-0.962033,-0.000098,-0.240294,-0.812641,-0.530917,-0.115372,-0.519156,0.846857,-0.963820,0.264747,0.030994
11.290000,0.629946,-0.470866,-0.563703,-0.034082,0.057414,-0.074452,-2.695346,1.302168,1.453039,0.080297,-0.093181,-0.020269,-0.570856,2.367525,-0.308332,-1.814383,0.459571,0.472725,0.455521,-0.025170,0.005439,0.092813,0.173639,-0.024110,0.171057,-0.118860,0.017123,0.006220,-0.036996,-0.045653,0.013492,-0.024135,0.042781,0.020979,69.199268,1.113479,-20.591925,1.893551,-0.965533,-0.000098,-0.239418,-0.812993,-0.530774,-0.114546,-0.519203,0.846940,-0.964136,0.263571,0.031182
11.300000,0.629606,-0.470293,-0.564446,-0.033937,0.057169,-0.074135,-2.696716,1.303353,1.451828,0.079703,-0.092953,-0.020145,-0.571106,2.367580,-0.307408,-1.812651,0.459331,0.474433,0.454336,-0.025001,0.005499,0.092444,0.173179,-0.023975,0.170810,-0.118430,0.016895,0.006040,-0.036906,-0.046048,0.013524,-0.024684,0.043016,0.020206,69.172218,1.128328,-20.571680,1.892717,-0.968965,-0.000098,-0.238544,-0.813343,-0.530632,-0.113726,-0.519249,0.847022,-0.964450,0.262399,0.031365
11.310000,0.629267,-0.469722,-0.565185,-0.033792,0.056925,-0.073818,-2.698080,1.304533,1.450621,0.079112,-0.092722,-0.020021,-0.571355,2.367636,-0.306487,-1.810924,0.459093,0.476139,0.453156,-0.024834,0.005558,0.092076,0.172715,-0.023839,0.170558,-0.117997,0.016669,0.005861,-0.036816,-0.046440,0.013553,-0.025230,0.043247,0.019440,69.145189,1.143117,-20.551468,1.891863,-0.972330,-0.000098,-0.237671,-0.813690,-0.530491,-0.112912,-0.519294,0.847104,-0.964761,0.261231,0.031545
11.320000,0.628930,-0.469154,-0.565922,-0.033647,0.056680,-0.073501,-2.699439,1.305707,1.449420,0.078524,-0.092489,-0.019898,-0.571601,2.367692,-0.305570,-1.809202,0.458856,0.477842,0.451981,-0.024670,0.005614,0.091709,0.172246,-0.023703,0.170300,-0.117563,0.016444,0.005684,-0.036726,-0.046828,0.013580,-0.025772,0.043474,0.018682,69.118185,1.157848,-20.531290,1.890990,-0.975630,-0.000098,-0.236800,-0.814036,-0.530351,-0.112104,-0.519337,0.847185,-0.965069,0.260068,0.031722
11.330000,0.628594,-0.468589,-0.566655,-0.033502,0.056436,-0.073184,-2.700791,1.306876,1.448225,0.077939,-0.092253,-0.019776,-0.571846,2.367749,-0.304657,-1.807484,0.458620,0.479542,0.450809,-0.024508,0.005670,0.091343,0.171774,-0.023567,0.170037,-0.117126,0.016222,0.005509,-0.036635,-0.047212,0.013603,-0.026312,0.043696,0.017930,69.091206,1.172520,-20.511146,1.890099,-0.978864,-0.000098,-0.235930,-0.814378,-0.530212,-0.111302,-0.519378,0.847265,-0.965375,0.258910,0.031895
11.340000,0.628260,-0.468026,-0.567386,-0.033357,0.056191,-0.072867,-2.702138,1.308041,1.447034,0.077357,-0.092015,-0.019654,-0.572090,2.367806,-0.303747,-1.805771,0.458386,0.481240,0.449643,-0.024348,0.005723,0.090977,0.171298,-0.023431,0.169768,-0.116686,0.016000,0.005335,-0.036543,-0.047592,0.013623,-0.026847,0.043915,0.017186,69.064253,1.187133,-20.491037,1.889189,-0.982034,-0.000098,-0.235063,-0.814719,-0.530075,-0.110506,-0.519418,0.847345,-0.965678,0.257756,0.032064
11.350000,0.627927,-0.467465,-0.568113,-0.033212,0.055947,-0.072550,-2.703479,1.309200,1.445848,0.076777,-0.091774,-0.019533,-0.572332,2.367864,-0.302841,-1.804063,0.458153,0.482935,0.448480,-0.024190,0.005775,0.090613,0.170819,-0.023295,0.169495,-0.116245,0.015781,0.005163,-0.036451,-0.047969,0.013640,-0.027380,0.044128,0.016450,69.037328,1.201688,-20.470963,1.888262,-0.985139,-0.000098,-0.234197,-0.815057,-0.529938,-0.109716,-0.519457,0.847424,-0.965978,0.256607,0.032230
11.360000,0.627595,-0.466907,-0.568837,-0.033067,0.055703,-0.072233,-2.704814,1.310354,1.444668,0.076201,-0.091531,-0.019413,-0.572572,2.367922,-0.301938,-1.802360,0.457921,0.484627,0.447322,-0.024034,0.005824,0.090249,0.170335,-0.023158,0.169216,-0.115802,0.015563,0.004993,-0.036359,-0.048343,0.013655,-0.027909,0.044338,0.015720,69.010433,1.216186,-20.450924,1.887317,-0.988182,-0.000098,-0.233333,-0.815393,-0.529803,-0.108932,-0.519494,0.847502,-0.966276,0.255462,0.032393
11.370000,0.627266,-0.466351,-0.569557,-0.032922,0.055458,-0.071917,-2.706143,1.311504,1.443493,0.075627,-0.091285,-0.019293,-0.572811,2.367981,-0.301039,-1.800661,0.457691,0.486316,0.446168,-0.023881,0.005873,0.089886,0.169848,-0.023021,0.168931,-0.115356,0.015348,0.004824,-0.036266,-0.048712,0.013666,-0.028435,0.044543,0.014998,68.983568,1.230625,-20.430922,1.886356,-0.991162,-0.000098,-0.232470,-0.815726,-0.529668,-0.108153,-0.519530,0.847580,-0.966572,0.254322,0.032552
11.380000,0.626937,-0.465798,-0.570275,-0.032777,0.055214,-0.071600,-2.707467,1.312648,1.442323,0.075057,-0.091037,-0.019174,-0.573048,2.368040,-0.300144,-1.798968,0.457462,0.488003,0.445019,-0.023730,0.005919,0.089525,0.169357,-0.022885,0.168642,-0.114909,0.015133,0.004657,-0.036173,-0.049078,0.013675,-0.028957,0.044744,0.014282,68.956734,1.245007,-20.410957,1.885377,-0.994080,-0.000098,-0.231610,-0.816057,-0.529535,-0.107380,-0.519564,0.847657,-0.966864,0.253187,0.032708
11.390000,0.626610,-0.465247,-0.570989,-0.032632,0.054970,-0.071283,-2.708784,1.313787,1.441158,0.074489,-0.090786,-0.019055,-0.573284,2.368099,-0.299253,-1.797279,0.457235,0.489686,0.443875,-0.023580,0.005964,0.089164,0.168863,-0.022748,0.168347,-0.114460,0.014921,0.004492,-0.036080,-0.049440,0.013681,-0.029476,0.044941,0.013574,68.929934,1.259332,-20.391029,1.884383,-0.996936,-0.000098,-0.230751,-0.816386,-0.529403,-0.106613,-0.519597,0.847734,-0.967154,0.252056,0.032860
11.400000,0.626284,-0.464698,-0.571701,-0.032487,0.054726,-0.070967,-2.710096,1.314921,1.439999,0.073924,-0.090533,-0.018938,-0.573518,2.368160,-0.298364,-1.795595,0.457009,0.491367,0.442735,-0.023433,0.006007,0.088804,0.168365,-0.022611,0.168047,-0.114008,0.014710,0.004328,-0.035986,-0.049799,0.013685,-0.029992,0.045134,0.012872,68.903169,1.273599,-20.371138,1.883372,-0.999732,-0.000098,-0.229894,-0.816713,-0.529272,-0.105851,-0.519628,0.847810,-0.967442,0.250931,0.033010
11.410000,0.625960,-0.464152,-0.572409,-0.032342,0.054482,-0.070650,-2.711402,1.316050,1.438844,0.073363,-0.090278,-0.018820,-0.573751,2.368220,-0.297480,-1.793917,0.456784,0.493044,0.441599,-0.023288,0.006049,0.088445,0.167863,-0.022474,0.167742,-0.113555,0.014501,0.004166,-0.035891,-0.050153,0.013685,-0.030504,0.045323,0.012178,68.876439,1.287810,-20.351286,1.882346,-1.002468,-0.000098,-0.229039,-0.817038,-0.529141,-0.105095,-0.519659,0.847886,-0.967727,0.249809,0.033156
11.420000,0.625638,-0.463608,-0.573114,-0.032197,0.054238,-0.070334,-2.712702,1.317174,1.437695,0.072804,-0.090020,-0.018703,-0.573983,2.368281,-0.296599,-1.792243,0.456560,0.494718,0.440468,-0.023145,0.006089,0.088087,0.167358,-0.022337,0.167432,-0.113100,0.014293,0.004005,-0.035797,-0.050504,0.013684,-0.031013,0.045507,0.011490,68.849747,1.301964,-20.331472,1.881305,-1.005144,-0.000098,-0.228187,-0.817360,-0.529012,-0.104345,-0.519687,0.847961,-0.968010,0.248693,0.033298
11.430000,0.625316,-0.463067,-0.573815,-0.032052,0.053994,-0.070017,-2.713996,1.318293,1.436551,0.072248,-0.089760,-0.018587,-0.574213,2.368342,-0.295722,-1.790575,0.456338,0.496390,0.439342,-0.023004,0.006128,0.087730,0.166850,-0.022200,0.167117,-0.112643,0.014087,0.003847,-0.035702,-0.050852,0.013679,-0.031518,0.045688,0.010809,68.823092,1.316062,-20.311698,1.880250,-1.007761,-0.000098,-0.227336,-0.817680,-0.528884,-0.103600,-0.519715,0.848035,-0.968290,0.247581,0.033438
11.440000,0.624997,-0.462529,-0.574514,-0.031907,0.053750,-0.069701,-2.715284,1.319407,1.435412,0.071695,-0.089498,-0.018472,-0.574441,2.368404,-0.294848,-1.788911,0.456118,0.498058,0.438220,-0.022866,0.006165,0.087374,0.166338,-0.022064,0.166796,-0.112184,0.013883,0.003690,-0.035607,-0.051195,0.013672,-0.032020,0.045865,0.010136,68.796477,1.330103,-20.291964,1.879179,-1.010321,-0.000098,-0.226487,-0.817997,-0.528757,-0.102861,-0.519741,0.848109,-0.968568,0.246474,0.033574
11.450000,0.624678,-0.461992,-0.575209,-0.031763,0.053506,-0.069385,-2.716567,1.320515,1.434278,0.071144,-0.089234,-0.018357,-0.574669,2.368466,-0.293978,-1.787253,0.455899,0.499722,0.437103,-0.022729,0.006200,0.087019,0.165822,-0.021927,0.166471,-0.111724,0.013680,0.003534,-0.035512,-0.051535,0.013663,-0.032519,0.046037,0.009469,68.769903,1.344089,-20.272269,1.878095,-1.012823,-0.000098,-0.225640,-0.818313,-0.528631,-0.102128,-0.519766,0.848182,-0.968843,0.245372,0.033707
11.460000,0.624361,-0.461458,-0.575902,-0.031618,0.053262,-0.069069,-2.717844,1.321619,1.433149,0.070597,-0.088967,-0.018243,-0.574895,2.368528,-0.293111,-1.785600,0.455681,0.501384,0.435990,-0.022594,0.006234,0.086665,0.165304,-0.021791,0.166141,-0.111262,0.013479,0.003380,-0.035416,-0.051871,0.013651,-0.033014,0.046206,0.008808,68.743371,1.358019,-20.252616,1.876997,-1.015267,-0.000099,-0.224795,-0.818626,-0.528506,-0.101400,-0.519790,0.848255,-0.969116,0.244274,0.033838
11.470000,0.624046,-0.460927,-0.576591,-0.031473,0.053019,-0.068753,-2.719115,1.322718,1.432025,0.070053,-0.088699,-0.018129,-0.575119,2.368591,-0.292248,-1.783952,0.455464,0.503042,0.434882,-0.022461,0.006266,0.086312,0.164782,-0.021654,0.165806,-0.110798,0.013280,0.003228,-0.035320,-0.052204,0.013637,-0.033506,0.046371,0.008155,68.716882,1.371893,-20.233003,1.875885,-1.017656,-0.000099,-0.223953,-0.818937,-0.528382,-0.100677,-0.519812,0.848327,-0.969386,0.243181,0.033965
11.480000,0.623732,-0.460398,-0.577277,-0.031329,0.052775,-0.068437,-2.720380,1.323812,1.430907,0.069511,-0.088428,-0.018016,-0.575343,2.368654,-0.291389,-1.782310,0.455249,0.504696,0.433779,-0.022330,0.006297,0.085959,0.164256,-0.021518,0.165466,-0.110333,0.013082,0.003078,-0.035224,-0.052533,0.013621,-0.033994,0.046532,0.007508,68.690438,1.385712,-20.213432,1.874761,-1.019989,-0.000099,-0.223112,-0.819246,-0.528259,-0.099961,-0.519834,0.848399,-0.969654,0.242093,0.034089
11.490000,0.623419,-0.459872,-0.577960,-0.031184,0.052532,-0.068122,-2.721639,1.324900,1.429794,0.068973,-0.088155,-0.017903,-0.575565,2.368717,-0.290532,-1.780672,0.455035,0.506348,0.432680,-0.022202,0.006326,0.085608,0.163728,-0.021382,0.165121,-0.109866,0.012886,0.002929,-0.035128,-0.052858,0.013602,-0.034479,0.046689,0.006867,68.664039,1.399476,-20.193904,1.873624,-1.022267,-0.000099,-0.222274,-0.819553,-0.528136,-0.099249,-0.519854,0.848470,-0.969920,0.241010,0.034210
11.500000,0.623108,-0.459347,-0.578639,-0.031040,0.052289,-0.067806,-2.722892,1.325984,1.428686,0.068437,-0.087880,-0.017791,-0.575785,2.368781,-0.289680,-1.779040,0.454823,0.507995,0.431586,-0.022075,0.006354,0.085258,0.163196,-0.021246,0.164772,-0.109398,0.012691,0.002782,-0.035032,-0.053179,0.013581,-0.034960,0.046842,0.006234,68.637687,1.413185,-20.174418,1.872474,-1.024490,-0.000099,-0.221438,-0.819857,-0.528015,-0.098543,-0.519873,0.848541,-0.970183,0.239931,0.034328
11.510000,0.622798,-0.458826,-0.579316,-0.030896,0.052045,-0.067491,-2.724140,1.327063,1.427583,0.067904,-0.087603,-0.017680,-0.576005,2.368844,-0.288831,-1.777414,0.454611,0.509639,0.430497,-0.021950,0.006380,0.084908,0.162661,-0.021111,0.164417,-0.108928,0.012498,0.002637,-0.034935,-0.053497,0.013558,-0.035438,0.046992,0.005607,68.611382,1.426840,-20.154975,1.871312,-1.026660,-0.000099,-0.220604,-0.820159,-0.527895,-0.097842,-0.519890,0.848611,-0.970444,0.238857,0.034443
11.520000,0.622490,-0.458307,-0.579989,-0.030751,0.051802,-0.067176,-2.725382,1.328136,1.426485,0.067374,-0.087324,-0.017569,-0.576223,2.368908,-0.287985,-1.775792,0.454402,0.511280,0.429412,-0.021827,0.006405,0.084560,0.162123,-0.020975,0.164058,-0.108456,0.012307,0.002493,-0.034838,-0.053810,0.013532,-0.035912,0.047138,0.004986,68.585127,1.440440,-20.135575,1.870139,-1.028776,-0.000099,-0.219772,-0.820459,-0.527775,-0.097147,-0.519907,0.848681,-0.970702,0.237788,0.034556
11.530000,0.622183,-0.457790,-0.580659,-0.030607,0.051559,-0.066860,-2.726618,1.329205,1.425392,0.066847,-0.087042,-0.017458,-0.576440,2.368973,-0.287143,-1.774177,0.454193,0.512917,0.428332,-0.021705,0.006429,0.084213,0.161582,-0.020840,0.163694,-0.107983,0.012117,0.002351,-0.034742,-0.054120,0.013505,-0.036383,0.047280,0.004372,68.558922,1.453987,-20.116220,1.868954,-1.030840,-0.000099,-0.218942,-0.820757,-0.527657,-0.096457,-0.519923,0.848750,-0.970958,0.236724,0.034665
11.540000,0.621878,-0.457275,-0.581326,-0.030463,0.051317,-0.066546,-2.727848,1.330268,1.424304,0.066323,-0.086759,-0.017349,-0.576656,2.369037,-0.286304,-1.772566,0.453986,0.514550,0.427257,-0.021586,0.006451,0.083866,0.161037,-0.020705,0.163326,-0.107509,0.011929,0.002211,-0.034645,-0.054427,0.013475,-0.036850,0.047418,0.003765,68.532768,1.467479,-20.096909,1.867759,-1.032852,-0.000099,-0.218115,-0.821053,-0.527539,-0.095772,-0.519937,0.848819,-0.971212,0.235664,0.034772
11.550000,0.621574,-0.456763,-0.581990,-0.030319,0.051074,-0.066231,-2.729072,1.331327,1.423222,0.065802,-0.086474,-0.017239,-0.576871,2.369102,-0.285469,-1.770961,0.453781,0.516180,0.426187,-0.021469,0.006472,0.083521,0.160490,-0.020571,0.162953,-0.107034,0.011742,0.002073,-0.034548,-0.054729,0.013443,-0.037314,0.047553,0.003163,68.506667,1.480917,-20.077643,1.866552,-1.034813,-0.000099,-0.217290,-0.821347,-0.527423,-0.095093,-0.519950,0.848887,-0.971464,0.234609,0.034876
11.560000,0.621272,-0.456254,-0.582651,-0.030175,0.050831,-0.065916,-2.730291,1.332380,1.422145,0.065284,-0.086187,-0.017131,-0.577084,2.369167,-0.284637,-1.769362,0.453576,0.517806,0.425121,-0.021353,0.006491,0.083176,0.159940,-0.020437,0.162575,-0.106557,0.011557,0.001936,-0.034450,-0.055028,0.013410,-0.037774,0.047684,0.002569,68.480619,1.494302,-20.058423,1.865335,-1.036723,-0.000099,-0.216468,-0.821638,-0.527307,-0.094419,-0.519963,0.848955,-0.971713,0.233559,0.034977
11.570000,0.620971,-0.455747,-0.583308,-0.030031,0.050589,-0.065602,-2.731503,1.333429,1.421073,0.064768,-0.085898,-0.017023,-0.577297,2.369232,-0.283809,-1.767768,0.453373,0.519427,0.424061,-0.021239,0.006509,0.082833,0.159387,-0.020303,0.162193,-0.106079,0.011374,0.001801,-0.034353,-0.055323,0.013374,-0.038230,0.047811,0.001980,68.454626,1.507634,-20.039249,1.864108,-1.038582,-0.000099,-0.215648,-0.821927,-0.527192,-0.093750,-0.519974,0.849022,-0.971960,0.232514,0.035075
11.580000,0.620671,-0.455242,-0.583963,-0.029887,0.050346,-0.065288,-2.732710,1.334472,1.420006,0.064256,-0.085607,-0.016915,-0.577508,2.369297,-0.282984,-1.766180,0.453171,0.521046,0.423005,-0.021127,0.006526,0.082490,0.158830,-0.020170,0.161806,-0.105599,0.011192,0.001667,-0.034256,-0.055615,0.013336,-0.038683,0.047935,0.001398,68.428689,1.520913,-20.020120,1.862871,-1.040392,-0.000099,-0.214830,-0.822215,-0.527078,-0.093087,-0.519984,0.849089,-0.972205,0.231474,0.035171
11.590000,0.620373,-0.454740,-0.584614,-0.029743,0.050104,-0.064973,-2.733911,1.335511,1.418944,0.063746,-0.085315,-0.016808,-0.577718,2.369363,-0.282163,-1.764597,0.452971,0.522660,0.421953,-0.021017,0.006541,0.082148,0.158271,-0.020037,0.161415,-0.105119,0.011012,0.001535,-0.034159,-0.055902,0.013297,-0.039133,0.048055,0.000822,68.402809,1.534139,-20.001039,1.861624,-1.042153,-0.000099,-0.214015,-0.822500,-0.526965,-0.092428,-0.519993,0.849155,-0.972448,0.230438,0.035264
11.600000,0.620076,-0.454240,-0.585262,-0.029599,0.049862,-0.064660,-2.735107,1.336544,1.417887,0.063239,-0.085020,-0.016701,-0.577927,2.369428,-0.281345,-1.763020,0.452772,0.524270,0.420907,-0.020909,0.006555,0.081808,0.157710,-0.019904,0.161019,-0.104637,0.010833,0.001405,-0.034061,-0.056186,0.013256,-0.039578,0.048172,0.000253,68.376986,1.547312,-19.982005,1.860368,-1.043866,-0.000099,-0.213202,-0.822783,-0.526853,-0.091775,-0.520001,0.849221,-0.972688,0.229407,0.035355
11.610000,0.619781,-0.453743,-0.585907,-0.029456,0.049620,-0.064346,-2.736296,1.337573,1.416835,0.062735,-0.084724,-0.016595,-0.578135,2.369494,-0.280530,-1.761449,0.452574,0.525876,0.419866,-0.020802,0.006568,0.081468,0.157145,-0.019772,0.160619,-0.104154,0.010655,0.001277,-0.033964,-0.056466,0.013212,-0.040021,0.048286,-0.000310,68.351222,1.560433,-19.963019,1.859104,-1.045531,-0.000099,-0.212391,-0.823063,-0.526741,-0.091127,-0.520008,0.849286,-0.972926,0.228381,0.035442
11.620000,0.619487,-0.453248,-0.586549,-0.029312,0.049379,-0.064032,-2.737480,1.338596,1.415789,0.062234,-0.084426,-0.016490,-0.578342,2.369560,-0.279719,-1.759883,0.452378,0.527478,0.418829,-0.020698,0.006579,0.081130,0.156577,-0.019641,0.160214,-0.103670,0.010480,0.001150,-0.033866,-0.056743,0.013167,-0.040459,0.048395,-0.000868,68.325518,1.573501,-19.944081,1.857830,-1.047148,-0.000099,-0.211583,-0.823342,-0.526631,-0.090484,-0.520015,0.849351,-0.973162,0.227360,0.035528
11.630000,0.619195,-0.452755,-0.587188,-0.029169,0.049137,-0.063719,-2.738658,1.339615,1.414747,0.061736,-0.084126,-0.016385,-0.578548,2.369626,-0.278911,-1.758323,0.452183,0.529076,0.417797,-0.020595,0.006589,0.080792,0.156007,-0.019509,0.159805,-0.103185,0.010305,0.001025,-0.033769,-0.057015,0.013121,-0.040894,0.048502,-0.001419,68.299875,1.586518,-19.925192,1.856549,-1.048719,-0.000099,-0.210778,-0.823619,-0.526521,-0.089846,-0.520020,0.849416,-0.973396,0.226344,0.035610
11.640000,0.618904,-0.452265,-0.587824,-0.029026,0.048896,-0.063406,-2.739830,1.340628,1.413711,0.061241,-0.083825,-0.016280,-0.578753,2.369692,-0.278106,-1.756768,0.451989,0.530670,0.416770,-0.020493,0.006598,0.080455,0.155434,-0.019379,0.159392,-0.102699,0.010132,0.000902,-0.033672,-0.057284,0.013072,-0.041325,0.048605,-0.001963,68.274294,1.599482,-19.906351,1.855259,-1.050244,-0.000099,-0.209975,-0.823893,-0.526413,-0.089213,-0.520024,0.849480,-0.973628,0.225332,0.035691
11.650000,0.618614,-0.451777,-0.588456,-0.028882,0.048654,-0.063093,-2.740997,1.341637,1.412679,0.060748,-0.083521,-0.016177,-0.578957,2.369758,-0.277305,-1.755220,0.451797,0.532260,0.415748,-0.020394,0.006606,0.080119,0.154859,-0.019248,0.158974,-0.102212,0.009961,0.000780,-0.033574,-0.057549,0.013022,-0.041753,0.048705,-0.002502,68.248776,1.612396,-19.887561,1.853962,-1.051724,-0.000099,-0.209175,-0.824166,-0.526305,-0.088585,-0.520028,0.849543,-0.973858,0.224326,0.035768
11.660000,0.618326,-0.451292,-0.589085,-0.028739,0.048413,-0.062781,-2.742158,1.342640,1.411653,0.060258,-0.083217,-0.016073,-0.579160,2.369824,-0.276507,-1.753677,0.451605,0.533845,0.414731,-0.020296,0.006613,0.079785,0.154281,-0.019119,0.158552,-0.101724,0.009791,0.000660,-0.033477,-0.057811,0.012971,-0.042177,0.048801,-0.003035,68.223322,1.625258,-19.868820,1.852657,-1.053158,-0.000099,-0.208377,-0.824436,-0.526197,-0.087962,-0.520030,0.849607,-0.974085,0.223324,0.035844
11.670000,0.618039,-0.450809,-0.589712,-0.028596,0.048172,-0.062468,-2.743312,1.343639,1.410632,0.059772,-0.082910,-0.015970,-0.579362,2.369890,-0.275713,-1.752140,0.451415,0.535427,0.413718,-0.020199,0.006618,0.079451,0.153700,-0.018990,0.158126,-0.101235,0.009623,0.000542,-0.033380,-0.058068,0.012917,-0.042598,0.048894,-0.003562,68.197933,1.638068,-19.850129,1.851345,-1.054549,-0.000099,-0.207582,-0.824705,-0.526091,-0.087344,-0.520032,0.849669,-0.974310,0.222327,0.035916
11.680000,0.617754,-0.450328,-0.590335,-0.028453,0.047932,-0.062156,-2.744462,1.344632,1.409616,0.059288,-0.082602,-0.015868,-0.579563,2.369956,-0.274921,-1.750609,0.451227,0.537004,0.412711,-0.020105,0.006623,0.079118,0.153117,-0.018861,0.157696,-0.100745,0.009456,0.000425,-0.033282,-0.058322,0.012862,-0.043014,0.048984,-0.004083,68.172610,1.650828,-19.831490,1.850026,-1.055895,-0.000099,-0.206789,-0.824971,-0.525986,-0.086731,-0.520032,0.849732,-0.974534,0.221335,0.035987
11.690000,0.617470,-0.449850,-0.590955,-0.028311,0.047691,-0.061844,-2.745605,1.345621,1.408605,0.058806,-0.082292,-0.015766,-0.579763,2.370022,-0.274134,-1.749083,0.451040,0.538576,0.411708,-0.020012,0.006626,0.078786,0.152531,-0.018733,0.157262,-0.100255,0.009291,0.000310,-0.033185,-0.058572,0.012806,-0.043427,0.049070,-0.004597,68.147354,1.663537,-19.812901,1.848700,-1.057199,-0.000099,-0.205999,-0.825235,-0.525881,-0.086123,-0.520032,0.849794,-0.974755,0.220347,0.036055
11.700000,0.617188,-0.449375,-0.591572,-0.028168,0.047451,-0.061532,-2.746743,1.346604,1.407600,0.058328,-0.081981,-0.015664,-0.579962,2.370089,-0.273349,-1.747564,0.450854,0.540145,0.410711,-0.019921,0.006628,0.078455,0.151943,-0.018605,0.156824,-0.099763,0.009127,0.000197,-0.033088,-0.058819,0.012748,-0.043837,0.049154,-0.005106,68.122165,1.676196,-19.794365,1.847368,-1.058459,-0.000099,-0.205212,-0.825498,-0.525777,-0.085519,-0.520031,0.849855,-0.974974,0.219365,0.036121
11.710000,0.616907,-0.448901,-0.592185,-0.028025,0.047210,-0.061221,-2.747875,1.347583,1.406599,0.057853,-0.081668,-0.015563,-0.580161,2.370155,-0.272568,-1.746050,0.450669,0.541708,0.409718,-0.019831,0.006628,0.078125,0.151352,-0.018478,0.156381,-0.099271,0.008965,0.000085,-0.032991,-0.059062,0.012689,-0.044242,0.049234,-0.005609,68.097045,1.688804,-19.775880,1.846030,-1.059678,-0.000099,-0.204428,-0.825758,-0.525674,-0.084921,-0.520030,0.849916,-0.975191,0.218387,0.036184
11.720000,0.616627,-0.448430,-0.592796,-0.027883,0.046971,-0.060910,-2.749001,1.348557,1.405603,0.057380,-0.081354,-0.015463,-0.580358,2.370221,-0.271790,-1.744543,0.450485,0.543268,0.408730,-0.019743,0.006628,0.077796,0.150759,-0.018352,0.155935,-0.098778,0.008804,-0.000025,-0.032895,-0.059300,0.012628,-0.044644,0.049311,-0.006107,68.071995,1.701362,-19.757448,1.844686,-1.060855,-0.000099,-0.203646,-0.826016,-0.525572,-0.084327,-0.520027,0.849977,-0.975406,0.217414,0.036246
11.730000,0.616349,-0.447962,-0.593404,-0.027741,0.046731,-0.060599,-2.750121,1.349525,1.404613,0.056910,-0.081038,-0.015363,-0.580555,2.370287,-0.271015,-1.743041,0.450303,0.544823,0.407747,-0.019657,0.006627,0.077468,0.150164,-0.018227,0.155484,-0.098284,0.008645,-0.000133,-0.032798,-0.059536,0.012566,-0.045043,0.049384,-0.006598,68.047015,1.713870,-19.739069,1.843336,-1.061991,-0.000099,-0.202867,-0.826273,-0.525470,-0.083738,-0.520024,0.850037,-0.975619,0.216446,0.036305
11.740000,0.616073,-0.447496,-0.594008,-0.027598,0.046491,-0.060288,-2.751236,1.350489,1.403627,0.056443,-0.080721,-0.015263,-0.580750,2.370354,-0.270244,-1.741546,0.450122,0.546373,0.406769,-0.019572,0.006624,0.077141,0.149566,-0.018101,0.155030,-0.097789,0.008487,-0.000240,-0.032701,-0.059767,0.012502,-0.045437,0.049455,-0.007083,68.022107,1.726329,-19.720743,1.841981,-1.063087,-0.000099,-0.202090,-0.826527,-0.525369,-0.083154,-0.520020,0.850097,-0.975830,0.215483,0.036361
11.750000,0.615797,-0.447032,-0.594609,-0.027456,0.046252,-0.059978,-2.752345,1.351448,1.402647,0.055978,-0.080403,-0.015164,-0.580945,2.370420,-0.269476,-1.740056,0.449942,0.547919,0.405796,-0.019488,0.006621,0.076815,0.148966,-0.017977,0.154572,-0.097294,0.008331,-0.000345,-0.032605,-0.059995,0.012438,-0.045828,0.049523,-0.007563,67.997270,1.738738,-19.702471,1.840621,-1.064143,-0.000099,-0.201317,-0.826779,-0.525269,-0.082575,-0.520015,0.850157,-0.976039,0.214525,0.036416
11.760000,0.615523,-0.446571,-0.595208,-0.027314,0.046013,-0.059668,-2.753448,1.352402,1.401671,0.055517,-0.080083,-0.015066,-0.581139,2.370486,-0.268711,-1.738572,0.449764,0.549460,0.404828,-0.019407,0.006617,0.076490,0.148364,-0.017853,0.154110,-0.096798,0.008176,-0.000448,-0.032508,-0.060219,0.012372,-0.046215,0.049587,-0.008037,67.972508,1.751098,-19.684254,1.839256,-1.065159,-0.000099,-0.200546,-0.827030,-0.525170,-0.082001,-0.520009,0.850216,-0.976247,0.213572,0.036469
11.770000,0.615251,-0.446112,-0.595803,-0.027172,0.045774,-0.059358,-2.754546,1.353351,1.400701,0.055058,-0.079761,-0.014968,-0.581332,2.370552,-0.267949,-1.737095,0.449586,0.550996,0.403865,-0.019326,0.006611,0.076166,0.147760,-0.017730,0.153644,-0.096302,0.008022,-0.000550,-0.032412,-0.060439,0.012304,-0.046598,0.049649,-0.008506,67.947819,1.763408,-19.666090,1.837887,-1.066137,-0.000100,-0.199778,-0.827278,-0.525071,-0.081431,-0.520003,0.850274,-0.976452,0.212623,0.036519
11.780000,0.614980,-0.445655,-0.596395,-0.027031,0.045535,-0.059048,-2.755638,1.354294,1.399736,0.054602,-0.079438,-0.014870,-0.581525,2.370618,-0.267191,-1.735623,0.449410,0.552528,0.402907,-0.019248,0.006605,0.075843,0.147153,-0.017608,0.153174,-0.095805,0.007870,-0.000650,-0.032316,-0.060655,0.012236,-0.046978,0.049707,-0.008969,67.923205,1.775670,-19.647982,1.836513,-1.067077,-0.000100,-0.199013,-0.827524,-0.524974,-0.080866,-0.519995,0.850333,-0.976655,0.211679,0.036567
11.790000,0.614710,-0.445201,-0.596984,-0.026889,0.045297,-0.058739,-2.756724,1.355233,1.398775,0.054149,-0.079114,-0.014773,-0.581717,2.370684,-0.266435,-1.734158,0.449235,0.554055,0.401954,-0.019171,0.006597,0.075521,0.146545,-0.017486,0.152700,-0.095307,0.007720,-0.000748,-0.032220,-0.060868,0.012166,-0.047353,0.049763,-0.009426,67.898666,1.787883,-19.629929,1.835135,-1.067978,-0.000100,-0.198250,-0.827769,-0.524877,-0.080305,-0.519988,0.850390,-0.976856,0.210740,0.036614
11.800000,0.614442,-0.444749,-0.597570,-0.026748,0.045058,-0.058430,-2.757804,1.356168,1.397820,0.053698,-0.078789,-0.014676,-0.581908,2.370750,-0.265683,-1.732698,0.449062,0.555577,0.401006,-0.019095,0.006589,0.075200,0.145934,-0.017365,0.152223,-0.094809,0.007571,-0.000845,-0.032125,-0.061077,0.012095,-0.047725,0.049815,-0.009877,67.874204,1.800048,-19.611932,1.833754,-1.068843,-0.000100,-0.197491,-0.828012,-0.524780,-0.079749,-0.519979,0.850448,-0.977056,0.209806,0.036658
11.810000,0.614175,-0.444300,-0.598152,-0.026607,0.044820,-0.058122,-2.758879,1.357097,1.396870,0.053251,-0.078462,-0.014580,-0.582098,2.370816,-0.264935,-1.731245,0.448889,0.557094,0.400063,-0.019021,0.006579,0.074879,0.145321,-0.017245,0.151742,-0.094310,0.007423,-0.000940,-0.032029,-0.061282,0.012023,-0.048094,0.049865,-0.010323,67.849820,1.812164,-19.593992,1.832368,-1.069671,-0.000100,-0.196734,-0.828252,-0.524685,-0.079198,-0.519970,0.850505,-0.977253,0.208877,0.036700
11.820000,0.613910,-0.443853,-0.598732,-0.026465,0.044583,-0.057813,-2.759948,1.358021,1.395925,0.052806,-0.078134,-0.014484,-0.582287,2.370882,-0.264189,-1.729798,0.448718,0.558607,0.399125,-0.018948,0.006569,0.074560,0.144706,-0.017126,0.151258,-0.093811,0.007277,-0.001034,-0.031934,-0.061484,0.011950,-0.048458,0.049912,-0.010764,67.825513,1.824232,-19.576107,1.830980,-1.070463,-0.000100,-0.195980,-0.828491,-0.524590,-0.078651,-0.519960,0.850562,-0.977449,0.207953,0.036740
11.830000,0.613646,-0.443408,-0.599309,-0.026324,0.044345,-0.057505,-2.761011,1.358940,1.394985,0.052363,-0.077805,-0.014389,-0.582476,2.370947,-0.263447,-1.728357,0.448548,0.560115,0.398192,-0.018877,0.006558,0.074242,0.144089,-0.017007,0.150769,-0.093312,0.007132,-0.001126,-0.031839,-0.061682,0.011876,-0.048819,0.049955,-0.011199,67.801286,1.836252,-19.558280,1.829588,-1.071219,-0.000100,-0.195229,-0.828728,-0.524496,-0.078109,-0.519950,0.850618,-0.977642,0.207033,0.036779
11.840000,0.613384,-0.442966,-0.599882,-0.026183,0.044108,-0.057197,-2.762069,1.359855,1.394050,0.051924,-0.077475,-0.014294,-0.582664,2.371013,-0.262707,-1.726922,0.448379,0.561617,0.397264,-0.018807,0.006545,0.073924,0.143471,-0.016889,0.150278,-0.092812,0.006989,-0.001217,-0.031744,-0.061876,0.011801,-0.049176,0.049997,-0.011628,67.777138,1.848225,-19.540510,1.828194,-1.071941,-0.000100,-0.194481,-0.828963,-0.524402,-0.077571,-0.519938,0.850674,-0.977834,0.206119,0.036815
11.850000,0.613123,-0.442526,-0.600453,-0.026043,0.043871,-0.056890,-2.763121,1.360764,1.393120,0.051487,-0.077143,-0.014200,-0.582852,2.371078,-0.261971,-1.725494,0.448211,0.563115,0.396341,-0.018738,0.006532,0.073608,0.142850,-0.016772,0.149782,-0.092311,0.006847,-0.001305,-0.031649,-0.062066,0.011725,-0.049529,0.050035,-0.012052,67.753071,1.860150,-19.522798,1.826797,-1.072627,-0.000100,-0.193736,-0.829196,-0.524310,-0.077038,-0.519927,0.850730,-0.978024,0.205209,0.036849
11.860000,0.612863,-0.442089,-0.601020,-0.025902,0.043634,-0.056583,-2.764167,1.361669,1.392195,0.051053,-0.076810,-0.014106,-0.583038,2.371143,-0.261238,-1.724072,0.448045,0.564608,0.395423,-0.018671,0.006518,0.073292,0.142227,-0.016655,0.149284,-0.091811,0.006706,-0.001393,-0.031555,-0.062253,0.011648,-0.049878,0.050070,-0.012471,67.729084,1.872028,-19.505143,1.825397,-1.073280,-0.000100,-0.192994,-0.829427,-0.524218,-0.076509,-0.519914,0.850785,-0.978212,0.204304,0.036882
11.870000,0.612604,-0.441653,-0.601584,-0.025762,0.043397,-0.056276,-2.765208,1.362569,1.391275,0.050622,-0.076476,-0.014012,-0.583224,2.371208,-0.260509,-1.722656,0.447879,0.566096,0.394509,-0.018605,0.006504,0.072977,0.141603,-0.016539,0.148781,-0.091310,0.006567,-0.001478,-0.031461,-0.062436,0.011570,-0.050223,0.050103,-0.012884,67.705180,1.883858,-19.487548,1.823995,-1.073899,-0.000100,-0.192255,-0.829656,-0.524126,-0.075984,-0.519901,0.850840,-0.978399,0.203404,0.036913
11.880000,0.612348,-0.441221,-0.602145,-0.025622,0.043161,-0.055970,-2.766243,1.363464,1.390360,0.050193,-0.076141,-0.013919,-0.583410,2.371273,-0.259782,-1.721246,0.447715,0.567579,0.393601,-0.018541,0.006488,0.072664,0.140977,-0.016425,0.148276,-0.090808,0.006429,-0.001562,-0.031367,-0.062615,0.011491,-0.050565,0.050133,-0.013291,67.681359,1.895642,-19.470011,1.822591,-1.074485,-0.000100,-0.191519,-0.829884,-0.524036,-0.075464,-0.519888,0.850895,-0.978583,0.202509,0.036942
11.890000,0.612092,-0.440790,-0.602704,-0.025481,0.042925,-0.055664,-2.767273,1.364354,1.389449,0.049767,-0.075805,-0.013826,-0.583594,2.371338,-0.259058,-1.719842,0.447552,0.569056,0.392698,-0.018478,0.006472,0.072351,0.140349,-0.016310,0.147767,-0.090307,0.006293,-0.001645,-0.031273,-0.062791,0.011412,-0.050903,0.050160,-0.013694,67.657620,1.907379,-19.452533,1.821186,-1.075038,-0.000100,-0.190786,-0.830109,-0.523946,-0.074949,-0.519873,0.850949,-0.978766,0.201618,0.036969
11.900000,0.611838,-0.440362,-0.603259,-0.025342,0.042689,-0.055358,-2.768296,1.365239,1.388544,0.049344,-0.075468,-0.013734,-0.583779,2.371402,-0.258338,-1.718445,0.447390,0.570529,0.391800,-0.018417,0.006454,0.072039,0.139719,-0.016197,0.147254,-0.089805,0.006158,-0.001726,-0.031180,-0.062963,0.011331,-0.051236,0.050184,-0.014091,67.633966,1.919069,-19.435115,1.819779,-1.075560,-0.000100,-0.190056,-0.830333,-0.523856,-0.074437,-0.519859,0.851003,-0.978947,0.200733,0.036994
11.910000,0.611585,-0.439936,-0.603811,-0.025202,0.042454,-0.055053,-2.769314,1.366119,1.387644,0.048923,-0.075130,-0.013642,-0.583962,2.371467,-0.257621,-1.717054,0.447229,0.571996,0.390907,-0.018356,0.006436,0.071728,0.139088,-0.016085,0.146739,-0.089303,0.006024,-0.001806,-0.031087,-0.063131,0.011250,-0.051566,0.050206,-0.014483,67.610397,1.930713,-19.417757,1.818370,-1.076050,-0.000100,-0.189329,-0.830555,-0.523768,-0.073930,-0.519844,0.851056,-0.979127,0.199852,0.037018
11.920000,0.611334,-0.439513,-0.604360,-0.025062,0.042219,-0.054748,-2.770327,1.366994,1.386749,0.048505,-0.074791,-0.013551,-0.584145,2.371531,-0.256907,-1.715670,0.447069,0.573459,0.390019,-0.018297,0.006417,0.071418,0.138455,-0.015973,0.146220,-0.088801,0.005892,-0.001883,-0.030994,-0.063296,0.011168,-0.051893,0.050225,-0.014869,67.586913,1.942311,-19.400459,1.816961,-1.076509,-0.000100,-0.188605,-0.830775,-0.523680,-0.073428,-0.519828,0.851110,-0.979304,0.198976,0.037040
11.930000,0.611084,-0.439092,-0.604906,-0.024923,0.041984,-0.054443,-2.771334,1.367865,1.385859,0.048090,-0.074451,-0.013460,-0.584328,2.371595,-0.256195,-1.714292,0.446911,0.574915,0.389136,-0.018240,0.006398,0.071109,0.137821,-0.015862,0.145698,-0.088298,0.005762,-0.001960,-0.030901,-0.063457,0.011085,-0.052215,0.050242,-0.015251,67.563516,1.953862,-19.383221,1.815551,-1.076937,-0.000100,-0.187884,-0.830994,-0.523592,-0.072929,-0.519811,0.851162,-0.979480,0.198105,0.037060
11.940000,0.610835,-0.438673,-0.605449,-0.024783,0.041749,-0.054139,-2.772335,1.368730,1.384974,0.047677,-0.074110,-0.013369,-0.584509,2.371659,-0.255487,-1.712920,0.446753,0.576367,0.388258,-0.018184,0.006378,0.070801,0.137184,-0.015752,0.145172,-0.087796,0.005632,-0.002035,-0.030809,-0.063614,0.011001,-0.052533,0.050256,-0.015627,67.540205,1.965368,-19.366045,1.814140,-1.077335,-0.000100,-0.187166,-0.831210,-0.523506,-0.072435,-0.519795,0.851215,-0.979654,0.197239,0.037079
11.950000,0.610588,-0.438257,-0.605989,-0.024644,0.041515,-0.053835,-2.773331,1.369591,1.384094,0.047267,-0.073767,-0.013279,-0.584691,2.371722,-0.254783,-1.711554,0.446597,0.577814,0.387385,-0.018128,0.006356,0.070494,0.136547,-0.015643,0.144644,-0.087293,0.005504,-0.002108,-0.030716,-0.063767,0.010917,-0.052848,0.050267,-0.015998,67.516982,1.976829,-19.348930,1.812728,-1.077704,-0.000100,-0.186451,-0.831425,-0.523420,-0.071945,-0.519777,0.851267,-0.979826,0.196377,0.037096
11.960000,0.610343,-0.437843,-0.606525,-0.024505,0.041281,-0.053532,-2.774321,1.370447,1.383218,0.046860,-0.073424,-0.013189,-0.584871,2.371786,-0.254081,-1.710195,0.446442,0.579255,0.386517,-0.018075,0.006335,0.070188,0.135908,-0.015535,0.144112,-0.086790,0.005378,-0.002180,-0.030625,-0.063917,0.010832,-0.053159,0.050276,-0.016364,67.493846,1.988244,-19.331877,1.811316,-1.078043,-0.000100,-0.185740,-0.831638,-0.523334,-0.071459,-0.519759,0.851319,-0.979997,0.195521,0.037112
11.970000,0.610098,-0.437431,-0.607059,-0.024367,0.041047,-0.053229,-2.775305,1.371298,1.382348,0.046455,-0.073081,-0.013100,-0.585052,2.371849,-0.253382,-1.708843,0.446287,0.580691,0.385655,-0.018022,0.006312,0.069883,0.135267,-0.015427,0.143577,-0.086287,0.005253,-0.002250,-0.030533,-0.064064,0.010747,-0.053465,0.050283,-0.016724,67.470800,1.999613,-19.314885,1.809904,-1.078354,-0.000101,-0.185031,-0.831849,-0.523250,-0.070978,-0.519741,0.851370,-0.980166,0.194669,0.037126
11.980000,0.609855,-0.437022,-0.607590,-0.024228,0.040814,-0.052926,-2.776284,1.372145,1.381483,0.046053,-0.072736,-0.013011,-0.585231,2.371912,-0.252686,-1.707496,0.446134,0.582121,0.384797,-0.017971,0.006289,0.069578,0.134625,-0.015320,0.143040,-0.085784,0.005129,-0.002319,-0.030442,-0.064206,0.010661,-0.053768,0.050287,-0.017080,67.447843,2.010938,-19.297956,1.808492,-1.078637,-0.000101,-0.184326,-0.832059,-0.523166,-0.070500,-0.519722,0.851421,-0.980334,0.193822,0.037138
11.990000,0.609614,-0.436615,-0.608118,-0.024090,0.040581,-0.052624,-2.777257,1.372986,1.380622,0.045653,-0.072390,-0.012922,-0.585411,2.371974,-0.251993,-1.706156,0.445982,0.583546,0.383944,-0.017921,0.006265,0.069275,0.133981,-0.015215,0.142499,-0.085282,0.005007,-0.002387,-0.030351,-0.064345,0.010574,-0.054067,0.050288,-0.017430,67.424975,2.022218,-19.281090,1.807081,-1.078892,-0.000101,-0.183623,-0.832266,-0.523082,-0.070027,-0.519703,0.851472,-0.980499,0.192980,0.037149
12.000000,0.609373,-0.436210,-0.608642,-0.023952,0.040348,-0.052322,-2.778225,1.373823,1.379767,0.045256,-0.072044,-0.012834,-0.585589,2.372037,-0.251304,-1.704823,0.445831,0.584965,0.383096,-0.017872,0.006241,0.068972,0.133337,-0.015110,0.141955,-0.084779,0.004886,-0.002453,-0.030260,-0.064481,0.010487,-0.054363,0.050287,-0.017776,67.402199,2.033453,-19.264286,1.805670,-1.079120,-0.000101,-0.182924,-0.832472,-0.522999,-0.069557,-0.519683,0.851523,-0.980663,0.192142,0.037158
12.010000,0.609135,-0.435808,-0.609164,-0.023814,0.040116,-0.052021,-2.779187,1.374654,1.378916,0.044862,-0.071696,-0.012747,-0.585768,2.372099,-0.250617,-1.703496,0.445681,0.586380,0.382253,-0.017824,0.006215,0.068670,0.132691,-0.015006,0.141409,-0.084276,0.004766,-0.002517,-0.030170,-0.064612,0.010399,-0.054654,0.050283,-0.018116,67.379513,2.044643,-19.247546,1.804260,-1.079321,-0.000101,-0.182228,-0.832677,-0.522917,-0.069092,-0.519663,0.851573,-0.980826,0.191310,0.037166
12.020000,0.608897,-0.435408,-0.609683,-0.023676,0.039883,-0.051720,-2.780144,1.375482,1.378070,0.044470,-0.071348,-0.012659,-0.585945,2.372161,-0.249933,-1.702176,0.445532,0.587788,0.381416,-0.017778,0.006190,0.068370,0.132043,-0.014903,0.140860,-0.083773,0.004648,-0.002580,-0.030080,-0.064740,0.010311,-0.054941,0.050277,-0.018452,67.356919,2.055789,-19.230870,1.802850,-1.079496,-0.000101,-0.181535,-0.832879,-0.522836,-0.068631,-0.519643,0.851623,-0.980987,0.190482,0.037172
12.030000,0.608661,-0.435010,-0.610199,-0.023538,0.039652,-0.051419,-2.781095,1.376304,1.377229,0.044081,-0.070999,-0.012572,-0.586123,2.372222,-0.249252,-1.700862,0.445384,0.589191,0.380583,-0.017733,0.006163,0.068070,0.131394,-0.014801,0.140307,-0.083270,0.004531,-0.002642,-0.029990,-0.064865,0.010222,-0.055224,0.050269,-0.018782,67.334418,2.066891,-19.214257,1.801442,-1.079645,-0.000101,-0.180846,-0.833080,-0.522755,-0.068174,-0.519622,0.851672,-0.981146,0.189659,0.037177
12.040000,0.608426,-0.434615,-0.610711,-0.023401,0.039420,-0.051119,-2.782040,1.377121,1.376393,0.043694,-0.070650,-0.012486,-0.586300,2.372284,-0.248575,-1.699554,0.445237,0.590589,0.379755,-0.017688,0.006136,0.067771,0.130745,-0.014699,0.139752,-0.082768,0.004415,-0.002702,-0.029900,-0.064986,0.010133,-0.055504,0.050258,-0.019108,67.312009,2.077949,-19.197709,1.800035,-1.079768,-0.000101,-0.180159,-0.833279,-0.522674,-0.067720,-0.519601,0.851721,-0.981304,0.188841,0.037181
12.050000,0.608193,-0.434222,-0.611221,-0.023264,0.039189,-0.050819,-2.782980,1.377934,1.375562,0.043310,-0.070300,-0.012400,-0.586476,2.372345,-0.247900,-1.698253,0.445091,0.591981,0.378933,-0.017645,0.006109,0.067473,0.130094,-0.014599,0.139194,-0.082265,0.004301,-0.002761,-0.029811,-0.065103,0.010044,-0.055780,0.050246,-0.019428,67.289694,2.088963,-19.181226,1.798629,-1.079867,-0.000101,-0.179476,-0.833477,-0.522594,-0.067271,-0.519579,0.851770,-0.981460,0.188028,0.037183
12.060000,0.607961,-0.433831,-0.611728,-0.023127,0.038958,-0.050520,-2.783915,1.378742,1.374736,0.042928,-0.069949,-0.012314,-0.586652,2.372406,-0.247228,-1.696959,0.444946,0.593367,0.378115,-0.017603,0.006080,0.067175,0.129441,-0.014499,0.138634,-0.081763,0.004188,-0.002818,-0.029722,-0.065217,0.009954,-0.056051,0.050230,-0.019744,67.267472,2.099934,-19.164807,1.797225,-1.079941,-0.000101,-0.178796,-0.833672,-0.522515,-0.066826,-0.519557,0.851819,-0.981614,0.187219,0.037184
12.070000,0.607731,-0.433443,-0.612231,-0.022990,0.038728,-0.050221,-2.784844,1.379545,1.373915,0.042549,-0.069597,-0.012228,-0.586828,2.372466,-0.246560,-1.695671,0.444802,0.594748,0.377302,-0.017563,0.006052,0.066879,0.128788,-0.014401,0.138071,-0.081261,0.004077,-0.002874,-0.029634,-0.065327,0.009864,-0.056319,0.050213,-0.020055,67.245345,2.110861,-19.148453,1.795823,-1.079991,-0.000101,-0.178119,-0.833867,-0.522437,-0.066384,-0.519534,0.851867,-0.981767,0.186415,0.037183
12.080000,0.607501,-0.433057,-0.612732,-0.022853,0.038498,-0.049922,-2.785767,1.380343,1.373099,0.042173,-0.069245,-0.012144,-0.587003,2.372526,-0.245894,-1.694390,0.444659,0.596123,0.376495,-0.017523,0.006022,0.066584,0.128134,-0.014303,0.137505,-0.080759,0.003966,-0.002929,-0.029546,-0.065434,0.009773,-0.056583,0.050193,-0.020361,67.223313,2.121744,-19.132165,1.794423,-1.080017,-0.000101,-0.177446,-0.834059,-0.522359,-0.065947,-0.519511,0.851915,-0.981919,0.185616,0.037182
12.090000,0.607273,-0.432673,-0.613230,-0.022717,0.038268,-0.049624,-2.786685,1.381137,1.372287,0.041799,-0.068892,-0.012059,-0.587178,2.372586,-0.245231,-1.693115,0.444517,0.597492,0.375692,-0.017484,0.005992,0.066289,0.127478,-0.014206,0.136937,-0.080257,0.003858,-0.002982,-0.029458,-0.065537,0.009682,-0.056842,0.050171,-0.020662,67.201376,2.132585,-19.115943,1.793025,-1.080021,-0.000101,-0.176775,-0.834250,-0.522281,-0.065513,-0.519488,0.851962,-0.982068,0.184822,0.037179
12.100000,0.607047,-0.432291,-0.613725,-0.022581,0.038038,-0.049327,-2.787597,1.381926,1.371480,0.041427,-0.068538,-0.011975,-0.587352,2.372646,-0.244571,-1.691847,0.444376,0.598856,0.374895,-0.017447,0.005962,0.065995,0.126822,-0.014110,0.136366,-0.079756,0.003750,-0.003034,-0.029370,-0.065636,0.009591,-0.057098,0.050146,-0.020958,67.179535,2.143382,-19.099787,1.791629,-1.080001,-0.000101,-0.176108,-0.834439,-0.522204,-0.065083,-0.519465,0.852010,-0.982217,0.184033,0.037174
12.110000,0.606822,-0.431912,-0.614216,-0.022445,0.037809,-0.049030,-2.788504,1.382710,1.370679,0.041058,-0.068184,-0.011891,-0.587526,2.372705,-0.243914,-1.690585,0.444235,0.600214,0.374102,-0.017411,0.005931,0.065702,0.126165,-0.014015,0.135792,-0.079255,0.003644,-0.003085,-0.029283,-0.065732,0.009500,-0.057350,0.050120,-0.021250,67.157791,2.154137,-19.083697,1.790236,-1.079959,-0.000101,-0.175445,-0.834626,-0.522128,-0.064657,-0.519441,0.852057,-0.982364,0.183248,0.037169
12.120000,0.606598,-0.431535,-0.614705,-0.022309,0.037581,-0.048733,-2.789406,1.383489,1.369882,0.040691,-0.067829,-0.011807,-0.587700,2.372764,-0.243260,-1.689330,0.444096,0.601566,0.373315,-0.017375,0.005900,0.065410,0.125506,-0.013921,0.135216,-0.078754,0.003539,-0.003134,-0.029196,-0.065825,0.009408,-0.057598,0.050091,-0.021537,67.136143,2.164849,-19.067673,1.788845,-1.079896,-0.000101,-0.174784,-0.834812,-0.522052,-0.064235,-0.519417,0.852103,-0.982509,0.182468,0.037162
12.130000,0.606376,-0.431161,-0.615191,-0.022173,0.037352,-0.048437,-2.790302,1.384264,1.369089,0.040327,-0.067474,-0.011724,-0.587873,2.372823,-0.242609,-1.688082,0.443958,0.602912,0.372532,-0.017341,0.005868,0.065119,0.124847,-0.013828,0.134638,-0.078253,0.003436,-0.003182,-0.029110,-0.065914,0.009316,-0.057842,0.050060,-0.021819,67.114593,2.175519,-19.051717,1.787457,-1.079810,-0.000101,-0.174127,-0.834997,-0.521977,-0.063816,-0.519392,0.852150,-0.982653,0.181693,0.037154
12.140000,0.606155,-0.430788,-0.615674,-0.022038,0.037124,-0.048141,-2.791192,1.385034,1.368302,0.039966,-0.067118,-0.011641,-0.588047,2.372881,-0.241960,-1.686840,0.443821,0.604253,0.371755,-0.017307,0.005836,0.064829,0.124187,-0.013736,0.134057,-0.077753,0.003334,-0.003229,-0.029023,-0.065999,0.009224,-0.058083,0.050027,-0.022096,67.093140,2.186147,-19.035828,1.786073,-1.079704,-0.000102,-0.173473,-0.835179,-0.521903,-0.063401,-0.519367,0.852196,-0.982796,0.180922,0.037145
12.150000,0.605935,-0.430418,-0.616154,-0.021903,0.036897,-0.047846,-2.792078,1.385799,1.367520,0.039606,-0.066762,-0.011559,-0.588219,2.372939,-0.241315,-1.685604,0.443684,0.605588,0.370982,-0.017275,0.005803,0.064540,0.123527,-0.013644,0.133474,-0.077253,0.003233,-0.003274,-0.028938,-0.066081,0.009132,-0.058319,0.049992,-0.022369,67.071786,2.196732,-19.020006,1.784691,-1.079577,-0.000102,-0.172822,-0.835360,-0.521829,-0.062990,-0.519342,0.852242,-0.982937,0.180156,0.037135
12.160000,0.605717,-0.430050,-0.616631,-0.021768,0.036669,-0.047552,-2.792957,1.386560,1.366742,0.039250,-0.066405,-0.011477,-0.588392,2.372997,-0.240672,-1.684376,0.443549,0.606916,0.370214,-0.017244,0.005770,0.064251,0.122865,-0.013554,0.132888,-0.076753,0.003133,-0.003318,-0.028852,-0.066160,0.009039,-0.058551,0.049955,-0.022637,67.050530,2.207275,-19.004252,1.783313,-1.079430,-0.000102,-0.172175,-0.835540,-0.521755,-0.062583,-0.519317,0.852287,-0.983076,0.179395,0.037123
12.170000,0.605500,-0.429685,-0.617105,-0.021633,0.036443,-0.047258,-2.793832,1.387315,1.365969,0.038895,-0.066048,-0.011395,-0.588564,2.373054,-0.240033,-1.683154,0.443414,0.608239,0.369452,-0.017213,0.005736,0.063964,0.122203,-0.013464,0.132300,-0.076254,0.003035,-0.003361,-0.028767,-0.066235,0.008947,-0.058779,0.049915,-0.022900,67.029373,2.217777,-18.988566,1.781938,-1.079263,-0.000102,-0.171531,-0.835718,-0.521682,-0.062179,-0.519291,0.852332,-0.983215,0.178639,0.037111
12.180000,0.605284,-0.429321,-0.617576,-0.021499,0.036216,-0.046964,-2.794700,1.388067,1.365201,0.038543,-0.065690,-0.011314,-0.588736,2.373111,-0.239396,-1.681938,0.443280,0.609557,0.368694,-0.017184,0.005702,0.063677,0.121540,-0.013376,0.131710,-0.075755,0.002938,-0.003402,-0.028682,-0.066306,0.008854,-0.059003,0.049874,-0.023159,67.008316,2.228237,-18.972948,1.780566,-1.079077,-0.000102,-0.170890,-0.835894,-0.521610,-0.061779,-0.519266,0.852377,-0.983351,0.177888,0.037097
12.190000,0.605070,-0.428960,-0.618044,-0.021365,0.035990,-0.046671,-2.795564,1.388813,1.364437,0.038194,-0.065332,-0.011233,-0.588907,2.373168,-0.238762,-1.680730,0.443147,0.610868,0.367942,-0.017156,0.005668,0.063391,0.120876,-0.013288,0.131118,-0.075257,0.002843,-0.003442,-0.028597,-0.066374,0.008762,-0.059224,0.049830,-0.023413,66.987358,2.238655,-18.957399,1.779199,-1.078871,-0.000102,-0.170253,-0.836069,-0.521538,-0.061382,-0.519239,0.852422,-0.983487,0.177141,0.037082
12.200000,0.604857,-0.428602,-0.618509,-0.021231,0.035764,-0.046378,-2.796422,1.389555,1.363679,0.037847,-0.064974,-0.011153,-0.589079,2.373224,-0.238131,-1.679528,0.443015,0.612173,0.367194,-0.017128,0.005633,0.063106,0.120211,-0.013202,0.130524,-0.074759,0.002748,-0.003481,-0.028513,-0.066439,0.008669,-0.059440,0.049785,-0.023663,66.966501,2.249032,-18.941919,1.777835,-1.078647,-0.000102,-0.169619,-0.836242,-0.521467,-0.060989,-0.519213,0.852466,-0.983621,0.176398,0.037067
12.210000,0.604645,-0.428245,-0.618972,-0.021097,0.035539,-0.046086,-2.797274,1.390292,1.362925,0.037502,-0.064615,-0.011072,-0.589250,2.373280,-0.237503,-1.678332,0.442884,0.613472,0.366452,-0.017102,0.005598,0.062821,0.119546,-0.013116,0.129927,-0.074262,0.002655,-0.003519,-0.028429,-0.066500,0.008576,-0.059653,0.049737,-0.023908,66.945744,2.259368,-18.926507,1.776476,-1.078405,-0.000102,-0.168989,-0.836414,-0.521396,-0.060600,-0.519186,0.852510,-0.983753,0.175661,0.037050
12.220000,0.604435,-0.427891,-0.619431,-0.020963,0.035314,-0.045794,-2.798122,1.391025,1.362176,0.037160,-0.064256,-0.010993,-0.589420,2.373336,-0.236877,-1.677143,0.442754,0.614766,0.365714,-0.017076,0.005562,0.062538,0.118881,-0.013031,0.129328,-0.073765,0.002564,-0.003556,-0.028346,-0.066558,0.008484,-0.059861,0.049688,-0.024148,66.925088,2.269663,-18.911165,1.775121,-1.078145,-0.000102,-0.168361,-0.836584,-0.521326,-0.060214,-0.519160,0.852554,-0.983885,0.174928,0.037032
12.230000,0.604226,-0.427539,-0.619888,-0.020830,0.035090,-0.045503,-2.798964,1.391752,1.361432,0.036820,-0.063896,-0.010913,-0.589591,2.373391,-0.236255,-1.675961,0.442624,0.616053,0.364981,-0.017051,0.005526,0.062255,0.118215,-0.012947,0.128728,-0.073269,0.002473,-0.003591,-0.028262,-0.066612,0.008391,-0.060065,0.049636,-0.024384,66.904534,2.279917,-18.895892,1.773770,-1.077867,-0.000102,-0.167737,-0.836753,-0.521257,-0.059832,-0.519132,0.852597,-0.984014,0.174200,0.037014
12.240000,0.604018,-0.427189,-0.620341,-0.020697,0.034866,-0.045213,-2.799800,1.392476,1.360692,0.036482,-0.063536,-0.010834,-0.589761,2.373446,-0.235635,-1.674786,0.442496,0.617334,0.364254,-0.017027,0.005490,0.061973,0.117548,-0.012864,0.128125,-0.072773,0.002384,-0.003625,-0.028179,-0.066663,0.008298,-0.060266,0.049583,-0.024616,66.884081,2.290131,-18.880689,1.772423,-1.077573,-0.000102,-0.167117,-0.836920,-0.521187,-0.059453,-0.519105,0.852640,-0.984143,0.173477,0.036994
12.250000,0.603812,-0.426841,-0.620792,-0.020564,0.034642,-0.044923,-2.800631,1.393194,1.359957,0.036147,-0.063176,-0.010755,-0.589931,2.373501,-0.235018,-1.673617,0.442368,0.618609,0.363531,-0.017004,0.005454,0.061693,0.116881,-0.012782,0.127521,-0.072278,0.002296,-0.003658,-0.028097,-0.066710,0.008205,-0.060462,0.049527,-0.024843,66.863730,2.300304,-18.865556,1.771081,-1.077261,-0.000102,-0.166500,-0.837086,-0.521119,-0.059077,-0.519078,0.852683,-0.984270,0.172758,0.036974
12.260000,0.603607,-0.426496,-0.621240,-0.020432,0.034419,-0.044633,-2.801457,1.393908,1.359227,0.035814,-0.062816,-0.010677,-0.590101,2.373555,-0.234404,-1.672455,0.442241,0.619878,0.362813,-0.016982,0.005417,0.061412,0.116213,-0.012701,0.126914,-0.071783,0.002210,-0.003690,-0.028015,-0.066754,0.008113,-0.060655,0.049470,-0.025065,66.843481,2.310436,-18.850493,1.769744,-1.076934,-0.000102,-0.165886,-0.837250,-0.521051,-0.058705,-0.519050,0.852725,-0.984396,0.172044,0.036952
12.270000,0.603403,-0.426153,-0.621685,-0.020300,0.034196,-0.044344,-2.802277,1.394617,1.358502,0.035483,-0.062455,-0.010598,-0.590271,2.373609,-0.233793,-1.671299,0.442115,0.621141,0.362100,-0.016961,0.005379,0.061133,0.115546,-0.012621,0.126306,-0.071289,0.002125,-0.003721,-0.027933,-0.066795,0.008020,-0.060844,0.049411,-0.025283,66.823335,2.320529,-18.835500,1.768412,-1.076590,-0.000102,-0.165276,-0.837413,-0.520983,-0.058337,-0.519022,0.852768,-0.984521,0.171334,0.036930
12.280000,0.603201,-0.425812,-0.622127,-0.020168,0.033974,-0.044056,-2.803093,1.395322,1.357781,0.035155,-0.062094,-0.010521,-0.590440,2.373662,-0.233184,-1.670150,0.441989,0.622398,0.361392,-0.016941,0.005342,0.060855,0.114877,-0.012541,0.125695,-0.070795,0.002041,-0.003750,-0.027851,-0.066833,0.007928,-0.061028,0.049350,-0.025497,66.803292,2.330581,-18.820578,1.767085,-1.076231,-0.000102,-0.164669,-0.837574,-0.520916,-0.057972,-0.518994,0.852810,-0.984644,0.170629,0.036906
12.290000,0.603000,-0.425474,-0.622566,-0.020036,0.033752,-0.043768,-2.803902,1.396022,1.357065,0.034829,-0.061733,-0.010443,-0.590609,2.373715,-0.232578,-1.669008,0.441865,0.623649,0.360689,-0.016921,0.005304,0.060577,0.114209,-0.012463,0.125083,-0.070302,0.001958,-0.003779,-0.027770,-0.066867,0.007836,-0.061209,0.049287,-0.025706,66.783353,2.340593,-18.805727,1.765763,-1.075857,-0.000103,-0.164065,-0.837734,-0.520850,-0.057610,-0.518966,0.852851,-0.984766,0.169929,0.036882
12.300000,0.602800,-0.425137,-0.623002,-0.019904,0.033530,-0.043481,-2.804707,1.396718,1.356354,0.034505,-0.061372,-0.010366,-0.590778,2.373768,-0.231975,-1.667873,0.441741,0.624894,0.359991,-0.016902,0.005266,0.060300,0.113540,-0.012386,0.124469,-0.069810,0.001877,-0.003806,-0.027689,-0.066897,0.007744,-0.061386,0.049222,-0.025911,66.763516,2.350566,-18.790947,1.764447,-1.075467,-0.000103,-0.163465,-0.837893,-0.520783,-0.057251,-0.518938,0.852893,-0.984887,0.169233,0.036857
12.310000,0.602602,-0.424803,-0.623435,-0.019773,0.033309,-0.043194,-2.805506,1.397409,1.355648,0.034183,-0.061010,-0.010289,-0.590947,2.373820,-0.231375,-1.666744,0.441618,0.626132,0.359298,-0.016884,0.005228,0.060024,0.112870,-0.012309,0.123854,-0.069319,0.001797,-0.003832,-0.027608,-0.066925,0.007652,-0.061559,0.049156,-0.026112,66.743784,2.360499,-18.776238,1.763135,-1.075064,-0.000103,-0.162868,-0.838049,-0.520718,-0.056896,-0.518909,0.852934,-0.985006,0.168542,0.036832
12.320000,0.602405,-0.424471,-0.623866,-0.019642,0.033088,-0.042908,-2.806300,1.398095,1.354946,0.033864,-0.060649,-0.010213,-0.591116,2.373872,-0.230778,-1.665622,0.441495,0.627365,0.358609,-0.016867,0.005189,0.059749,0.112201,-0.012234,0.123236,-0.068828,0.001718,-0.003857,-0.027528,-0.066949,0.007560,-0.061727,0.049088,-0.026308,66.724155,2.370393,-18.761601,1.761830,-1.074646,-0.000103,-0.162274,-0.838205,-0.520653,-0.056544,-0.518880,0.852975,-0.985124,0.167856,0.036805
12.330000,0.602209,-0.424141,-0.624293,-0.019511,0.032868,-0.042622,-2.807089,1.398777,1.354248,0.033547,-0.060287,-0.010137,-0.591284,2.373923,-0.230183,-1.664507,0.441374,0.628591,0.357926,-0.016851,0.005150,0.059474,0.111531,-0.012159,0.122618,-0.068338,0.001640,-0.003881,-0.027448,-0.066970,0.007469,-0.061892,0.049017,-0.026500,66.704631,2.380247,-18.747035,1.760530,-1.074215,-0.000103,-0.161685,-0.838359,-0.520588,-0.056196,-0.518851,0.853015,-0.985241,0.167174,0.036778
12.340000,0.602014,-0.423814,-0.624718,-0.019381,0.032648,-0.042337,-2.807872,1.399455,1.353556,0.033232,-0.059925,-0.010061,-0.591453,2.373974,-0.229591,-1.663398,0.441253,0.629811,0.357248,-0.016835,0.005111,0.059200,0.110861,-0.012085,0.121997,-0.067848,0.001564,-0.003904,-0.027368,-0.066987,0.007377,-0.062053,0.048945,-0.026688,66.685211,2.390062,-18.732541,1.759236,-1.073770,-0.000103,-0.161098,-0.838512,-0.520524,-0.055851,-0.518823,0.853056,-0.985357,0.166497,0.036750
12.350000,0.601821,-0.423488,-0.625140,-0.019251,0.032429,-0.042053,-2.808650,1.400127,1.352868,0.032920,-0.059563,-0.009986,-0.591621,2.374025,-0.229002,-1.662296,0.441133,0.631025,0.356574,-0.016820,0.005072,0.058928,0.110191,-0.012012,0.121375,-0.067359,0.001489,-0.003926,-0.027289,-0.067001,0.007286,-0.062210,0.048872,-0.026871,66.665896,2.399838,-18.718119,1.757948,-1.073312,-0.000103,-0.160515,-0.838663,-0.520461,-0.055509,-0.518793,0.853096,-0.985471,0.165824,0.036721
12.360000,0.601629,-0.423165,-0.625559,-0.019121,0.032210,-0.041769,-2.809423,1.400796,1.352184,0.032609,-0.059201,-0.009911,-0.591789,2.374075,-0.228415,-1.661201,0.441013,0.632232,0.355905,-0.016806,0.005033,0.058655,0.109521,-0.011940,0.120751,-0.066871,0.001415,-0.003947,-0.027210,-0.067012,0.007195,-0.062363,0.048796,-0.027051,66.646687,2.409575,-18.703769,1.756666,-1.072841,-0.000103,-0.159935,-0.838813,-0.520398,-0.055170,-0.518764,0.853135,-0.985585,0.165156,0.036692
12.370000,0.601439,-0.422844,-0.625976,-0.018991,0.031992,-0.041486,-2.810191,1.401459,1.351506,0.032301,-0.058839,-0.009836,-0.591957,2.374125,-0.227831,-1.660113,0.440895,0.633434,0.355241,-0.016793,0.004993,0.058384,0.108851,-0.011869,0.120126,-0.066384,0.001342,-0.003967,-0.027131,-0.067020,0.007105,-0.062512,0.048719,-0.027226,66.627582,2.419274,-18.689492,1.755390,-1.072358,-0.000103,-0.159359,-0.838961,-0.520335,-0.054834,-0.518735,0.853175,-0.985697,0.164493,0.036661
12.380000,0.601250,-0.422525,-0.626389,-0.018862,0.031774,-0.041203,-2.810954,1.402119,1.350832,0.031995,-0.058477,-0.009761,-0.592125,2.374175,-0.227250,-1.659031,0.440777,0.634629,0.354582,-0.016780,0.004953,0.058114,0.108181,-0.011799,0.119500,-0.065898,0.001271,-0.003986,-0.027053,-0.067025,0.007015,-0.062657,0.048640,-0.027396,66.608583,2.428933,-18.675287,1.754120,-1.071863,-0.000103,-0.158786,-0.839109,-0.520273,-0.054502,-0.518705,0.853214,-0.985808,0.163834,0.036630
12.390000,0.601062,-0.422209,-0.626800,-0.018733,0.031556,-0.040921,-2.811711,1.402773,1.350162,0.031692,-0.058114,-0.009687,-0.592292,2.374224,-0.226672,-1.657956,0.440659,0.635817,0.353928,-0.016768,0.004913,0.057844,0.107510,-0.011730,0.118872,-0.065412,0.001201,-0.004004,-0.026975,-0.067026,0.006925,-0.062798,0.048560,-0.027563,66.589689,2.438555,-18.661155,1.752857,-1.071356,-0.000103,-0.158216,-0.839254,-0.520211,-0.054172,-0.518676,0.853253,-0.985917,0.163180,0.036599
12.400000,0.600875,-0.421894,-0.627207,-0.018604,0.031339,-0.040640,-2.812463,1.403423,1.349497,0.031390,-0.057752,-0.009613,-0.592460,2.374273,-0.226096,-1.656887,0.440543,0.637000,0.353279,-0.016757,0.004873,0.057575,0.106840,-0.011662,0.118242,-0.064927,0.001132,-0.004021,-0.026897,-0.067024,0.006835,-0.062935,0.048478,-0.027725,66.570902,2.448138,-18.647096,1.751600,-1.070837,-0.000103,-0.157651,-0.839399,-0.520150,-0.053846,-0.518646,0.853292,-0.986026,0.162530,0.036567
12.410000,0.600689,-0.421582,-0.627612,-0.018475,0.031123,-0.040359,-2.813210,1.404069,1.348837,0.031091,-0.057390,-0.009540,-0.592627,2.374321,-0.225523,-1.655826,0.440427,0.638176,0.352635,-0.016746,0.004832,0.057307,0.106170,-0.011594,0.117612,-0.064444,0.001065,-0.004037,-0.026819,-0.067019,0.006746,-0.063069,0.048394,-0.027884,66.552220,2.457683,-18.633110,1.750350,-1.070308,-0.000103,-0.157088,-0.839542,-0.520090,-0.053523,-0.518617,0.853330,-0.986133,0.161885,0.036534
12.420000,0.600505,-0.421272,-0.628015,-0.018347,0.030907,-0.040079,-2.813951,1.404710,1.348181,0.030794,-0.057028,-0.009467,-0.592795,2.374369,-0.224952,-1.654771,0.440312,0.639346,0.351995,-0.016736,0.004792,0.057039,0.105500,-0.011527,0.116980,-0.063960,0.000998,-0.004052,-0.026742,-0.067010,0.006657,-0.063198,0.048308,-0.028038,66.533645,2.467190,-18.619198,1.749107,-1.069768,-0.000103,-0.156529,-0.839683,-0.520029,-0.053203,-0.518587,0.853368,-0.986239,0.161244,0.036500
12.430000,0.600323,-0.420964,-0.628414,-0.018219,0.030691,-0.039799,-2.814688,1.405347,1.347530,0.030498,-0.056665,-0.009394,-0.592962,2.374417,-0.224385,-1.653722,0.440197,0.640509,0.351360,-0.016727,0.004751,0.056773,0.104830,-0.011462,0.116346,-0.063478,0.000933,-0.004066,-0.026665,-0.066999,0.006568,-0.063323,0.048221,-0.028188,66.515176,2.476659,-18.605359,1.747871,-1.069217,-0.000104,-0.155973,-0.839824,-0.519970,-0.052886,-0.518557,0.853406,-0.986344,0.160607,0.036466
12.440000,0.600141,-0.420658,-0.628811,-0.018091,0.030476,-0.039520,-2.815419,1.405980,1.346883,0.030206,-0.056303,-0.009321,-0.593129,2.374464,-0.223820,-1.652681,0.440083,0.641666,0.350730,-0.016718,0.004711,0.056507,0.104160,-0.011397,0.115712,-0.062997,0.000869,-0.004079,-0.026589,-0.066984,0.006480,-0.063445,0.048133,-0.028334,66.496814,2.486090,-18.591593,1.746641,-1.068657,-0.000104,-0.155421,-0.839963,-0.519910,-0.052572,-0.518527,0.853444,-0.986448,0.159976,0.036432
12.450000,0.599961,-0.420354,-0.629204,-0.017964,0.030262,-0.039242,-2.816146,1.406608,1.346241,0.029915,-0.055941,-0.009249,-0.593296,2.374510,-0.223257,-1.651646,0.439970,0.642817,0.350105,-0.016710,0.004670,0.056242,0.103490,-0.011333,0.115076,-0.062516,0.000806,-0.004091,-0.026512,-0.066967,0.006392,-0.063562,0.048042,-0.028476,66.478558,2.495484,-18.577901,1.745419,-1.068086,-0.000104,-0.154872,-0.840101,-0.519851,-0.052261,-0.518497,0.853481,-0.986551,0.159348,0.036396
12.460000,0.599782,-0.420053,-0.629595,-0.017837,0.030047,-0.038965,-2.816867,1.407231,1.345604,0.029626,-0.055580,-0.009177,-0.593463,2.374557,-0.222697,-1.650618,0.439857,0.643961,0.349485,-0.016702,0.004629,0.055977,0.102821,-0.011270,0.114440,-0.062037,0.000745,-0.004102,-0.026436,-0.066946,0.006305,-0.063676,0.047951,-0.028614,66.460409,2.504840,-18.564283,1.744203,-1.067506,-0.000104,-0.154327,-0.840237,-0.519793,-0.051953,-0.518467,0.853518,-0.986653,0.158726,0.036361
12.470000,0.599604,-0.419753,-0.629984,-0.017710,0.029834,-0.038688,-2.817583,1.407850,1.344971,0.029339,-0.055218,-0.009106,-0.593630,2.374603,-0.222140,-1.649596,0.439745,0.645099,0.348869,-0.016696,0.004587,0.055714,0.102152,-0.011208,0.113802,-0.061558,0.000684,-0.004112,-0.026360,-0.066922,0.006218,-0.063785,0.047857,-0.028748,66.442367,2.514159,-18.550738,1.742995,-1.066917,-0.000104,-0.153785,-0.840372,-0.519735,-0.051648,-0.518437,0.853555,-0.986754,0.158107,0.036324
12.480000,0.599427,-0.419456,-0.630369,-0.017584,0.029621,-0.038411,-2.818294,1.408465,1.344342,0.029055,-0.054856,-0.009034,-0.593797,2.374648,-0.221586,-1.648581,0.439633,0.646231,0.348258,-0.016689,0.004546,0.055451,0.101483,-0.011147,0.113163,-0.061081,0.000625,-0.004122,-0.026285,-0.066895,0.006132,-0.063891,0.047762,-0.028878,66.424432,2.523440,-18.537268,1.741795,-1.066319,-0.000104,-0.153247,-0.840506,-0.519678,-0.051346,-0.518407,0.853591,-0.986853,0.157493,0.036287
12.490000,0.599252,-0.419161,-0.630752,-0.017457,0.029408,-0.038136,-2.819000,1.409075,1.343718,0.028772,-0.054495,-0.008963,-0.593964,2.374693,-0.221034,-1.647573,0.439523,0.647356,0.347652,-0.016684,0.004505,0.055189,0.100814,-0.011086,0.112523,-0.060604,0.000567,-0.004131,-0.026210,-0.066864,0.006046,-0.063993,0.047666,-0.029004,66.406605,2.532685,-18.523873,1.740601,-1.065712,-0.000104,-0.152712,-0.840639,-0.519621,-0.051047,-0.518376,0.853628,-0.986952,0.156884,0.036250
12.500000,0.599078,-0.418868,-0.631132,-0.017332,0.029196,-0.037861,-2.819700,1.409681,1.343099,0.028492,-0.054133,-0.008893,-0.594131,2.374738,-0.220485,-1.646572,0.439412,0.648475,0.347051,-0.016679,0.004464,0.054927,0.100146,-0.011026,0.111882,-0.060128,0.000511,-0.004138,-0.026135,-0.066831,0.005960,-0.064091,0.047568,-0.029126,66.388885,2.541892,-18.510551,1.739416,-1.065097,-0.000104,-0.152180,-0.840770,-0.519564,-0.050751,-0.518346,0.853664,-0.987049,0.156279,0.036212
12.510000,0.598906,-0.418577,-0.631509,-0.017206,0.028985,-0.037586,-2.820396,1.410282,1.342483,0.028213,-0.053772,-0.008822,-0.594297,2.374782,-0.219938,-1.645577,0.439303,0.649587,0.346455,-0.016674,0.004422,0.054667,0.099478,-0.010968,0.111240,-0.059654,0.000455,-0.004145,-0.026060,-0.066795,0.005875,-0.064185,0.047468,-0.029244,66.371272,2.551063,-18.497304,1.738238,-1.064475,-0.000104,-0.151652,-0.840900,-0.519508,-0.050457,-0.518316,0.853699,-0.987145,0.155678,0.036174
12.520000,0.598734,-0.418288,-0.631884,-0.017081,0.028774,-0.037313,-2.821087,1.410879,1.341873,0.027937,-0.053411,-0.008752,-0.594464,2.374826,-0.219394,-1.644589,0.439194,0.650693,0.345863,-0.016670,0.004381,0.054407,0.098810,-0.010910,0.110597,-0.059180,0.000401,-0.004151,-0.025986,-0.066756,0.005791,-0.064275,0.047367,-0.029358,66.353767,2.560197,-18.484132,1.737067,-1.063844,-0.000104,-0.151127,-0.841029,-0.519453,-0.050167,-0.518286,0.853735,-0.987241,0.155082,0.036135
12.530000,0.598564,-0.418001,-0.632255,-0.016956,0.028563,-0.037040,-2.821772,1.411472,1.341267,0.027663,-0.053051,-0.008683,-0.594631,2.374869,-0.218852,-1.643607,0.439085,0.651793,0.345276,-0.016667,0.004339,0.054148,0.098143,-0.010853,0.109954,-0.058707,0.000347,-0.004157,-0.025912,-0.066713,0.005707,-0.064361,0.047265,-0.029468,66.336369,2.569294,-18.471034,1.735905,-1.063206,-0.000104,-0.150606,-0.841156,-0.519397,-0.049879,-0.518255,0.853770,-0.987335,0.154490,0.036096
12.540000,0.598395,-0.417717,-0.632624,-0.016831,0.028353,-0.036767,-2.822453,1.412061,1.340665,0.027390,-0.052690,-0.008613,-0.594797,2.374912,-0.218314,-1.642633,0.438977,0.652886,0.344693,-0.016664,0.004297,0.053889,0.097476,-0.010796,0.109309,-0.058236,0.000295,-0.004161,-0.025838,-0.066668,0.005623,-0.064443,0.047161,-0.029575,66.319079,2.578355,-18.458012,1.734750,-1.062561,-0.000104,-0.150088,-0.841283,-0.519343,-0.049594,-0.518225,0.853805,-0.987428,0.153903,0.036057
12.550000,0.598227,-0.417434,-0.632991,-0.016707,0.028144,-0.036496,-2.823129,1.412645,1.340068,0.027120,-0.052330,-0.008544,-0.594964,2.374955,-0.217777,-1.641665,0.438870,0.653973,0.344116,-0.016661,0.004256,0.053632,0.096810,-0.010741,0.108664,-0.057765,0.000245,-0.004165,-0.025764,-0.066619,0.005540,-0.064522,0.047055,-0.029677,66.301897,2.587380,-18.445064,1.733603,-1.061909,-0.000104,-0.149574,-0.841408,-0.519288,-0.049312,-0.518195,0.853840,-0.987520,0.153320,0.036017
12.560000,0.598061,-0.417154,-0.633354,-0.016583,0.027935,-0.036225,-2.823799,1.413224,1.339475,0.026852,-0.051970,-0.008475,-0.595131,2.374997,-0.217243,-1.640703,0.438763,0.655053,0.343543,-0.016659,0.004214,0.053375,0.096145,-0.010687,0.108018,-0.057296,0.000195,-0.004168,-0.025691,-0.066568,0.005458,-0.064596,0.046948,-0.029776,66.284822,2.596368,-18.432191,1.732465,-1.061250,-0.000105,-0.149063,-0.841532,-0.519234,-0.049033,-0.518164,0.853874,-0.987611,0.152741,0.035976
12.570000,0.597896,-0.416876,-0.633715,-0.016459,0.027726,-0.035954,-2.824465,1.413800,1.338887,0.026586,-0.051610,-0.008407,-0.595297,2.375038,-0.216712,-1.639748,0.438656,0.656127,0.342974,-0.016658,0.004172,0.053119,0.095479,-0.010633,0.107371,-0.056827,0.000146,-0.004170,-0.025618,-0.066514,0.005376,-0.064667,0.046840,-0.029870,66.267856,2.605321,-18.419394,1.731334,-1.060585,-0.000105,-0.148556,-0.841655,-0.519181,-0.048757,-0.518134,0.853909,-0.987701,0.152167,0.035936
12.580000,0.597732,-0.416599,-0.634073,-0.016336,0.027518,-0.035685,-2.825125,1.414371,1.338302,0.026321,-0.051251,-0.008339,-0.595464,2.375080,-0.216184,-1.638800,0.438551,0.657194,0.342411,-0.016657,0.004131,0.052863,0.094815,-0.010580,0.106724,-0.056360,0.000099,-0.004172,-0.025545,-0.066457,0.005295,-0.064734,0.046730,-0.029961,66.250997,2.614237,-18.406671,1.730212,-1.059914,-0.000105,-0.148052,-0.841776,-0.519128,-0.048483,-0.518104,0.853943,-0.987790,0.151597,0.035894
12.590000,0.597569,-0.416325,-0.634429,-0.016212,0.027311,-0.035416,-2.825781,1.414938,1.337723,0.026059,-0.050892,-0.008271,-0.595630,2.375121,-0.215658,-1.637859,0.438445,0.658255,0.341852,-0.016656,0.004089,0.052609,0.094151,-0.010528,0.106076,-0.055894,0.000053,-0.004172,-0.025472,-0.066396,0.005214,-0.064797,0.046619,-0.030049,66.234247,2.623118,-18.394024,1.729098,-1.059237,-0.000105,-0.147551,-0.841896,-0.519075,-0.048212,-0.518074,0.853976,-0.987879,0.151031,0.035853
12.600000,0.597408,-0.416053,-0.634782,-0.016090,0.027104,-0.035148,-2.826432,1.415500,1.337148,0.025798,-0.050533,-0.008203,-0.595797,2.375161,-0.215134,-1.636924,0.438341,0.659309,0.341298,-0.016656,0.004047,0.052355,0.093488,-0.010476,0.105428,-0.055429,0.000008,-0.004172,-0.025400,-0.066333,0.005134,-0.064856,0.046507,-0.030132,66.217604,2.631963,-18.381453,1.727993,-1.058555,-0.000105,-0.147054,-0.842015,-0.519023,-0.047944,-0.518043,0.854010,-0.987966,0.150470,0.035811
12.610000,0.597247,-0.415783,-0.635132,-0.015967,0.026898,-0.034880,-2.827077,1.416059,1.336577,0.025540,-0.050175,-0.008136,-0.595963,2.375201,-0.214613,-1.635996,0.438236,0.660357,0.340748,-0.016656,0.004005,0.052101,0.092825,-0.010426,0.104778,-0.054965,-0.000036,-0.004172,-0.025327,-0.066267,0.005054,-0.064911,0.046393,-0.030212,66.201069,2.640772,-18.368957,1.726896,-1.057868,-0.000105,-0.146561,-0.842133,-0.518971,-0.047678,-0.518013,0.854043,-0.988052,0.149913,0.035769
12.620000,0.597088,-0.415515,-0.635479,-0.015845,0.026692,-0.034614,-2.827718,1.416613,1.336010,0.025283,-0.049817,-0.008069,-0.596130,2.375241,-0.214095,-1.635074,0.438133,0.661398,0.340203,-0.016657,0.003964,0.051849,0.092163,-0.010376,0.104129,-0.054502,-0.000079,-0.004170,-0.025255,-0.066198,0.004975,-0.064962,0.046278,-0.030288,66.184643,2.649546,-18.356536,1.725808,-1.057175,-0.000105,-0.146071,-0.842250,-0.518920,-0.047415,-0.517983,0.854076,-0.988137,0.149360,0.035727
12.630000,0.596930,-0.415249,-0.635824,-0.015723,0.026487,-0.034348,-2.828354,1.417162,1.335448,0.025028,-0.049460,-0.008002,-0.596297,2.375280,-0.213579,-1.634159,0.438029,0.662433,0.339662,-0.016658,0.003922,0.051597,0.091502,-0.010327,0.103479,-0.054041,-0.000121,-0.004168,-0.025184,-0.066126,0.004897,-0.065010,0.046161,-0.030360,66.168324,2.658285,-18.344192,1.724728,-1.056478,-0.000105,-0.145584,-0.842366,-0.518869,-0.047155,-0.517953,0.854109,-0.988221,0.148812,0.035684
12.640000,0.596774,-0.414985,-0.636166,-0.015602,0.026282,-0.034082,-2.828985,1.417708,1.334890,0.024776,-0.049103,-0.007936,-0.596463,2.375319,-0.213065,-1.633250,0.437926,0.663461,0.339127,-0.016660,0.003880,0.051346,0.090841,-0.010279,0.102828,-0.053580,-0.000161,-0.004165,-0.025112,-0.066052,0.004819,-0.065054,0.046044,-0.030429,66.152113,2.666988,-18.331922,1.723657,-1.055776,-0.000105,-0.145101,-0.842480,-0.518819,-0.046897,-0.517923,0.854141,-0.988305,0.148268,0.035641
12.650000,0.596618,-0.414724,-0.636506,-0.015481,0.026078,-0.033818,-2.829611,1.418249,1.334337,0.024525,-0.048746,-0.007869,-0.596630,2.375357,-0.212554,-1.632349,0.437824,0.664483,0.338595,-0.016662,0.003839,0.051095,0.090181,-0.010231,0.102177,-0.053121,-0.000201,-0.004162,-0.025041,-0.065974,0.004742,-0.065094,0.045924,-0.030494,66.136011,2.675657,-18.319729,1.722594,-1.055070,-0.000105,-0.144621,-0.842594,-0.518769,-0.046642,-0.517892,0.854173,-0.988387,0.147728,0.035598
12.660000,0.596464,-0.414464,-0.636843,-0.015360,0.025875,-0.033554,-2.830232,1.418786,1.333787,0.024276,-0.048390,-0.007804,-0.596796,2.375395,-0.212046,-1.631453,0.437722,0.665498,0.338069,-0.016664,0.003797,0.050846,0.089522,-0.010185,0.101526,-0.052663,-0.000239,-0.004158,-0.024970,-0.065894,0.004666,-0.065130,0.045804,-0.030555,66.120016,2.684290,-18.307612,1.721541,-1.054360,-0.000105,-0.144144,-0.842706,-0.518719,-0.046390,-0.517862,0.854205,-0.988469,0.147192,0.035554
12.670000,0.596311,-0.414206,-0.637177,-0.015240,0.025672,-0.033291,-2.830849,1.419319,1.333242,0.024029,-0.048034,-0.007738,-0.596963,2.375433,-0.211540,-1.630565,0.437621,0.666507,0.337547,-0.016667,0.003756,0.050597,0.088864,-0.010139,0.100874,-0.052206,-0.000276,-0.004153,-0.024899,-0.065811,0.004590,-0.065162,0.045682,-0.030612,66.104129,2.692888,-18.295570,1.720496,-1.053646,-0.000105,-0.143671,-0.842817,-0.518670,-0.046140,-0.517832,0.854237,-0.988549,0.146661,0.035510
12.680000,0.596159,-0.413950,-0.637508,-0.015120,0.025470,-0.033028,-2.831460,1.419848,1.332702,0.023783,-0.047678,-0.007673,-0.597130,2.375470,-0.211036,-1.629683,0.437520,0.667509,0.337029,-0.016670,0.003714,0.050348,0.088207,-0.010094,0.100222,-0.051750,-0.000312,-0.004148,-0.024828,-0.065725,0.004515,-0.065190,0.045559,-0.030667,66.088351,2.701452,-18.283604,1.719460,-1.052929,-0.000106,-0.143202,-0.842927,-0.518621,-0.045892,-0.517802,0.854268,-0.988629,0.146134,0.035466
12.690000,0.596009,-0.413697,-0.637837,-0.015000,0.025268,-0.032767,-2.832067,1.420372,1.332165,0.023540,-0.047324,-0.007608,-0.597297,2.375507,-0.210535,-1.628807,0.437420,0.668505,0.336516,-0.016674,0.003673,0.050101,0.087551,-0.010049,0.099570,-0.051296,-0.000347,-0.004142,-0.024757,-0.065636,0.004441,-0.065215,0.045435,-0.030717,66.072680,2.709981,-18.271715,1.718434,-1.052208,-0.000106,-0.142736,-0.843036,-0.518572,-0.045648,-0.517773,0.854300,-0.988708,0.145611,0.035422
12.700000,0.595859,-0.413445,-0.638164,-0.014880,0.025067,-0.032506,-2.832669,1.420893,1.331633,0.023298,-0.046969,-0.007543,-0.597463,2.375543,-0.210037,-1.627938,0.437319,0.669494,0.336008,-0.016678,0.003631,0.049854,0.086895,-0.010006,0.098918,-0.050843,-0.000381,-0.004136,-0.024687,-0.065544,0.004367,-0.065236,0.045309,-0.030764,66.057117,2.718476,-18.259901,1.717416,-1.051485,-0.000106,-0.142273,-0.843143,-0.518524,-0.045405,-0.517743,0.854331,-0.988785,0.145092,0.035378
12.710000,0.595711,-0.413195,-0.638488,-0.014761,0.024866,-0.032246,-2.833266,1.421409,1.331105,0.023058,-0.046615,-0.007479,-0.597630,2.375579,-0.209541,-1.627076,0.437220,0.670477,0.335504,-0.016682,0.003590,0.049608,0.086241,-0.009963,0.098265,-0.050391,-0.000414,-0.004129,-0.024617,-0.065450,0.004294,-0.065253,0.045183,-0.030807,66.041662,2.726936,-18.248163,1.716408,-1.050758,-0.000106,-0.141814,-0.843250,-0.518477,-0.045165,-0.517713,0.854361,-0.988862,0.144577,0.035333
12.720000,0.595564,-0.412948,-0.638809,-0.014643,0.024666,-0.031987,-2.833858,1.421921,1.330582,0.022820,-0.046262,-0.007415,-0.597797,2.375614,-0.209047,-1.626220,0.437121,0.671453,0.335005,-0.016686,0.003549,0.049362,0.085587,-0.009921,0.097613,-0.049941,-0.000446,-0.004121,-0.024547,-0.065353,0.004222,-0.065267,0.045055,-0.030847,66.026315,2.735362,-18.236502,1.715409,-1.050029,-0.000106,-0.141358,-0.843356,-0.518430,-0.044928,-0.517683,0.854392,-0.988939,0.144067,0.035288
12.730000,0.595418,-0.412702,-0.639127,-0.014524,0.024467,-0.031728,-2.834446,1.422429,1.330062,0.022584,-0.045909,-0.007351,-0.597964,2.375649,-0.208556,-1.625371,0.437022,0.672422,0.334510,-0.016691,0.003508,0.049118,0.084935,-0.009879,0.096960,-0.049491,-0.000476,-0.004113,-0.024477,-0.065253,0.004150,-0.065276,0.044925,-0.030883,66.011075,2.743753,-18.224916,1.714419,-1.049297,-0.000106,-0.140905,-0.843460,-0.518383,-0.044693,-0.517654,0.854422,-0.989014,0.143561,0.035243
12.740000,0.595274,-0.412458,-0.639443,-0.014406,0.024268,-0.031470,-2.835029,1.422933,1.329547,0.022350,-0.045557,-0.007287,-0.598131,2.375684,-0.208067,-1.624528,0.436923,0.673385,0.334019,-0.016696,0.003467,0.048873,0.084283,-0.009838,0.096307,-0.049043,-0.000506,-0.004104,-0.024407,-0.065151,0.004079,-0.065282,0.044795,-0.030916,65.995943,2.752111,-18.213407,1.713438,-1.048564,-0.000106,-0.140456,-0.843564,-0.518336,-0.044460,-0.517624,0.854452,-0.989088,0.143059,0.035198
12.750000,0.595130,-0.412217,-0.639757,-0.014289,0.024070,-0.031213,-2.835607,1.423433,1.329036,0.022117,-0.045205,-0.007224,-0.598298,2.375718,-0.207581,-1.623691,0.436825,0.674342,0.333533,-0.016701,0.003426,0.048630,0.083633,-0.009798,0.095654,-0.048597,-0.000534,-0.004095,-0.024338,-0.065046,0.004009,-0.065285,0.044663,-0.030945,65.980919,2.760435,-18.201974,1.712467,-1.047828,-0.000106,-0.140011,-0.843666,-0.518290,-0.044230,-0.517595,0.854482,-0.989162,0.142561,0.035153
12.760000,0.594988,-0.411977,-0.640068,-0.014171,0.023873,-0.030957,-2.836180,1.423928,1.328529,0.021886,-0.044854,-0.007161,-0.598465,2.375752,-0.207097,-1.622862,0.436728,0.675292,0.333052,-0.016707,0.003385,0.048387,0.082983,-0.009759,0.095002,-0.048151,-0.000562,-0.004085,-0.024268,-0.064938,0.003940,-0.065283,0.044530,-0.030971,65.966002,2.768724,-18.190617,1.711505,-1.047091,-0.000106,-0.139568,-0.843767,-0.518245,-0.044003,-0.517565,0.854512,-0.989234,0.142067,0.035108
12.770000,0.594847,-0.411739,-0.640376,-0.014054,0.023676,-0.030702,-2.836748,1.424420,1.328027,0.021657,-0.044504,-0.007098,-0.598632,2.375786,-0.206615,-1.622038,0.436631,0.676235,0.332575,-0.016713,0.003344,0.048145,0.082335,-0.009720,0.094349,-0.047707,-0.000588,-0.004074,-0.024199,-0.064827,0.003871,-0.065278,0.044396,-0.030994,65.951192,2.776980,-18.179336,1.710553,-1.046352,-0.000106,-0.139130,-0.843868,-0.518199,-0.043777,-0.517536,0.854541,-0.989306,0.141577,0.035062
12.780000,0.594707,-0.411504,-0.640682,-0.013938,0.023479,-0.030447,-2.837312,1.424907,1.327528,0.021430,-0.044154,-0.007036,-0.598799,2.375819,-0.206136,-1.621221,0.436534,0.677172,0.332102,-0.016719,0.003304,0.047904,0.081688,-0.009682,0.093696,-0.047265,-0.000614,-0.004064,-0.024130,-0.064714,0.003803,-0.065269,0.044261,-0.031013,65.936490,2.785203,-18.168132,1.709610,-1.045611,-0.000106,-0.138694,-0.843967,-0.518154,-0.043554,-0.517507,0.854570,-0.989377,0.141092,0.035017
12.790000,0.594568,-0.411270,-0.640985,-0.013822,0.023283,-0.030193,-2.837871,1.425391,1.327034,0.021204,-0.043805,-0.006974,-0.598967,2.375851,-0.205660,-1.620411,0.436437,0.678103,0.331634,-0.016725,0.003263,0.047663,0.081042,-0.009645,0.093043,-0.046824,-0.000638,-0.004052,-0.024061,-0.064598,0.003736,-0.065256,0.044125,-0.031028,65.921895,2.793392,-18.157004,1.708677,-1.044870,-0.000106,-0.138262,-0.844065,-0.518110,-0.043334,-0.517478,0.854599,-0.989447,0.140610,0.034971
12.800000,0.594430,-0.411038,-0.641285,-0.013706,0.023088,-0.029940,-2.838426,1.425870,1.326544,0.020980,-0.043456,-0.006912,-0.599134,2.375884,-0.205186,-1.619607,0.436341,0.679027,0.331170,-0.016732,0.003223,0.047424,0.080397,-0.009608,0.092391,-0.046384,-0.000661,-0.004040,-0.023992,-0.064480,0.003669,-0.065240,0.043987,-0.031041,65.907407,2.801547,-18.145952,1.707753,-1.044128,-0.000107,-0.137833,-0.844162,-0.518066,-0.043116,-0.517449,0.854627,-0.989517,0.140133,0.034925
12.810000,0.594294,-0.410808,-0.641584,-0.013590,0.022894,-0.029688,-2.838976,1.426346,1.326057,0.020758,-0.043108,-0.006850,-0.599301,2.375915,-0.204714,-1.618810,0.436246,0.679944,0.330711,-0.016739,0.003182,0.047184,0.079754,-0.009572,0.091739,-0.045945,-0.000684,-0.004028,-0.023924,-0.064359,0.003604,-0.065220,0.043849,-0.031050,65.893025,2.809669,-18.134976,1.706839,-1.043385,-0.000107,-0.137408,-0.844258,-0.518022,-0.042900,-0.517420,0.854656,-0.989585,0.139659,0.034879
12.820000,0.594158,-0.410580,-0.641879,-0.013475,0.022700,-0.029437,-2.839521,1.426817,1.325575,0.020538,-0.042761,-0.006789,-0.599469,2.375947,-0.204244,-1.618018,0.436150,0.680855,0.330255,-0.016746,0.003142,0.046946,0.079111,-0.009537,0.091087,-0.045508,-0.000705,-0.004015,-0.023855,-0.064235,0.003539,-0.065196,0.043709,-0.031055,65.878751,2.817758,-18.124076,1.705935,-1.042641,-0.000107,-0.136986,-0.844353,-0.517979,-0.042686,-0.517391,0.854684,-0.989653,0.139190,0.034833
12.830000,0.594024,-0.410354,-0.642172,-0.013361,0.022507,-0.029186,-2.840062,1.427284,1.325098,0.020319,-0.042415,-0.006728,-0.599636,2.375978,-0.203777,-1.617234,0.436055,0.681759,0.329805,-0.016753,0.003102,0.046708,0.078470,-0.009502,0.090435,-0.045072,-0.000725,-0.004002,-0.023787,-0.064109,0.003474,-0.065169,0.043568,-0.031058,65.864584,2.825814,-18.113252,1.705041,-1.041897,-0.000107,-0.136567,-0.844448,-0.517936,-0.042474,-0.517362,0.854712,-0.989720,0.138725,0.034787
12.840000,0.593891,-0.410130,-0.642463,-0.013246,0.022314,-0.028936,-2.840597,1.427748,1.324624,0.020102,-0.042069,-0.006667,-0.599804,2.376008,-0.203312,-1.616455,0.435961,0.682657,0.329358,-0.016761,0.003062,0.046471,0.077830,-0.009468,0.089784,-0.044638,-0.000744,-0.003989,-0.023719,-0.063980,0.003411,-0.065138,0.043426,-0.031057,65.850522,2.833837,-18.102505,1.704156,-1.041153,-0.000107,-0.136152,-0.844541,-0.517893,-0.042265,-0.517334,0.854739,-0.989786,0.138263,0.034741
12.850000,0.593759,-0.409908,-0.642751,-0.013132,0.022122,-0.028687,-2.841129,1.428207,1.324154,0.019886,-0.041724,-0.006607,-0.599972,2.376039,-0.202850,-1.615683,0.435866,0.683548,0.328916,-0.016768,0.003023,0.046234,0.077192,-0.009434,0.089133,-0.044205,-0.000762,-0.003975,-0.023650,-0.063849,0.003348,-0.065103,0.043283,-0.031052,65.836568,2.841827,-18.091834,1.703281,-1.040409,-0.000107,-0.135740,-0.844633,-0.517851,-0.042058,-0.517305,0.854767,-0.989851,0.137806,0.034695
12.860000,0.593629,-0.409687,-0.643037,-0.013019,0.021931,-0.028439,-2.841656,1.428662,1.323688,0.019673,-0.041379,-0.006547,-0.600139,2.376069,-0.202390,-1.614918,0.435772,0.684433,0.328479,-0.016776,0.002983,0.045998,0.076555,-0.009401,0.088482,-0.043774,-0.000780,-0.003960,-0.023582,-0.063715,0.003287,-0.065065,0.043139,-0.031045,65.822719,2.849784,-18.081238,1.702416,-1.039665,-0.000107,-0.135332,-0.844724,-0.517809,-0.041854,-0.517277,0.854794,-0.989916,0.137353,0.034649
12.870000,0.593499,-0.409469,-0.643320,-0.012905,0.021740,-0.028192,-2.842178,1.429114,1.323227,0.019460,-0.041036,-0.006487,-0.600307,2.376098,-0.201932,-1.614159,0.435679,0.685312,0.328045,-0.016784,0.002944,0.045763,0.075919,-0.009369,0.087832,-0.043344,-0.000796,-0.003945,-0.023514,-0.063579,0.003225,-0.065023,0.042994,-0.031034,65.808977,2.857708,-18.070719,1.701561,-1.038922,-0.000107,-0.134926,-0.844814,-0.517768,-0.041651,-0.517249,0.854821,-0.989980,0.136904,0.034603
12.880000,0.593371,-0.409253,-0.643601,-0.012793,0.021550,-0.027945,-2.842695,1.429561,1.322769,0.019250,-0.040693,-0.006427,-0.600475,2.376127,-0.201477,-1.613406,0.435585,0.686183,0.327616,-0.016792,0.002904,0.045529,0.075285,-0.009337,0.087182,-0.042916,-0.000811,-0.003930,-0.023447,-0.063440,0.003165,-0.064978,0.042848,-0.031020,65.795341,2.865600,-18.060276,1.700716,-1.038179,-0.000107,-0.134525,-0.844904,-0.517727,-0.041451,-0.517221,0.854848,-0.990043,0.136458,0.034557
12.890000,0.593243,-0.409038,-0.643879,-0.012680,0.021360,-0.027699,-2.843209,1.430005,1.322315,0.019041,-0.040351,-0.006368,-0.600643,2.376156,-0.201024,-1.612659,0.435492,0.687049,0.327191,-0.016800,0.002865,0.045295,0.074652,-0.009306,0.086533,-0.042489,-0.000825,-0.003914,-0.023379,-0.063299,0.003106,-0.064929,0.042700,-0.031003,65.781810,2.873459,-18.049909,1.699881,-1.037437,-0.000107,-0.134126,-0.844992,-0.517686,-0.041253,-0.517193,0.854874,-0.990105,0.136017,0.034511
12.900000,0.593117,-0.408825,-0.644155,-0.012568,0.021172,-0.027455,-2.843717,1.430445,1.321866,0.018834,-0.040009,-0.006309,-0.600811,2.376184,-0.200574,-1.611919,0.435399,0.687908,0.326770,-0.016809,0.002826,0.045062,0.074020,-0.009276,0.085884,-0.042063,-0.000839,-0.003898,-0.023311,-0.063155,0.003047,-0.064876,0.042552,-0.030983,65.768386,2.881286,-18.039618,1.699056,-1.036696,-0.000107,-0.133731,-0.845079,-0.517646,-0.041057,-0.517165,0.854901,-0.990167,0.135579,0.034465
12.910000,0.592992,-0.408615,-0.644428,-0.012456,0.020984,-0.027211,-2.844221,1.430881,1.321420,0.018628,-0.039669,-0.006250,-0.600979,2.376212,-0.200125,-1.611185,0.435307,0.688760,0.326354,-0.016817,0.002787,0.044829,0.073390,-0.009246,0.085236,-0.041639,-0.000851,-0.003882,-0.023244,-0.063009,0.002989,-0.064820,0.042403,-0.030959,65.755066,2.889080,-18.029403,1.698241,-1.035956,-0.000107,-0.133339,-0.845166,-0.517606,-0.040863,-0.517137,0.854927,-0.990228,0.135146,0.034419
12.920000,0.592868,-0.408406,-0.644699,-0.012345,0.020796,-0.026968,-2.844721,1.431312,1.320978,0.018424,-0.039329,-0.006192,-0.601148,2.376239,-0.199679,-1.610458,0.435215,0.689606,0.325942,-0.016826,0.002749,0.044598,0.072761,-0.009217,0.084588,-0.041217,-0.000862,-0.003865,-0.023176,-0.062861,0.002932,-0.064761,0.042252,-0.030933,65.741852,2.896843,-18.019263,1.697436,-1.035217,-0.000108,-0.132950,-0.845251,-0.517566,-0.040671,-0.517109,0.854952,-0.990288,0.134716,0.034373
12.930000,0.592745,-0.408199,-0.644967,-0.012234,0.020609,-0.026725,-2.845216,1.431741,1.320541,0.018222,-0.038990,-0.006134,-0.601316,2.376266,-0.199236,-1.609736,0.435123,0.690445,0.325534,-0.016835,0.002710,0.044367,0.072134,-0.009188,0.083941,-0.040796,-0.000873,-0.003848,-0.023109,-0.062710,0.002876,-0.064698,0.042101,-0.030903,65.728743,2.904573,-18.009200,1.696641,-1.034479,-0.000108,-0.132565,-0.845336,-0.517527,-0.040481,-0.517082,0.854978,-0.990347,0.134290,0.034327
12.940000,0.592623,-0.407994,-0.645233,-0.012124,0.020423,-0.026484,-2.845707,1.432165,1.320107,0.018021,-0.038652,-0.006076,-0.601484,2.376293,-0.198794,-1.609021,0.435031,0.691278,0.325130,-0.016843,0.002672,0.044136,0.071509,-0.009160,0.083295,-0.040376,-0.000882,-0.003831,-0.023041,-0.062556,0.002820,-0.064631,0.041948,-0.030870,65.715739,2.912271,-17.999212,1.695857,-1.033744,-0.000108,-0.132183,-0.845419,-0.517488,-0.040294,-0.517055,0.855003,-0.990406,0.133868,0.034281
12.950000,0.592502,-0.407790,-0.645497,-0.012014,0.020238,-0.026243,-2.846193,1.432585,1.319677,0.017821,-0.038315,-0.006018,-0.601653,2.376319,-0.198355,-1.608312,0.434940,0.692105,0.324731,-0.016852,0.002634,0.043906,0.070885,-0.009132,0.082649,-0.039958,-0.000891,-0.003813,-0.022974,-0.062400,0.002766,-0.064561,0.041795,-0.030834,65.702839,2.919937,-17.989300,1.695082,-1.033009,-0.000108,-0.131804,-0.845502,-0.517450,-0.040108,-0.517028,0.855029,-0.990464,0.133450,0.034235
12.960000,0.592383,-0.407589,-0.645758,-0.011904,0.020053,-0.026004,-2.846675,1.433002,1.319251,0.017624,-0.037979,-0.005961,-0.601822,2.376345,-0.197919,-1.607610,0.434849,0.692925,0.324335,-0.016861,0.002596,0.043677,0.070262,-0.009105,0.082005,-0.039542,-0.000898,-0.003795,-0.022907,-0.062242,0.002712,-0.064487,0.041640,-0.030795,65.690044,2.927572,-17.979463,1.694318,-1.032277,-0.000108,-0.131429,-0.845584,-0.517412,-0.039925,-0.517001,0.855053,-0.990521,0.133036,0.034189
12.970000,0.592264,-0.407389,-0.646017,-0.011795,0.019869,-0.025765,-2.847152,1.433414,1.318829,0.017427,-0.037643,-0.005903,-0.601990,2.376371,-0.197484,-1.606913,0.434758,0.693738,0.323944,-0.016870,0.002558,0.043449,0.069641,-0.009078,0.081360,-0.039127,-0.000905,-0.003777,-0.022839,-0.062082,0.002659,-0.064410,0.041485,-0.030754,65.677353,2.935174,-17.969702,1.693564,-1.031547,-0.000108,-0.131057,-0.845665,-0.517374,-0.039744,-0.516974,0.855078,-0.990578,0.132626,0.034143
12.980000,0.592147,-0.407191,-0.646273,-0.011686,0.019685,-0.025527,-2.847625,1.433823,1.318411,0.017233,-0.037309,-0.005847,-0.602159,2.376396,-0.197052,-1.606223,0.434668,0.694545,0.323557,-0.016879,0.002520,0.043221,0.069022,-0.009052,0.080717,-0.038714,-0.000911,-0.003758,-0.022772,-0.061919,0.002607,-0.064329,0.041329,-0.030709,65.664766,2.942745,-17.960016,1.692820,-1.030819,-0.000108,-0.130688,-0.845745,-0.517336,-0.039564,-0.516947,0.855103,-0.990634,0.132219,0.034097
12.990000,0.592031,-0.406995,-0.646528,-0.011577,0.019502,-0.025290,-2.848093,1.434228,1.317997,0.017039,-0.036975,-0.005790,-0.602328,2.376421,-0.196622,-1.605539,0.434577,0.695346,0.323174,-0.016889,0.002483,0.042994,0.068405,-0.009027,0.080075,-0.038302,-0.000916,-0.003739,-0.022705,-0.061754,0.002555,-0.064245,0.041171,-0.030661,65.652283,2.950285,-17.950406,1.692086,-1.030093,-0.000108,-0.130322,-0.845824,-0.517299,-0.039387,-0.516920,0.855127,-0.990689,0.131817,0.034052
13.000000,0.591915,-0.406801,-0.646779,-0.011469,0.019320,-0.025054,-2.848558,1.434630,1.317586,0.016848,-0.036642,-0.005734,-0.602497,2.376445,-0.196194,-1.604861,0.434487,0.696141,0.322795,-0.016898,0.002446,0.042768,0.067789,-0.009002,0.079433,-0.037892,-0.000920,-0.003720,-0.022638,-0.061586,0.002505,-0.064157,0.041013,-0.030610,65.639904,2.957793,-17.940871,1.691363,-1.029370,-0.000108,-0.129960,-0.845902,-0.517262,-0.039212,-0.516894,0.855151,-0.990744,0.131418,0.034006
13.010000,0.591801,-0.406609,-0.647029,-0.011361,0.019139,-0.024819,-2.849018,1.435027,1.317180,0.016658,-0.036311,-0.005678,-0.602666,2.376470,-0.195769,-1.604189,0.434397,0.696929,0.322420,-0.016907,0.002409,0.042542,0.067175,-0.008977,0.078792,-0.037483,-0.000923,-0.003701,-0.022571,-0.061417,0.002455,-0.064066,0.040854,-0.030556,65.627628,2.965270,-17.931411,1.690650,-1.028650,-0.000108,-0.129600,-0.845979,-0.517226,-0.039038,-0.516868,0.855175,-0.990798,0.131023,0.033961
13.020000,0.591688,-0.406419,-0.647276,-0.011254,0.018958,-0.024584,-2.849473,1.435421,1.316777,0.016469,-0.035980,-0.005622,-0.602835,2.376493,-0.195346,-1.603524,0.434308,0.697710,0.322049,-0.016916,0.002372,0.042317,0.066562,-0.008953,0.078153,-0.037076,-0.000925,-0.003681,-0.022504,-0.061245,0.002406,-0.063972,0.040693,-0.030499,65.615455,2.972715,-17.922026,1.689947,-1.027932,-0.000108,-0.129245,-0.846056,-0.517190,-0.038867,-0.516841,0.855198,-0.990851,0.130631,0.033915
13.030000,0.591576,-0.406230,-0.647520,-0.011147,0.018778,-0.024351,-2.849924,1.435811,1.316378,0.016282,-0.035650,-0.005567,-0.603004,2.376517,-0.194925,-1.602864,0.434219,0.698485,0.321682,-0.016926,0.002335,0.042093,0.065951,-0.008930,0.077514,-0.036671,-0.000926,-0.003661,-0.022437,-0.061070,0.002358,-0.063874,0.040532,-0.030440,65.603385,2.980130,-17.912716,1.689255,-1.027217,-0.000109,-0.128892,-0.846131,-0.517154,-0.038697,-0.516815,0.855222,-0.990903,0.130244,0.033870
13.040000,0.591465,-0.406043,-0.647763,-0.011041,0.018599,-0.024118,-2.850371,1.436198,1.315983,0.016096,-0.035321,-0.005511,-0.603174,2.376540,-0.194506,-1.602211,0.434130,0.699254,0.321320,-0.016935,0.002299,0.041869,0.065343,-0.008906,0.076876,-0.036267,-0.000927,-0.003641,-0.022370,-0.060894,0.002310,-0.063773,0.040370,-0.030377,65.591418,2.987513,-17.903481,1.688573,-1.026505,-0.000109,-0.128542,-0.846206,-0.517119,-0.038530,-0.516790,0.855245,-0.990955,0.129860,0.033825
13.050000,0.591355,-0.405858,-0.648003,-0.010935,0.018420,-0.023886,-2.850814,1.436580,1.315591,0.015912,-0.034993,-0.005456,-0.603343,2.376562,-0.194090,-1.601564,0.434041,0.700016,0.320961,-0.016944,0.002263,0.041646,0.064735,-0.008884,0.076240,-0.035865,-0.000926,-0.003621,-0.022303,-0.060715,0.002264,-0.063669,0.040207,-0.030312,65.579553,2.994865,-17.894321,1.687901,-1.025797,-0.000109,-0.128196,-0.846280,-0.517084,-0.038364,-0.516764,0.855268,-0.991007,0.129479,0.033780
13.060000,0.591247,-0.405675,-0.648240,-0.010829,0.018242,-0.023656,-2.851252,1.436959,1.315204,0.015729,-0.034666,-0.005402,-0.603513,2.376584,-0.193675,-1.600922,0.433952,0.700772,0.320607,-0.016953,0.002227,0.041424,0.064130,-0.008862,0.075604,-0.035465,-0.000925,-0.003600,-0.022236,-0.060534,0.002218,-0.063561,0.040043,-0.030244,65.567790,3.002186,-17.885235,1.687240,-1.025091,-0.000109,-0.127853,-0.846353,-0.517049,-0.038200,-0.516739,0.855291,-0.991057,0.129103,0.033736
13.070000,0.591139,-0.405493,-0.648476,-0.010724,0.018065,-0.023426,-2.851686,1.437335,1.314820,0.015548,-0.034340,-0.005347,-0.603682,2.376606,-0.193263,-1.600287,0.433864,0.701522,0.320256,-0.016963,0.002191,0.041202,0.063527,-0.008840,0.074969,-0.035066,-0.000923,-0.003579,-0.022169,-0.060351,0.002173,-0.063449,0.039879,-0.030173,65.556129,3.009477,-17.876225,1.686589,-1.024389,-0.000109,-0.127513,-0.846425,-0.517015,-0.038038,-0.516713,0.855313,-0.991107,0.128730,0.033691
13.080000,0.591032,-0.405313,-0.648709,-0.010619,0.017888,-0.023197,-2.852116,1.437706,1.314440,0.015368,-0.034015,-0.005293,-0.603852,2.376628,-0.192853,-1.599658,0.433776,0.702265,0.319909,-0.016972,0.002155,0.040981,0.062925,-0.008819,0.074336,-0.034669,-0.000920,-0.003558,-0.022102,-0.060165,0.002129,-0.063335,0.039713,-0.030099,65.544570,3.016736,-17.867288,1.685948,-1.023691,-0.000109,-0.127176,-0.846497,-0.516981,-0.037879,-0.516688,0.855335,-0.991157,0.128361,0.033646
13.090000,0.590926,-0.405135,-0.648940,-0.010515,0.017712,-0.022969,-2.852542,1.438074,1.314064,0.015189,-0.033691,-0.005239,-0.604022,2.376649,-0.192446,-1.599034,0.433688,0.703002,0.319566,-0.016981,0.002120,0.040761,0.062325,-0.008798,0.073704,-0.034273,-0.000916,-0.003537,-0.022035,-0.059978,0.002086,-0.063217,0.039547,-0.030022,65.533112,3.023966,-17.858426,1.685318,-1.022996,-0.000109,-0.126843,-0.846567,-0.516947,-0.037720,-0.516663,0.855358,-0.991205,0.127995,0.033602
13.100000,0.590822,-0.404959,-0.649168,-0.010411,0.017537,-0.022742,-2.852964,1.438439,1.313691,0.015012,-0.033368,-0.005186,-0.604192,2.376670,-0.192040,-1.598417,0.433600,0.703733,0.319228,-0.016990,0.002085,0.040541,0.061727,-0.008777,0.073073,-0.033880,-0.000912,-0.003516,-0.021968,-0.059788,0.002044,-0.063096,0.039379,-0.029943,65.521755,3.031164,-17.849638,1.684698,-1.022305,-0.000109,-0.126512,-0.846637,-0.516914,-0.037564,-0.516638,0.855379,-0.991254,0.127633,0.033558
13.110000,0.590718,-0.404785,-0.649395,-0.010307,0.017363,-0.022516,-2.853381,1.438800,1.313322,0.014837,-0.033046,-0.005132,-0.604362,2.376691,-0.191637,-1.597806,0.433512,0.704458,0.318893,-0.016999,0.002050,0.040322,0.061131,-0.008757,0.072443,-0.033487,-0.000906,-0.003494,-0.021901,-0.059596,0.002002,-0.062971,0.039211,-0.029861,65.510499,3.038332,-17.840924,1.684089,-1.021618,-0.000109,-0.126185,-0.846706,-0.516881,-0.037410,-0.516614,0.855401,-0.991301,0.127275,0.033514
13.120000,0.590616,-0.404612,-0.649619,-0.010204,0.017189,-0.022290,-2.853794,1.439157,1.312957,0.014662,-0.032725,-0.005079,-0.604532,2.376711,-0.191236,-1.597201,0.433425,0.705176,0.318562,-0.017008,0.002015,0.040104,0.060537,-0.008738,0.071815,-0.033097,-0.000900,-0.003472,-0.021834,-0.059402,0.001961,-0.062844,0.039042,-0.029776,65.499343,3.045470,-17.832284,1.683490,-1.020934,-0.000109,-0.125861,-0.846774,-0.516848,-0.037257,-0.516589,0.855422,-0.991348,0.126921,0.033470
13.130000,0.590514,-0.404441,-0.649840,-0.010101,0.017016,-0.022066,-2.854203,1.439510,1.312595,0.014489,-0.032405,-0.005027,-0.604702,2.376730,-0.190837,-1.596601,0.433338,0.705888,0.318235,-0.017017,0.001981,0.039886,0.059945,-0.008718,0.071188,-0.032708,-0.000893,-0.003450,-0.021767,-0.059206,0.001921,-0.062713,0.038872,-0.029689,65.488288,3.052577,-17.823717,1.682901,-1.020255,-0.000109,-0.125540,-0.846842,-0.516816,-0.037106,-0.516565,0.855444,-0.991394,0.126570,0.033427
13.140000,0.590414,-0.404271,-0.650060,-0.009999,0.016844,-0.021843,-2.854608,1.439861,1.312237,0.014318,-0.032087,-0.004974,-0.604872,2.376750,-0.190441,-1.596008,0.433251,0.706593,0.317912,-0.017026,0.001946,0.039669,0.059355,-0.008700,0.070562,-0.032321,-0.000885,-0.003428,-0.021700,-0.059008,0.001882,-0.062579,0.038701,-0.029599,65.477332,3.059655,-17.815225,1.682323,-1.019581,-0.000110,-0.125222,-0.846908,-0.516784,-0.036957,-0.516541,0.855465,-0.991440,0.126222,0.033383
13.150000,0.590314,-0.404104,-0.650277,-0.009897,0.016673,-0.021620,-2.855009,1.440207,1.311883,0.014148,-0.031769,-0.004922,-0.605043,2.376769,-0.190046,-1.595420,0.433164,0.707293,0.317592,-0.017035,0.001912,0.039453,0.058767,-0.008681,0.069938,-0.031936,-0.000876,-0.003406,-0.021633,-0.058808,0.001844,-0.062441,0.038529,-0.029506,65.466476,3.066702,-17.806805,1.681756,-1.018910,-0.000110,-0.124908,-0.846974,-0.516752,-0.036810,-0.516517,0.855486,-0.991485,0.125878,0.033340
13.160000,0.590216,-0.403938,-0.650492,-0.009796,0.016502,-0.021399,-2.855405,1.440550,1.311532,0.013979,-0.031453,-0.004870,-0.605213,2.376788,-0.189654,-1.594838,0.433077,0.707986,0.317277,-0.017043,0.001879,0.039237,0.058181,-0.008663,0.069315,-0.031552,-0.000867,-0.003383,-0.021566,-0.058606,0.001807,-0.062301,0.038357,-0.029411,65.455719,3.073719,-17.798460,1.681198,-1.018244,-0.000110,-0.124596,-0.847039,-0.516721,-0.036664,-0.516493,0.855506,-0.991530,0.125538,0.033297
13.170000,0.590118,-0.403774,-0.650705,-0.009695,0.016332,-0.021179,-2.855798,1.440889,1.311185,0.013812,-0.031137,-0.004818,-0.605384,2.376806,-0.189264,-1.594262,0.432991,0.708673,0.316965,-0.017052,0.001845,0.039022,0.057597,-0.008645,0.068693,-0.031171,-0.000857,-0.003361,-0.021499,-0.058402,0.001770,-0.062157,0.038184,-0.029313,65.445062,3.080706,-17.790187,1.680651,-1.017583,-0.000110,-0.124287,-0.847103,-0.516690,-0.036520,-0.516469,0.855527,-0.991574,0.125201,0.033254
13.180000,0.590022,-0.403611,-0.650916,-0.009594,0.016163,-0.020959,-2.856187,1.441225,1.310842,0.013646,-0.030823,-0.004767,-0.605554,2.376824,-0.188875,-1.593692,0.432905,0.709353,0.316657,-0.017060,0.001812,0.038808,0.057015,-0.008628,0.068073,-0.030790,-0.000846,-0.003338,-0.021431,-0.058195,0.001734,-0.062010,0.038010,-0.029212,65.434503,3.087663,-17.781987,1.680115,-1.016926,-0.000110,-0.123982,-0.847167,-0.516659,-0.036378,-0.516446,0.855547,-0.991617,0.124868,0.033211
13.190000,0.589926,-0.403451,-0.651124,-0.009494,0.015994,-0.020740,-2.856571,1.441558,1.310502,0.013481,-0.030510,-0.004716,-0.605725,2.376842,-0.188489,-1.593128,0.432818,0.710028,0.316353,-0.017069,0.001778,0.038594,0.056435,-0.008611,0.067454,-0.030412,-0.000834,-0.003315,-0.021364,-0.057987,0.001699,-0.061860,0.037835,-0.029109,65.424042,3.094591,-17.773860,1.679589,-1.016273,-0.000110,-0.123680,-0.847230,-0.516629,-0.036238,-0.516423,0.855567,-0.991660,0.124538,0.033169
13.200000,0.589832,-0.403291,-0.651331,-0.009395,0.015826,-0.020523,-2.856952,1.441887,1.310165,0.013317,-0.030198,-0.004665,-0.605896,2.376860,-0.188106,-1.592569,0.432732,0.710696,0.316053,-0.017077,0.001745,0.038381,0.055857,-0.008594,0.066837,-0.030036,-0.000821,-0.003293,-0.021297,-0.057776,0.001665,-0.061706,0.037659,-0.029003,65.413679,3.101489,-17.765806,1.679073,-1.015626,-0.000110,-0.123380,-0.847292,-0.516599,-0.036099,-0.516399,0.855587,-0.991703,0.124211,0.033127
13.210000,0.589738,-0.403134,-0.651535,-0.009296,0.015659,-0.020306,-2.857328,1.442212,1.309832,0.013155,-0.029887,-0.004614,-0.606066,2.376877,-0.187724,-1.592016,0.432647,0.711359,0.315756,-0.017085,0.001713,0.038169,0.055282,-0.008578,0.066222,-0.029661,-0.000808,-0.003269,-0.021229,-0.057564,0.001631,-0.061550,0.037482,-0.028895,65.403414,3.108357,-17.757825,1.678568,-1.014984,-0.000110,-0.123084,-0.847353,-0.516569,-0.035962,-0.516377,0.855606,-0.991744,0.123888,0.033085
13.220000,0.589646,-0.402978,-0.651737,-0.009197,0.015493,-0.020091,-2.857701,1.442534,1.309503,0.012995,-0.029577,-0.004564,-0.606237,2.376894,-0.187344,-1.591469,0.432561,0.712015,0.315463,-0.017093,0.001680,0.037957,0.054708,-0.008562,0.065608,-0.029288,-0.000794,-0.003246,-0.021162,-0.057350,0.001598,-0.061391,0.037305,-0.028785,65.393247,3.115196,-17.749915,1.678073,-1.014346,-0.000110,-0.122791,-0.847413,-0.516540,-0.035827,-0.516354,0.855626,-0.991786,0.123569,0.033043
13.230000,0.589554,-0.402824,-0.651937,-0.009099,0.015327,-0.019876,-2.858069,1.442853,1.309177,0.012835,-0.029269,-0.004514,-0.606408,2.376910,-0.186967,-1.590928,0.432476,0.712665,0.315174,-0.017101,0.001648,0.037746,0.054137,-0.008546,0.064995,-0.028916,-0.000780,-0.003223,-0.021094,-0.057134,0.001567,-0.061228,0.037127,-0.028672,65.383176,3.122005,-17.742078,1.677588,-1.013714,-0.000110,-0.122501,-0.847473,-0.516510,-0.035693,-0.516331,0.855645,-0.991826,0.123253,0.033002
13.240000,0.589464,-0.402672,-0.652134,-0.009001,0.015162,-0.019662,-2.858434,1.443168,1.308855,0.012677,-0.028962,-0.004464,-0.606580,2.376926,-0.186592,-1.590392,0.432390,0.713308,0.314888,-0.017108,0.001616,0.037536,0.053568,-0.008531,0.064385,-0.028547,-0.000764,-0.003200,-0.021027,-0.056915,0.001535,-0.061063,0.036948,-0.028556,65.373203,3.128785,-17.734313,1.677114,-1.013087,-0.000110,-0.122213,-0.847532,-0.516482,-0.035561,-0.516309,0.855664,-0.991867,0.122940,0.032960
13.250000,0.589374,-0.402521,-0.652330,-0.008903,0.014998,-0.019449,-2.858794,1.443480,1.308536,0.012520,-0.028656,-0.004414,-0.606751,2.376942,-0.186218,-1.589862,0.432305,0.713946,0.314607,-0.017116,0.001584,0.037326,0.053001,-0.008516,0.063776,-0.028179,-0.000748,-0.003176,-0.020959,-0.056695,0.001505,-0.060894,0.036769,-0.028438,65.363325,3.135536,-17.726620,1.676651,-1.012465,-0.000111,-0.121929,-0.847590,-0.516453,-0.035431,-0.516287,0.855682,-0.991906,0.122631,0.032919
13.260000,0.589286,-0.402372,-0.652523,-0.008806,0.014835,-0.019238,-2.859151,1.443788,1.308221,0.012364,-0.028351,-0.004365,-0.606922,2.376958,-0.185847,-1.589338,0.432220,0.714578,0.314328,-0.017123,0.001553,0.037117,0.052436,-0.008501,0.063169,-0.027813,-0.000731,-0.003153,-0.020891,-0.056473,0.001476,-0.060722,0.036588,-0.028318,65.353544,3.142257,-17.718998,1.676197,-1.011848,-0.000111,-0.121648,-0.847648,-0.516425,-0.035302,-0.516265,0.855701,-0.991945,0.122325,0.032879
13.270000,0.589198,-0.402224,-0.652715,-0.008710,0.014673,-0.019027,-2.859504,1.444093,1.307909,0.012210,-0.028047,-0.004316,-0.607093,2.376973,-0.185478,-1.588819,0.432135,0.715204,0.314054,-0.017130,0.001521,0.036909,0.051874,-0.008487,0.062563,-0.027449,-0.000714,-0.003129,-0.020824,-0.056249,0.001447,-0.060547,0.036407,-0.028195,65.343858,3.148949,-17.711448,1.675754,-1.011237,-0.000111,-0.121370,-0.847705,-0.516397,-0.035175,-0.516243,0.855719,-0.991984,0.122023,0.032838
13.280000,0.589112,-0.402078,-0.652904,-0.008614,0.014511,-0.018817,-2.859853,1.444395,1.307600,0.012057,-0.027745,-0.004267,-0.607265,2.376988,-0.185111,-1.588306,0.432051,0.715823,0.313783,-0.017137,0.001490,0.036702,0.051313,-0.008473,0.061960,-0.027087,-0.000696,-0.003106,-0.020756,-0.056023,0.001419,-0.060370,0.036225,-0.028070,65.334268,3.155613,-17.703968,1.675321,-1.010631,-0.000111,-0.121095,-0.847761,-0.516369,-0.035049,-0.516222,0.855738,-0.992022,0.121724,0.032798
13.290000,0.589026,-0.401934,-0.653091,-0.008518,0.014350,-0.018608,-2.860198,1.444693,1.307295,0.011905,-0.027443,-0.004219,-0.607436,2.377002,-0.184746,-1.587798,0.431966,0.716437,0.313516,-0.017144,0.001460,0.036495,0.050755,-0.008459,0.061358,-0.026727,-0.000677,-0.003082,-0.020688,-0.055796,0.001392,-0.060189,0.036043,-0.027943,65.324772,3.162247,-17.696560,1.674899,-1.010031,-0.000111,-0.120822,-0.847816,-0.516342,-0.034925,-0.516200,0.855756,-0.992060,0.121428,0.032758
13.300000,0.588941,-0.401791,-0.653276,-0.008423,0.014190,-0.018401,-2.860539,1.444988,1.306993,0.011754,-0.027144,-0.004171,-0.607608,2.377017,-0.184383,-1.587296,0.431881,0.717044,0.313252,-0.017151,0.001429,0.036288,0.050200,-0.008445,0.060758,-0.026368,-0.000657,-0.003058,-0.020620,-0.055566,0.001365,-0.060005,0.035859,-0.027813,65.315372,3.168852,-17.689223,1.674487,-1.009436,-0.000111,-0.120553,-0.847871,-0.516315,-0.034803,-0.516179,0.855773,-0.992097,0.121135,0.032718
13.310000,0.588858,-0.401650,-0.653459,-0.008329,0.014030,-0.018194,-2.860877,1.445280,1.306695,0.011605,-0.026845,-0.004123,-0.607779,2.377031,-0.184022,-1.586800,0.431797,0.717646,0.312992,-0.017157,0.001399,0.036083,0.049646,-0.008432,0.060159,-0.026011,-0.000637,-0.003035,-0.020551,-0.055335,0.001340,-0.059819,0.035675,-0.027681,65.306065,3.175429,-17.681956,1.674085,-1.008847,-0.000111,-0.120287,-0.847925,-0.516289,-0.034682,-0.516158,0.855791,-0.992133,0.120846,0.032679
13.320000,0.588775,-0.401511,-0.653640,-0.008234,0.013872,-0.017988,-2.861210,1.445569,1.306400,0.011457,-0.026547,-0.004075,-0.607951,2.377044,-0.183664,-1.586309,0.431713,0.718242,0.312736,-0.017163,0.001369,0.035878,0.049095,-0.008419,0.059563,-0.025656,-0.000616,-0.003011,-0.020483,-0.055102,0.001315,-0.059629,0.035491,-0.027546,65.296852,3.181977,-17.674760,1.673693,-1.008264,-0.000111,-0.120023,-0.847979,-0.516262,-0.034563,-0.516137,0.855808,-0.992169,0.120560,0.032640
13.330000,0.588693,-0.401373,-0.653819,-0.008141,0.013714,-0.017783,-2.861540,1.445854,1.306109,0.011310,-0.026251,-0.004028,-0.608122,2.377058,-0.183307,-1.585823,0.431629,0.718831,0.312482,-0.017169,0.001339,0.035674,0.048547,-0.008406,0.058969,-0.025303,-0.000595,-0.002987,-0.020415,-0.054866,0.001291,-0.059437,0.035305,-0.027410,65.287733,3.188496,-17.667634,1.673312,-1.007687,-0.000111,-0.119763,-0.848031,-0.516236,-0.034445,-0.516116,0.855826,-0.992205,0.120278,0.032601
13.340000,0.588612,-0.401236,-0.653996,-0.008048,0.013557,-0.017580,-2.861866,1.446136,1.305820,0.011164,-0.025956,-0.003980,-0.608294,2.377071,-0.182952,-1.585343,0.431545,0.719415,0.312233,-0.017175,0.001309,0.035471,0.048000,-0.008393,0.058376,-0.024952,-0.000572,-0.002963,-0.020346,-0.054630,0.001267,-0.059241,0.035119,-0.027271,65.278707,3.194987,-17.660577,1.672940,-1.007115,-0.000111,-0.119505,-0.848083,-0.516210,-0.034329,-0.516096,0.855843,-0.992240,0.119998,0.032562
13.350000,0.588532,-0.401102,-0.654170,-0.007955,0.013400,-0.017377,-2.862189,1.446414,1.305535,0.011020,-0.025663,-0.003934,-0.608466,2.377084,-0.182600,-1.584869,0.431461,0.719993,0.311987,-0.017180,0.001280,0.035268,0.047456,-0.008380,0.057786,-0.024603,-0.000550,-0.002939,-0.020278,-0.054391,0.001245,-0.059043,0.034932,-0.027130,65.269773,3.201449,-17.653591,1.672579,-1.006550,-0.000112,-0.119250,-0.848135,-0.516185,-0.034214,-0.516076,0.855859,-0.992275,0.119722,0.032524
13.360000,0.588453,-0.400968,-0.654343,-0.007862,0.013245,-0.017175,-2.862507,1.446690,1.305254,0.010876,-0.025371,-0.003887,-0.608638,2.377096,-0.182249,-1.584400,0.431377,0.720565,0.311744,-0.017186,0.001251,0.035066,0.046915,-0.008368,0.057197,-0.024255,-0.000526,-0.002915,-0.020209,-0.054151,0.001223,-0.058842,0.034745,-0.026987,65.260932,3.207883,-17.646674,1.672229,-1.005990,-0.000112,-0.118998,-0.848185,-0.516160,-0.034101,-0.516056,0.855876,-0.992309,0.119449,0.032486
13.370000,0.588375,-0.400837,-0.654514,-0.007771,0.013090,-0.016975,-2.862822,1.446962,1.304975,0.010734,-0.025080,-0.003841,-0.608810,2.377108,-0.181900,-1.583936,0.431294,0.721131,0.311505,-0.017191,0.001222,0.034864,0.046376,-0.008356,0.056611,-0.023910,-0.000502,-0.002891,-0.020140,-0.053909,0.001202,-0.058638,0.034556,-0.026842,65.252183,3.214289,-17.639826,1.671888,-1.005437,-0.000112,-0.118749,-0.848235,-0.516135,-0.033989,-0.516036,0.855892,-0.992342,0.119180,0.032448
13.380000,0.588297,-0.400707,-0.654683,-0.007679,0.012936,-0.016775,-2.863133,1.447231,1.304700,0.010593,-0.024790,-0.003794,-0.608982,2.377120,-0.181554,-1.583477,0.431210,0.721691,0.311270,-0.017195,0.001193,0.034664,0.045839,-0.008344,0.056027,-0.023566,-0.000478,-0.002867,-0.020071,-0.053665,0.001181,-0.058432,0.034367,-0.026694,65.243526,3.220666,-17.633047,1.671557,-1.004890,-0.000112,-0.118503,-0.848285,-0.516110,-0.033879,-0.516016,0.855909,-0.992376,0.118913,0.032411
13.390000,0.588221,-0.400578,-0.654849,-0.007588,0.012783,-0.016577,-2.863441,1.447497,1.304428,0.010453,-0.024502,-0.003749,-0.609154,2.377132,-0.181209,-1.583024,0.431127,0.722246,0.311037,-0.017200,0.001165,0.034464,0.045305,-0.008333,0.055445,-0.023224,-0.000452,-0.002843,-0.020002,-0.053419,0.001161,-0.058222,0.034178,-0.026545,65.234959,3.227015,-17.626337,1.671237,-1.004349,-0.000112,-0.118260,-0.848334,-0.516086,-0.033770,-0.515997,0.855925,-0.992408,0.118650,0.032374
13.400000,0.588146,-0.400451,-0.655014,-0.007498,0.012631,-0.016379,-2.863745,1.447760,1.304160,0.010315,-0.024215,-0.003703,-0.609326,2.377143,-0.180866,-1.582577,0.431044,0.722794,0.310809,-0.017204,0.001136,0.034264,0.044773,-0.008321,0.054864,-0.022884,-0.000427,-0.002819,-0.019933,-0.053172,0.001142,-0.058010,0.033987,-0.026393,65.226484,3.233337,-17.619696,1.670927,-1.003814,-0.000112,-0.118019,-0.848382,-0.516062,-0.033662,-0.515977,0.855941,-0.992441,0.118389,0.032337
13.410000,0.588071,-0.400325,-0.655177,-0.007408,0.012479,-0.016182,-2.864045,1.448019,1.303894,0.010177,-0.023929,-0.003658,-0.609498,2.377154,-0.180526,-1.582134,0.430961,0.723337,0.310583,-0.017208,0.001108,0.034066,0.044244,-0.008310,0.054286,-0.022546,-0.000400,-0.002795,-0.019863,-0.052923,0.001124,-0.057795,0.033796,-0.026239,65.218098,3.239630,-17.613123,1.670626,-1.003285,-0.000112,-0.117782,-0.848429,-0.516038,-0.033556,-0.515958,0.855956,-0.992472,0.118132,0.032300
13.420000,0.587997,-0.400201,-0.655338,-0.007318,0.012328,-0.015987,-2.864342,1.448276,1.303632,0.010041,-0.023645,-0.003613,-0.609670,2.377165,-0.180187,-1.581697,0.430878,0.723874,0.310361,-0.017212,0.001081,0.033868,0.043717,-0.008299,0.053711,-0.022210,-0.000373,-0.002771,-0.019794,-0.052672,0.001107,-0.057577,0.033605,-0.026083,65.209803,3.245895,-17.606617,1.670336,-1.002763,-0.000112,-0.117547,-0.848476,-0.516015,-0.033452,-0.515939,0.855972,-0.992504,0.117878,0.032264
13.430000,0.587925,-0.400079,-0.655497,-0.007229,0.012178,-0.015793,-2.864635,1.448529,1.303373,0.009906,-0.023362,-0.003568,-0.609842,2.377176,-0.179850,-1.581265,0.430795,0.724406,0.310142,-0.017215,0.001053,0.033670,0.043193,-0.008288,0.053137,-0.021876,-0.000346,-0.002747,-0.019724,-0.052420,0.001090,-0.057357,0.033413,-0.025926,65.201597,3.252132,-17.600180,1.670055,-1.002247,-0.000112,-0.117315,-0.848522,-0.515992,-0.033348,-0.515920,0.855987,-0.992535,0.117628,0.032228
13.440000,0.587853,-0.399958,-0.655654,-0.007141,0.012029,-0.015599,-2.864924,1.448780,1.303117,0.009772,-0.023081,-0.003524,-0.610014,2.377186,-0.179516,-1.580838,0.430712,0.724931,0.309927,-0.017219,0.001026,0.033474,0.042671,-0.008277,0.052566,-0.021544,-0.000318,-0.002723,-0.019655,-0.052166,0.001074,-0.057133,0.033220,-0.025766,65.193481,3.258342,-17.593810,1.669785,-1.001737,-0.000112,-0.117086,-0.848568,-0.515969,-0.033247,-0.515902,0.856002,-0.992565,0.117380,0.032193
13.450000,0.587782,-0.399838,-0.655809,-0.007053,0.011881,-0.015407,-2.865210,1.449027,1.302864,0.009639,-0.022801,-0.003480,-0.610186,2.377196,-0.179183,-1.580417,0.430630,0.725451,0.309715,-0.017221,0.000999,0.033278,0.042152,-0.008267,0.051997,-0.021214,-0.000289,-0.002699,-0.019585,-0.051910,0.001058,-0.056907,0.033026,-0.025604,65.185453,3.264524,-17.587508,1.669525,-1.001234,-0.000112,-0.116859,-0.848613,-0.515946,-0.033146,-0.515884,0.856017,-0.992595,0.117135,0.032157
13.460000,0.587712,-0.399720,-0.655962,-0.006965,0.011734,-0.015216,-2.865492,1.449271,1.302614,0.009507,-0.022522,-0.003436,-0.610359,2.377206,-0.178852,-1.580001,0.430547,0.725966,0.309506,-0.017224,0.000972,0.033083,0.041636,-0.008256,0.051430,-0.020886,-0.000260,-0.002675,-0.019515,-0.051653,0.001044,-0.056679,0.032832,-0.025440,65.177513,3.270678,-17.581273,1.669274,-1.000737,-0.000113,-0.116635,-0.848657,-0.515924,-0.033047,-0.515865,0.856032,-0.992625,0.116893,0.032122
13.470000,0.587643,-0.399604,-0.656113,-0.006878,0.011587,-0.015026,-2.865771,1.449512,1.302368,0.009376,-0.022245,-0.003392,-0.610531,2.377215,-0.178523,-1.579589,0.430464,0.726474,0.309300,-0.017226,0.000946,0.032888,0.041122,-0.008246,0.050865,-0.020559,-0.000230,-0.002651,-0.019445,-0.051394,0.001030,-0.056448,0.032637,-0.025275,65.169662,3.276805,-17.575104,1.669033,-1.000247,-0.000113,-0.116414,-0.848701,-0.515902,-0.032949,-0.515848,0.856047,-0.992654,0.116655,0.032088
13.480000,0.587574,-0.399488,-0.656262,-0.006792,0.011441,-0.014836,-2.866047,1.449750,1.302124,0.009247,-0.021969,-0.003349,-0.610703,2.377224,-0.178196,-1.579183,0.430382,0.726977,0.309098,-0.017228,0.000919,0.032695,0.040611,-0.008236,0.050303,-0.020235,-0.000200,-0.002627,-0.019374,-0.051134,0.001016,-0.056214,0.032442,-0.025107,65.161898,3.282904,-17.569002,1.668802,-0.999764,-0.000113,-0.116196,-0.848744,-0.515880,-0.032853,-0.515830,0.856061,-0.992683,0.116419,0.032053
13.490000,0.587507,-0.399375,-0.656410,-0.006706,0.011296,-0.014648,-2.866319,1.449985,1.301884,0.009118,-0.021694,-0.003305,-0.610876,2.377233,-0.177871,-1.578782,0.430300,0.727475,0.308899,-0.017230,0.000893,0.032502,0.040102,-0.008226,0.049744,-0.019912,-0.000169,-0.002603,-0.019304,-0.050872,0.001003,-0.055977,0.032246,-0.024938,65.154220,3.288976,-17.562966,1.668581,-0.999287,-0.000113,-0.115980,-0.848786,-0.515859,-0.032758,-0.515812,0.856075,-0.992711,0.116186,0.032019
13.500000,0.587440,-0.399263,-0.656555,-0.006620,0.011152,-0.014461,-2.866587,1.450217,1.301647,0.008991,-0.021421,-0.003263,-0.611048,2.377242,-0.177548,-1.578386,0.430218,0.727967,0.308703,-0.017231,0.000868,0.032309,0.039596,-0.008216,0.049186,-0.019592,-0.000138,-0.002579,-0.019233,-0.050608,0.000991,-0.055738,0.032049,-0.024766,65.146630,3.295021,-17.556996,1.668370,-0.998816,-0.000113,-0.115767,-0.848828,-0.515837,-0.032664,-0.515795,0.856089,-0.992739,0.115957,0.031986
13.510000,0.587374,-0.399152,-0.656699,-0.006535,0.011009,-0.014276,-2.866852,1.450446,1.301412,0.008865,-0.021150,-0.003220,-0.611220,2.377250,-0.177227,-1.577995,0.430136,0.728453,0.308510,-0.017232,0.000842,0.032118,0.039092,-0.008206,0.048631,-0.019273,-0.000107,-0.002555,-0.019162,-0.050343,0.000980,-0.055497,0.031852,-0.024593,65.139125,3.301038,-17.551091,1.668168,-0.998353,-0.000113,-0.115557,-0.848870,-0.515816,-0.032572,-0.515778,0.856103,-0.992767,0.115730,0.031952
13.520000,0.587309,-0.399042,-0.656841,-0.006450,0.010866,-0.014091,-2.867113,1.450672,1.301181,0.008740,-0.020880,-0.003178,-0.611393,2.377258,-0.176908,-1.577609,0.430054,0.728934,0.308320,-0.017233,0.000817,0.031927,0.038592,-0.008197,0.048079,-0.018957,-0.000074,-0.002531,-0.019091,-0.050076,0.000969,-0.055253,0.031654,-0.024418,65.131707,3.307028,-17.545253,1.667976,-0.997896,-0.000113,-0.115349,-0.848911,-0.515796,-0.032481,-0.515761,0.856117,-0.992794,0.115506,0.031919
13.530000,0.587245,-0.398934,-0.656981,-0.006366,0.010724,-0.013907,-2.867372,1.450896,1.300953,0.008616,-0.020611,-0.003136,-0.611565,2.377266,-0.176590,-1.577228,0.429972,0.729409,0.308134,-0.017234,0.000792,0.031737,0.038094,-0.008187,0.047529,-0.018642,-0.000042,-0.002507,-0.019020,-0.049808,0.000959,-0.055006,0.031455,-0.024241,65.124374,3.312991,-17.539479,1.667794,-0.997445,-0.000113,-0.115145,-0.848951,-0.515775,-0.032391,-0.515744,0.856130,-0.992821,0.115285,0.031887
13.540000,0.587182,-0.398828,-0.657119,-0.006283,0.010584,-0.013724,-2.867626,1.451116,1.300728,0.008492,-0.020344,-0.003094,-0.611737,2.377274,-0.176275,-1.576853,0.429890,0.729879,0.307951,-0.017234,0.000767,0.031547,0.037598,-0.008177,0.046981,-0.018330,-0.000008,-0.002484,-0.018949,-0.049538,0.000950,-0.054757,0.031256,-0.024062,65.117125,3.318928,-17.533770,1.667621,-0.997002,-0.000113,-0.114942,-0.848990,-0.515755,-0.032303,-0.515727,0.856144,-0.992847,0.115067,0.031854
13.550000,0.587120,-0.398723,-0.657255,-0.006200,0.010444,-0.013543,-2.867878,1.451333,1.300505,0.008370,-0.020078,-0.003052,-0.611910,2.377281,-0.175961,-1.576481,0.429808,0.730343,0.307771,-0.017233,0.000742,0.031358,0.037105,-0.008168,0.046436,-0.018019,0.000025,-0.002460,-0.018877,-0.049267,0.000941,-0.054505,0.031057,-0.023882,65.109961,3.324837,-17.528125,1.667458,-0.996565,-0.000113,-0.114743,-0.849030,-0.515735,-0.032215,-0.515711,0.856157,-0.992873,0.114852,0.031822
13.560000,0.587058,-0.398619,-0.657390,-0.006117,0.010304,-0.013362,-2.868126,1.451548,1.300286,0.008250,-0.019814,-0.003011,-0.612082,2.377289,-0.175649,-1.576115,0.429727,0.730802,0.307593,-0.017233,0.000718,0.031170,0.036616,-0.008159,0.045894,-0.017710,0.000059,-0.002436,-0.018806,-0.048994,0.000933,-0.054251,0.030856,-0.023700,65.102881,3.330719,-17.522545,1.667304,-0.996134,-0.000114,-0.114545,-0.849068,-0.515716,-0.032129,-0.515695,0.856170,-0.992898,0.114640,0.031791
13.570000,0.586997,-0.398517,-0.657523,-0.006035,0.010166,-0.013183,-2.868371,1.451759,1.300070,0.008130,-0.019551,-0.002970,-0.612254,2.377296,-0.175340,-1.575754,0.429645,0.731256,0.307419,-0.017232,0.000694,0.030983,0.036128,-0.008149,0.045354,-0.017404,0.000094,-0.002412,-0.018734,-0.048720,0.000925,-0.053994,0.030656,-0.023516,65.095884,3.336575,-17.517028,1.667160,-0.995711,-0.000114,-0.114351,-0.849106,-0.515696,-0.032045,-0.515679,0.856183,-0.992923,0.114431,0.031759
13.580000,0.586937,-0.398416,-0.657653,-0.005953,0.010029,-0.013005,-2.868612,1.451968,1.299856,0.008011,-0.019290,-0.002929,-0.612426,2.377302,-0.175032,-1.575398,0.429564,0.731704,0.307248,-0.017231,0.000670,0.030796,0.035644,-0.008140,0.044816,-0.017099,0.000129,-0.002389,-0.018662,-0.048444,0.000919,-0.053735,0.030454,-0.023331,65.088971,3.342404,-17.511575,1.667025,-0.995295,-0.000114,-0.114159,-0.849143,-0.515677,-0.031961,-0.515663,0.856195,-0.992948,0.114224,0.031728
13.590000,0.586878,-0.398316,-0.657783,-0.005872,0.009892,-0.012827,-2.868850,1.452174,1.299646,0.007893,-0.019030,-0.002889,-0.612599,2.377309,-0.174726,-1.575046,0.429483,0.732147,0.307080,-0.017229,0.000646,0.030610,0.035162,-0.008131,0.044281,-0.016797,0.000164,-0.002365,-0.018590,-0.048167,0.000912,-0.053474,0.030252,-0.023143,65.082140,3.348206,-17.506186,1.666900,-0.994885,-0.000114,-0.113970,-0.849180,-0.515658,-0.031879,-0.515647,0.856208,-0.992973,0.114020,0.031697
13.600000,0.586820,-0.398218,-0.657910,-0.005791,0.009756,-0.012651,-2.869085,1.452377,1.299438,0.007776,-0.018772,-0.002849,-0.612771,2.377315,-0.174421,-1.574699,0.429401,0.732584,0.306916,-0.017227,0.000623,0.030425,0.034683,-0.008122,0.043749,-0.016496,0.000200,-0.002342,-0.018518,-0.047888,0.000906,-0.053210,0.030050,-0.022955,65.075391,3.353982,-17.500859,1.666784,-0.994482,-0.000114,-0.113783,-0.849217,-0.515640,-0.031798,-0.515632,0.856220,-0.992997,0.113819,0.031667
13.610000,0.586762,-0.398121,-0.658036,-0.005711,0.009621,-0.012476,-2.869317,1.452577,1.299233,0.007661,-0.018515,-0.002809,-0.612943,2.377321,-0.174119,-1.574357,0.429320,0.733016,0.306754,-0.017225,0.000600,0.030241,0.034207,-0.008113,0.043220,-0.016198,0.000236,-0.002318,-0.018445,-0.047608,0.000901,-0.052944,0.029847,-0.022764,65.068724,3.359731,-17.495596,1.666677,-0.994086,-0.000114,-0.113599,-0.849252,-0.515622,-0.031718,-0.515617,0.856232,-0.993020,0.113621,0.031637
13.620000,0.586706,-0.398025,-0.658160,-0.005632,0.009487,-0.012303,-2.869546,1.452775,1.299031,0.007546,-0.018260,-0.002769,-0.613116,2.377327,-0.173818,-1.574020,0.429239,0.733443,0.306595,-0.017222,0.000577,0.030057,0.033734,-0.008104,0.042693,-0.015901,0.000273,-0.002295,-0.018372,-0.047327,0.000897,-0.052675,0.029643,-0.022572,65.062138,3.365454,-17.490394,1.666579,-0.993697,-0.000114,-0.113417,-0.849288,-0.515603,-0.031639,-0.515602,0.856244,-0.993044,0.113426,0.031607
13.630000,0.586650,-0.397931,-0.658282,-0.005553,0.009354,-0.012130,-2.869771,1.452970,1.298832,0.007432,-0.018006,-0.002730,-0.613288,2.377332,-0.173520,-1.573687,0.429158,0.733865,0.306438,-0.017219,0.000554,0.029874,0.033264,-0.008095,0.042169,-0.015607,0.000310,-0.002272,-0.018300,-0.047044,0.000893,-0.052405,0.029439,-0.022378,65.055633,3.371151,-17.485255,1.666491,-0.993314,-0.000114,-0.113238,-0.849322,-0.515586,-0.031562,-0.515587,0.856256,-0.993066,0.113233,0.031578
13.640000,0.586595,-0.397838,-0.658402,-0.005474,0.009222,-0.011958,-2.869993,1.453162,1.298636,0.007319,-0.017754,-0.002691,-0.613460,2.377338,-0.173223,-1.573359,0.429077,0.734281,0.306285,-0.017215,0.000532,0.029692,0.032796,-0.008086,0.041648,-0.015315,0.000347,-0.002249,-0.018226,-0.046760,0.000890,-0.052131,0.029234,-0.022183,65.049208,3.376822,-17.480177,1.666412,-0.992939,-0.000114,-0.113061,-0.849357,-0.515568,-0.031485,-0.515572,0.856268,-0.993089,0.113043,0.031549
13.650000,0.586540,-0.397747,-0.658521,-0.005396,0.009090,-0.011788,-2.870212,1.453351,1.298442,0.007208,-0.017503,-0.002652,-0.613632,2.377343,-0.172928,-1.573036,0.428997,0.734693,0.306135,-0.017211,0.000509,0.029510,0.032331,-0.008077,0.041129,-0.015024,0.000385,-0.002225,-0.018153,-0.046474,0.000887,-0.051856,0.029029,-0.021986,65.042862,3.382466,-17.475161,1.666341,-0.992570,-0.000114,-0.112887,-0.849390,-0.515551,-0.031410,-0.515557,0.856279,-0.993111,0.112856,0.031520
13.660000,0.586487,-0.397657,-0.658638,-0.005319,0.008959,-0.011618,-2.870428,1.453538,1.298251,0.007097,-0.017254,-0.002614,-0.613804,2.377348,-0.172634,-1.572717,0.428916,0.735099,0.305988,-0.017207,0.000487,0.029329,0.031869,-0.008069,0.040613,-0.014736,0.000423,-0.002202,-0.018080,-0.046187,0.000885,-0.051578,0.028823,-0.021788,65.036597,3.388084,-17.470206,1.666280,-0.992209,-0.000115,-0.112715,-0.849423,-0.515534,-0.031336,-0.515543,0.856290,-0.993133,0.112672,0.031492
13.670000,0.586434,-0.397568,-0.658753,-0.005242,0.008830,-0.011450,-2.870640,1.453722,1.298063,0.006987,-0.017007,-0.002575,-0.613976,2.377352,-0.172343,-1.572403,0.428835,0.735500,0.305843,-0.017203,0.000465,0.029149,0.031410,-0.008060,0.040100,-0.014450,0.000462,-0.002179,-0.018006,-0.045899,0.000883,-0.051298,0.028617,-0.021588,65.030410,3.393676,-17.465311,1.666228,-0.991854,-0.000115,-0.112546,-0.849456,-0.515517,-0.031263,-0.515529,0.856302,-0.993155,0.112490,0.031464
13.680000,0.586382,-0.397480,-0.658867,-0.005165,0.008701,-0.011283,-2.870850,1.453903,1.297878,0.006879,-0.016761,-0.002537,-0.614148,2.377357,-0.172053,-1.572093,0.428755,0.735896,0.305702,-0.017198,0.000444,0.028970,0.030954,-0.008051,0.039590,-0.014166,0.000501,-0.002156,-0.017932,-0.045609,0.000882,-0.051016,0.028410,-0.021387,65.024301,3.399243,-17.460477,1.666185,-0.991506,-0.000115,-0.112379,-0.849488,-0.515500,-0.031192,-0.515515,0.856313,-0.993176,0.112311,0.031436
13.690000,0.586331,-0.397394,-0.658979,-0.005089,0.008573,-0.011117,-2.871057,1.454081,1.297695,0.006771,-0.016516,-0.002500,-0.614320,2.377361,-0.171765,-1.571788,0.428674,0.736286,0.305563,-0.017192,0.000423,0.028791,0.030501,-0.008042,0.039083,-0.013884,0.000540,-0.002133,-0.017858,-0.045318,0.000881,-0.050732,0.028203,-0.021184,65.018270,3.404783,-17.455704,1.666151,-0.991165,-0.000115,-0.112215,-0.849520,-0.515484,-0.031121,-0.515501,0.856323,-0.993197,0.112134,0.031409
13.700000,0.586280,-0.397308,-0.659089,-0.005014,0.008446,-0.010952,-2.871260,1.454257,1.297515,0.006664,-0.016274,-0.002462,-0.614492,2.377365,-0.171479,-1.571488,0.428594,0.736672,0.305427,-0.017186,0.000401,0.028614,0.030051,-0.008033,0.038579,-0.013604,0.000580,-0.002111,-0.017784,-0.045026,0.000881,-0.050445,0.027995,-0.020980,65.012317,3.410298,-17.450990,1.666126,-0.990831,-0.000115,-0.112052,-0.849551,-0.515468,-0.031052,-0.515488,0.856334,-0.993217,0.111960,0.031382
13.710000,0.586230,-0.397225,-0.659198,-0.004939,0.008319,-0.010788,-2.871461,1.454431,1.297338,0.006558,-0.016033,-0.002425,-0.614664,2.377369,-0.171195,-1.571192,0.428514,0.737053,0.305293,-0.017180,0.000381,0.028437,0.029604,-0.008024,0.038077,-0.013326,0.000620,-0.002088,-0.017710,-0.044733,0.000882,-0.050156,0.027787,-0.020775,65.006440,3.415787,-17.446335,1.666109,-0.990504,-0.000115,-0.111893,-0.849582,-0.515452,-0.030983,-0.515475,0.856345,-0.993237,0.111789,0.031355
13.720000,0.586181,-0.397142,-0.659305,-0.004864,0.008194,-0.010626,-2.871658,1.454601,1.297163,0.006454,-0.015793,-0.002388,-0.614835,2.377372,-0.170912,-1.570900,0.428434,0.737429,0.305163,-0.017174,0.000360,0.028260,0.029159,-0.008016,0.037578,-0.013050,0.000660,-0.002065,-0.017635,-0.044438,0.000883,-0.049865,0.027578,-0.020568,65.000640,3.421250,-17.441739,1.666101,-0.990183,-0.000115,-0.111735,-0.849612,-0.515436,-0.030916,-0.515461,0.856355,-0.993257,0.111620,0.031329
13.730000,0.586133,-0.397061,-0.659410,-0.004790,0.008069,-0.010464,-2.871853,1.454770,1.296991,0.006350,-0.015555,-0.002352,-0.615007,2.377376,-0.170631,-1.570613,0.428354,0.737800,0.305035,-0.017167,0.000339,0.028085,0.028718,-0.008007,0.037083,-0.012777,0.000701,-0.002043,-0.017560,-0.044142,0.000884,-0.049572,0.027368,-0.020359,64.994916,3.426688,-17.437202,1.666102,-0.989870,-0.000115,-0.111581,-0.849642,-0.515421,-0.030850,-0.515448,0.856365,-0.993276,0.111454,0.031303
13.740000,0.586086,-0.396981,-0.659514,-0.004717,0.007946,-0.010304,-2.872044,1.454935,1.296822,0.006247,-0.015319,-0.002315,-0.615179,2.377379,-0.170352,-1.570330,0.428274,0.738166,0.304910,-0.017159,0.000319,0.027910,0.028279,-0.007998,0.036590,-0.012505,0.000742,-0.002020,-0.017485,-0.043844,0.000886,-0.049277,0.027159,-0.020150,64.989267,3.432100,-17.432724,1.666111,-0.989563,-0.000115,-0.111428,-0.849671,-0.515406,-0.030784,-0.515436,0.856375,-0.993296,0.111291,0.031277
13.750000,0.586039,-0.396902,-0.659617,-0.004644,0.007823,-0.010145,-2.872233,1.455098,1.296655,0.006145,-0.015084,-0.002279,-0.615350,2.377382,-0.170075,-1.570052,0.428194,0.738527,0.304788,-0.017151,0.000299,0.027736,0.027844,-0.007989,0.036100,-0.012236,0.000783,-0.001998,-0.017410,-0.043546,0.000889,-0.048980,0.026948,-0.019939,64.983694,3.437487,-17.428303,1.666129,-0.989263,-0.000115,-0.111278,-0.849700,-0.515391,-0.030720,-0.515423,0.856385,-0.993314,0.111129,0.031252
13.760000,0.585993,-0.396824,-0.659717,-0.004572,0.007701,-0.009987,-2.872418,1.455259,1.296491,0.006044,-0.014851,-0.002243,-0.615522,2.377385,-0.169799,-1.569778,0.428114,0.738883,0.304668,-0.017143,0.000280,0.027562,0.027411,-0.007980,0.035613,-0.011968,0.000825,-0.001975,-0.017335,-0.043246,0.000892,-0.048681,0.026737,-0.019726,64.978194,3.442849,-17.423941,1.666156,-0.988970,-0.000116,-0.111130,-0.849728,-0.515376,-0.030657,-0.515410,0.856395,-0.993333,0.110971,0.031227
13.770000,0.585947,-0.396748,-0.659816,-0.004500,0.007580,-0.009830,-2.872601,1.455417,1.296330,0.005944,-0.014619,-0.002208,-0.615693,2.377387,-0.169525,-1.569508,0.428034,0.739234,0.304551,-0.017134,0.000260,0.027390,0.026982,-0.007971,0.035129,-0.011703,0.000866,-0.001953,-0.017259,-0.042945,0.000895,-0.048379,0.026526,-0.019513,64.972769,3.448186,-17.419635,1.666191,-0.988684,-0.000116,-0.110984,-0.849756,-0.515362,-0.030595,-0.515398,0.856404,-0.993351,0.110815,0.031202
13.780000,0.585903,-0.396673,-0.659914,-0.004429,0.007460,-0.009674,-2.872781,1.455572,1.296171,0.005845,-0.014389,-0.002173,-0.615864,2.377390,-0.169253,-1.569242,0.427955,0.739580,0.304437,-0.017125,0.000241,0.027218,0.026555,-0.007962,0.034649,-0.011440,0.000909,-0.001931,-0.017183,-0.042642,0.000899,-0.048076,0.026314,-0.019298,64.967417,3.453497,-17.415387,1.666234,-0.988405,-0.000116,-0.110841,-0.849783,-0.515348,-0.030534,-0.515386,0.856414,-0.993369,0.110661,0.031178
13.790000,0.585859,-0.396599,-0.660010,-0.004358,0.007341,-0.009520,-2.872958,1.455725,1.296014,0.005747,-0.014161,-0.002138,-0.616035,2.377392,-0.168983,-1.568981,0.427875,0.739922,0.304325,-0.017116,0.000222,0.027047,0.026132,-0.007953,0.034171,-0.011179,0.000951,-0.001909,-0.017107,-0.042339,0.000903,-0.047771,0.026102,-0.019082,64.962137,3.458783,-17.411195,1.666285,-0.988133,-0.000116,-0.110699,-0.849810,-0.515334,-0.030474,-0.515374,0.856423,-0.993387,0.110510,0.031154
13.800000,0.585816,-0.396526,-0.660104,-0.004288,0.007223,-0.009366,-2.873132,1.455876,1.295860,0.005650,-0.013935,-0.002103,-0.616206,2.377394,-0.168714,-1.568724,0.427796,0.740259,0.304216,-0.017106,0.000203,0.026876,0.025712,-0.007944,0.033696,-0.010920,0.000994,-0.001887,-0.017031,-0.042034,0.000908,-0.047464,0.025889,-0.018864,64.956931,3.464044,-17.407059,1.666345,-0.987867,-0.000116,-0.110561,-0.849836,-0.515320,-0.030415,-0.515362,0.856432,-0.993404,0.110361,0.031131
13.810000,0.585773,-0.396454,-0.660197,-0.004218,0.007105,-0.009214,-2.873303,1.456024,1.295709,0.005553,-0.013710,-0.002068,-0.616377,2.377396,-0.168447,-1.568471,0.427716,0.740591,0.304109,-0.017096,0.000184,0.026707,0.025294,-0.007935,0.033225,-0.010663,0.001037,-0.001865,-0.016955,-0.041729,0.000914,-0.047154,0.025676,-0.018646,64.951796,3.469281,-17.402979,1.666413,-0.987608,-0.000116,-0.110424,-0.849862,-0.515306,-0.030357,-0.515351,0.856441,-0.993421,0.110215,0.031107
13.820000,0.585731,-0.396384,-0.660289,-0.004149,0.006989,-0.009063,-2.873472,1.456169,1.295560,0.005458,-0.013486,-0.002034,-0.616548,2.377397,-0.168181,-1.568222,0.427637,0.740919,0.304005,-0.017085,0.000166,0.026538,0.024880,-0.007926,0.032756,-0.010408,0.001080,-0.001843,-0.016878,-0.041422,0.000919,-0.046843,0.025463,-0.018426,64.946732,3.474492,-17.398955,1.666490,-0.987356,-0.000116,-0.110289,-0.849888,-0.515293,-0.030300,-0.515340,0.856450,-0.993438,0.110071,0.031084
13.830000,0.585690,-0.396314,-0.660378,-0.004080,0.006873,-0.008913,-2.873638,1.456313,1.295413,0.005363,-0.013265,-0.002000,-0.616719,2.377399,-0.167918,-1.567978,0.427558,0.741242,0.303903,-0.017074,0.000147,0.026370,0.024469,-0.007916,0.032291,-0.010156,0.001123,-0.001821,-0.016801,-0.041113,0.000926,-0.046530,0.025249,-0.018205,64.941740,3.479679,-17.394985,1.666574,-0.987111,-0.000116,-0.110157,-0.849913,-0.515280,-0.030244,-0.515328,0.856459,-0.993454,0.109929,0.031062
13.840000,0.585650,-0.396246,-0.660467,-0.004012,0.006759,-0.008764,-2.873801,1.456454,1.295269,0.005270,-0.013045,-0.001967,-0.616890,2.377400,-0.167656,-1.567737,0.427479,0.741560,0.303804,-0.017062,0.000129,0.026203,0.024061,-0.007907,0.031829,-0.009906,0.001167,-0.001800,-0.016724,-0.040804,0.000932,-0.046215,0.025034,-0.017983,64.936817,3.484841,-17.391071,1.666666,-0.986873,-0.000116,-0.110027,-0.849938,-0.515267,-0.030189,-0.515317,0.856468,-0.993470,0.109790,0.031040
13.850000,0.585610,-0.396179,-0.660554,-0.003945,0.006645,-0.008617,-2.873961,1.456592,1.295128,0.005177,-0.012827,-0.001934,-0.617060,2.377401,-0.167395,-1.567500,0.427400,0.741874,0.303708,-0.017050,0.000112,0.026036,0.023656,-0.007898,0.031370,-0.009657,0.001211,-0.001778,-0.016647,-0.040494,0.000939,-0.045898,0.024819,-0.017760,64.931965,3.489978,-17.387211,1.666766,-0.986641,-0.000116,-0.109899,-0.849962,-0.515254,-0.030135,-0.515306,0.856476,-0.993486,0.109653,0.031018
13.860000,0.585571,-0.396113,-0.660639,-0.003878,0.006532,-0.008470,-2.874118,1.456729,1.294988,0.005086,-0.012610,-0.001900,-0.617230,2.377402,-0.167137,-1.567268,0.427321,0.742183,0.303614,-0.017037,0.000094,0.025871,0.023254,-0.007888,0.030914,-0.009411,0.001255,-0.001756,-0.016570,-0.040182,0.000947,-0.045579,0.024604,-0.017536,64.927181,3.495091,-17.383405,1.666875,-0.986416,-0.000117,-0.109773,-0.849986,-0.515242,-0.030082,-0.515296,0.856484,-0.993501,0.109519,0.030996
13.870000,0.585532,-0.396049,-0.660723,-0.003811,0.006420,-0.008325,-2.874273,1.456862,1.294851,0.004995,-0.012395,-0.001868,-0.617401,2.377403,-0.166879,-1.567039,0.427242,0.742488,0.303522,-0.017024,0.000077,0.025706,0.022856,-0.007879,0.030462,-0.009168,0.001299,-0.001735,-0.016492,-0.039870,0.000955,-0.045259,0.024388,-0.017310,64.922467,3.500180,-17.379652,1.666990,-0.986197,-0.000117,-0.109650,-0.850009,-0.515229,-0.030030,-0.515285,0.856492,-0.993517,0.109387,0.030975
13.880000,0.585494,-0.395985,-0.660806,-0.003745,0.006309,-0.008181,-2.874425,1.456994,1.294717,0.004905,-0.012182,-0.001835,-0.617571,2.377404,-0.166624,-1.566815,0.427163,0.742788,0.303433,-0.017011,0.000060,0.025542,0.022460,-0.007869,0.030012,-0.008926,0.001344,-0.001714,-0.016414,-0.039556,0.000963,-0.044936,0.024172,-0.017084,64.917821,3.505244,-17.375953,1.667114,-0.985985,-0.000117,-0.109528,-0.850032,-0.515217,-0.029979,-0.515275,0.856500,-0.993532,0.109257,0.030954
13.890000,0.585457,-0.395922,-0.660887,-0.003680,0.006199,-0.008038,-2.874575,1.457123,1.294585,0.004816,-0.011970,-0.001803,-0.617741,2.377404,-0.166370,-1.566594,0.427085,0.743083,0.303346,-0.016997,0.000043,0.025378,0.022068,-0.007859,0.029566,-0.008686,0.001389,-0.001692,-0.016336,-0.039241,0.000972,-0.044612,0.023955,-0.016857,64.913242,3.510283,-17.372306,1.667246,-0.985780,-0.000117,-0.109409,-0.850055,-0.515206,-0.029929,-0.515265,0.856508,-0.993546,0.109129,0.030933
13.900000,0.585421,-0.395861,-0.660966,-0.003615,0.006090,-0.007897,-2.874722,1.457250,1.294455,0.004728,-0.011761,-0.001771,-0.617911,2.377404,-0.166118,-1.566377,0.427006,0.743375,0.303261,-0.016983,0.000026,0.025216,0.021678,-0.007850,0.029123,-0.008449,0.001434,-0.001671,-0.016258,-0.038926,0.000981,-0.044286,0.023738,-0.016628,64.908731,3.515299,-17.368712,1.667385,-0.985581,-0.000117,-0.109291,-0.850077,-0.515194,-0.029879,-0.515255,0.856516,-0.993561,0.109003,0.030913
13.910000,0.585385,-0.395801,-0.661045,-0.003551,0.005981,-0.007756,-2.874866,1.457375,1.294327,0.004640,-0.011553,-0.001739,-0.618080,2.377404,-0.165868,-1.566164,0.426928,0.743661,0.303179,-0.016968,0.000009,0.025054,0.021292,-0.007840,0.028684,-0.008214,0.001479,-0.001650,-0.016179,-0.038609,0.000990,-0.043958,0.023520,-0.016399,64.904286,3.520290,-17.365170,1.667531,-0.985389,-0.000117,-0.109176,-0.850099,-0.515182,-0.029831,-0.515245,0.856524,-0.993575,0.108880,0.030893
13.920000,0.585350,-0.395741,-0.661122,-0.003487,0.005874,-0.007617,-2.875008,1.457498,1.294202,0.004554,-0.011346,-0.001708,-0.618250,2.377404,-0.165619,-1.565955,0.426850,0.743944,0.303099,-0.016953,-0.000007,0.024893,0.020909,-0.007830,0.028247,-0.007981,0.001524,-0.001629,-0.016100,-0.038291,0.001000,-0.043629,0.023302,-0.016168,64.899908,3.525258,-17.361679,1.667685,-0.985204,-0.000117,-0.109063,-0.850120,-0.515171,-0.029783,-0.515235,0.856531,-0.993589,0.108759,0.030874
13.930000,0.585315,-0.395683,-0.661197,-0.003424,0.005768,-0.007479,-2.875147,1.457618,1.294079,0.004469,-0.011142,-0.001677,-0.618419,2.377404,-0.165371,-1.565750,0.426771,0.744222,0.303022,-0.016937,-0.000023,0.024733,0.020530,-0.007820,0.027814,-0.007750,0.001570,-0.001608,-0.016021,-0.037972,0.001010,-0.043298,0.023084,-0.015937,64.895595,3.530201,-17.358240,1.667846,-0.985025,-0.000117,-0.108952,-0.850141,-0.515160,-0.029737,-0.515226,0.856538,-0.993602,0.108640,0.030854
13.940000,0.585281,-0.395626,-0.661271,-0.003361,0.005662,-0.007342,-2.875284,1.457736,1.293958,0.004384,-0.010939,-0.001646,-0.618588,2.377404,-0.165126,-1.565548,0.426693,0.744496,0.302947,-0.016921,-0.000039,0.024573,0.020153,-0.007809,0.027385,-0.007521,0.001615,-0.001588,-0.015942,-0.037652,0.001021,-0.042965,0.022865,-0.015704,64.891347,3.535121,-17.354852,1.668015,-0.984852,-0.000117,-0.108842,-0.850161,-0.515149,-0.029691,-0.515217,0.856546,-0.993616,0.108524,0.030835
13.950000,0.585248,-0.395570,-0.661344,-0.003299,0.005557,-0.007207,-2.875418,1.457852,1.293839,0.004300,-0.010738,-0.001615,-0.618757,2.377403,-0.164881,-1.565351,0.426615,0.744766,0.302874,-0.016904,-0.000054,0.024415,0.019780,-0.007799,0.026958,-0.007295,0.001661,-0.001567,-0.015863,-0.037331,0.001031,-0.042630,0.022646,-0.015471,64.887163,3.540016,-17.351514,1.668191,-0.984686,-0.000117,-0.108735,-0.850182,-0.515139,-0.029646,-0.515207,0.856553,-0.993629,0.108409,0.030817
13.960000,0.585215,-0.395515,-0.661415,-0.003237,0.005454,-0.007072,-2.875550,1.457966,1.293723,0.004217,-0.010538,-0.001585,-0.618926,2.377402,-0.164639,-1.565156,0.426537,0.745031,0.302803,-0.016887,-0.000070,0.024257,0.019410,-0.007789,0.026535,-0.007070,0.001707,-0.001546,-0.015783,-0.037009,0.001043,-0.042294,0.022427,-0.015237,64.883044,3.544888,-17.348226,1.668374,-0.984527,-0.000118,-0.108630,-0.850201,-0.515128,-0.029602,-0.515198,0.856560,-0.993641,0.108297,0.030798
13.970000,0.585183,-0.395461,-0.661485,-0.003176,0.005351,-0.006939,-2.875679,1.458078,1.293609,0.004135,-0.010340,-0.001555,-0.619095,2.377402,-0.164398,-1.564966,0.426460,0.745292,0.302735,-0.016869,-0.000085,0.024100,0.019043,-0.007778,0.026116,-0.006848,0.001753,-0.001526,-0.015703,-0.036686,0.001054,-0.041956,0.022207,-0.015002,64.878988,3.549736,-17.344988,1.668565,-0.984373,-0.000118,-0.108527,-0.850221,-0.515118,-0.029559,-0.515190,0.856566,-0.993654,0.108187,0.030780
13.980000,0.585152,-0.395408,-0.661554,-0.003116,0.005249,-0.006807,-2.875806,1.458187,1.293497,0.004054,-0.010145,-0.001525,-0.619263,2.377401,-0.164158,-1.564779,0.426382,0.745549,0.302668,-0.016851,-0.000100,0.023944,0.018679,-0.007767,0.025700,-0.006629,0.001800,-0.001505,-0.015623,-0.036362,0.001066,-0.041617,0.021987,-0.014766,64.874995,3.554561,-17.341799,1.668762,-0.984226,-0.000118,-0.108425,-0.850240,-0.515108,-0.029516,-0.515181,0.856573,-0.993666,0.108078,0.030763
13.990000,0.585121,-0.395356,-0.661621,-0.003056,0.005148,-0.006676,-2.875930,1.458295,1.293387,0.003974,-0.009950,-0.001496,-0.619432,2.377399,-0.163921,-1.564596,0.426304,0.745802,0.302604,-0.016833,-0.000115,0.023788,0.018319,-0.007757,0.025287,-0.006411,0.001846,-0.001485,-0.015543,-0.036038,0.001078,-0.041276,0.021766,-0.014529,64.871064,3.559362,-17.338659,1.668967,-0.984086,-0.000118,-0.108326,-0.850258,-0.515098,-0.029475,-0.515172,0.856580,-0.993678,0.107972,0.030745
14.000000,0.585091,-0.395305,-0.661688,-0.002997,0.005048,-0.006546,-2.876052,1.458400,1.293279,0.003894,-0.009758,-0.001467,-0.619600,2.377398,-0.163684,-1.564416,0.426227,0.746051,0.302542,-0.016814,-0.000130,0.023634,0.017962,-0.007746,0.024878,-0.006195,0.001893,-0.001465,-0.015463,-0.035712,0.001091,-0.040933,0.021545,-0.014292,64.867195,3.564140,-17.335567,1.669178,-0.983951,-0.000118,-0.108229,-0.850277,-0.515089,-0.029434,-0.515164,0.856586,-0.993690,0.107868,0.030728
14.010000,0.585061,-0.395255,-0.661752,-0.002938,0.004949,-0.006418,-2.876171,1.458504,1.293173,0.003816,-0.009567,-0.001438,-0.619768,2.377397,-0.163449,-1.564240,0.426150,0.746295,0.302482,-0.016795,-0.000144,0.023480,0.017608,-0.007735,0.024472,-0.005982,0.001939,-0.001444,-0.015382,-0.035385,0.001104,-0.040589,0.021323,-0.014053,64.863387,3.568894,-17.332523,1.669396,-0.983823,-0.000118,-0.108133,-0.850295,-0.515079,-0.029394,-0.515156,0.856592,-0.993702,0.107766,0.030712
14.020000,0.585032,-0.395206,-0.661816,-0.002880,0.004851,-0.006291,-2.876289,1.458605,1.293070,0.003738,-0.009378,-0.001409,-0.619936,2.377395,-0.163216,-1.564068,0.426072,0.746536,0.302425,-0.016775,-0.000158,0.023327,0.017257,-0.007724,0.024069,-0.005771,0.001986,-0.001424,-0.015301,-0.035058,0.001117,-0.040243,0.021102,-0.013814,64.859640,3.573626,-17.329527,1.669621,-0.983701,-0.000118,-0.108039,-0.850312,-0.515070,-0.029355,-0.515148,0.856598,-0.993713,0.107666,0.030695
14.030000,0.585003,-0.395158,-0.661878,-0.002822,0.004754,-0.006165,-2.876404,1.458704,1.292968,0.003661,-0.009191,-0.001381,-0.620103,2.377393,-0.162984,-1.563899,0.425995,0.746773,0.302369,-0.016754,-0.000172,0.023174,0.016910,-0.007712,0.023670,-0.005562,0.002033,-0.001404,-0.015220,-0.034729,0.001130,-0.039896,0.020879,-0.013574,64.855953,3.578334,-17.326578,1.669852,-0.983586,-0.000118,-0.107947,-0.850329,-0.515061,-0.029317,-0.515140,0.856605,-0.993724,0.107568,0.030679
14.040000,0.584976,-0.395111,-0.661939,-0.002765,0.004658,-0.006040,-2.876516,1.458801,1.292869,0.003585,-0.009006,-0.001353,-0.620271,2.377392,-0.162754,-1.563733,0.425918,0.747006,0.302315,-0.016734,-0.000186,0.023023,0.016566,-0.007701,0.023275,-0.005356,0.002080,-0.001384,-0.015139,-0.034400,0.001144,-0.039547,0.020657,-0.013333,64.852325,3.583019,-17.323676,1.670091,-0.983476,-0.000118,-0.107857,-0.850346,-0.515052,-0.029279,-0.515132,0.856610,-0.993735,0.107472,0.030663
14.050000,0.584948,-0.395065,-0.661999,-0.002708,0.004563,-0.005917,-2.876626,1.458897,1.292771,0.003510,-0.008822,-0.001325,-0.620438,2.377390,-0.162525,-1.563571,0.425841,0.747234,0.302264,-0.016712,-0.000200,0.022873,0.016225,-0.007689,0.022883,-0.005151,0.002127,-0.001365,-0.015057,-0.034069,0.001158,-0.039197,0.020434,-0.013092,64.848757,3.587680,-17.320820,1.670335,-0.983373,-0.000118,-0.107769,-0.850363,-0.515043,-0.029243,-0.515125,0.856616,-0.993746,0.107378,0.030648
14.060000,0.584921,-0.395019,-0.662058,-0.002652,0.004468,-0.005794,-2.876734,1.458990,1.292676,0.003436,-0.008641,-0.001298,-0.620605,2.377387,-0.162298,-1.563412,0.425765,0.747459,0.302214,-0.016691,-0.000213,0.022723,0.015888,-0.007678,0.022494,-0.004949,0.002175,-0.001345,-0.014976,-0.033738,0.001172,-0.038846,0.020211,-0.012850,64.845247,3.592319,-17.318010,1.670586,-0.983275,-0.000119,-0.107683,-0.850379,-0.515034,-0.029207,-0.515117,0.856622,-0.993756,0.107286,0.030632
14.070000,0.584895,-0.394975,-0.662115,-0.002597,0.004375,-0.005673,-2.876840,1.459082,1.292582,0.003362,-0.008461,-0.001270,-0.620771,2.377385,-0.162072,-1.563256,0.425688,0.747680,0.302167,-0.016668,-0.000227,0.022574,0.015554,-0.007666,0.022110,-0.004749,0.002222,-0.001325,-0.014894,-0.033406,0.001186,-0.038493,0.019987,-0.012607,64.841795,3.596936,-17.315246,1.670844,-0.983184,-0.000119,-0.107598,-0.850394,-0.515026,-0.029172,-0.515110,0.856628,-0.993766,0.107196,0.030617
14.080000,0.584869,-0.394932,-0.662171,-0.002542,0.004282,-0.005553,-2.876944,1.459171,1.292491,0.003290,-0.008282,-0.001243,-0.620938,2.377383,-0.161848,-1.563104,0.425611,0.747898,0.302121,-0.016646,-0.000240,0.022426,0.015223,-0.007654,0.021728,-0.004552,0.002269,-0.001305,-0.014811,-0.033073,0.001201,-0.038138,0.019763,-0.012363,64.838400,3.601529,-17.312526,1.671108,-0.983098,-0.000119,-0.107515,-0.850410,-0.515018,-0.029137,-0.515103,0.856633,-0.993776,0.107107,0.030603
14.090000,0.584844,-0.394890,-0.662226,-0.002488,0.004191,-0.005435,-2.877045,1.459259,1.292401,0.003218,-0.008106,-0.001217,-0.621104,2.377380,-0.161625,-1.562955,0.425535,0.748111,0.302078,-0.016623,-0.000253,0.022278,0.014896,-0.007641,0.021350,-0.004356,0.002317,-0.001286,-0.014729,-0.032739,0.001216,-0.037782,0.019539,-0.012119,64.835062,3.606100,-17.309851,1.671378,-0.983018,-0.000119,-0.107434,-0.850425,-0.515010,-0.029104,-0.515096,0.856638,-0.993786,0.107021,0.030588
14.100000,0.584820,-0.394848,-0.662280,-0.002434,0.004101,-0.005317,-2.877144,1.459344,1.292313,0.003147,-0.007932,-0.001190,-0.621270,2.377378,-0.161404,-1.562809,0.425459,0.748321,0.302036,-0.016599,-0.000265,0.022132,0.014572,-0.007629,0.020976,-0.004163,0.002364,-0.001267,-0.014647,-0.032405,0.001231,-0.037425,0.019314,-0.011874,64.831780,3.610648,-17.307220,1.671654,-0.982945,-0.000119,-0.107355,-0.850440,-0.515002,-0.029071,-0.515089,0.856644,-0.993796,0.106936,0.030574
14.110000,0.584796,-0.394808,-0.662332,-0.002381,0.004011,-0.005201,-2.877241,1.459428,1.292228,0.003077,-0.007759,-0.001164,-0.621436,2.377375,-0.161184,-1.562667,0.425383,0.748527,0.301997,-0.016575,-0.000278,0.021986,0.014251,-0.007617,0.020605,-0.003972,0.002412,-0.001247,-0.014564,-0.032069,0.001247,-0.037066,0.019089,-0.011628,64.828554,3.615173,-17.304633,1.671936,-0.982877,-0.000119,-0.107277,-0.850454,-0.514994,-0.029039,-0.515082,0.856649,-0.993805,0.106854,0.030561
14.120000,0.584772,-0.394768,-0.662384,-0.002328,0.003922,-0.005086,-2.877336,1.459510,1.292144,0.003007,-0.007588,-0.001139,-0.621601,2.377372,-0.160966,-1.562528,0.425306,0.748729,0.301959,-0.016550,-0.000290,0.021842,0.013934,-0.007604,0.020238,-0.003784,0.002460,-0.001228,-0.014481,-0.031733,0.001262,-0.036707,0.018864,-0.011382,64.825383,3.619677,-17.302090,1.672224,-0.982814,-0.000119,-0.107201,-0.850468,-0.514987,-0.029007,-0.515076,0.856654,-0.993814,0.106773,0.030547
14.130000,0.584749,-0.394729,-0.662434,-0.002276,0.003835,-0.004973,-2.877429,1.459590,1.292062,0.002939,-0.007419,-0.001113,-0.621766,2.377369,-0.160749,-1.562391,0.425231,0.748928,0.301923,-0.016525,-0.000302,0.021698,0.013620,-0.007591,0.019875,-0.003597,0.002507,-0.001209,-0.014398,-0.031396,0.001278,-0.036345,0.018639,-0.011135,64.822266,3.624157,-17.299589,1.672518,-0.982758,-0.000119,-0.107127,-0.850482,-0.514979,-0.028976,-0.515069,0.856659,-0.993823,0.106694,0.030534
14.140000,0.584727,-0.394691,-0.662483,-0.002225,0.003748,-0.004860,-2.877519,1.459669,1.291982,0.002871,-0.007251,-0.001088,-0.621931,2.377366,-0.160533,-1.562258,0.425155,0.749123,0.301889,-0.016500,-0.000314,0.021554,0.013309,-0.007578,0.019515,-0.003413,0.002555,-0.001190,-0.014314,-0.031058,0.001294,-0.035983,0.018413,-0.010888,64.819204,3.628616,-17.297130,1.672818,-0.982707,-0.000119,-0.107055,-0.850496,-0.514972,-0.028946,-0.515063,0.856663,-0.993832,0.106616,0.030521
14.150000,0.584705,-0.394654,-0.662531,-0.002174,0.003662,-0.004749,-2.877608,1.459745,1.291903,0.002804,-0.007086,-0.001063,-0.622096,2.377362,-0.160319,-1.562128,0.425079,0.749315,0.301856,-0.016474,-0.000326,0.021412,0.013002,-0.007565,0.019159,-0.003231,0.002603,-0.001171,-0.014231,-0.030720,0.001311,-0.035619,0.018186,-0.010640,64.816194,3.633052,-17.294714,1.673124,-0.982662,-0.000120,-0.106984,-0.850509,-0.514965,-0.028917,-0.515057,0.856668,-0.993840,0.106541,0.030509
14.160000,0.584683,-0.394618,-0.662578,-0.002124,0.003577,-0.004639,-2.877694,1.459820,1.291827,0.002738,-0.006922,-0.001038,-0.622261,2.377359,-0.160107,-1.562001,0.425004,0.749503,0.301826,-0.016447,-0.000337,0.021271,0.012698,-0.007552,0.018806,-0.003052,0.002651,-0.001152,-0.014147,-0.030380,0.001327,-0.035254,0.017960,-0.010392,64.813238,3.637467,-17.292339,1.673435,-0.982622,-0.000120,-0.106914,-0.850522,-0.514958,-0.028888,-0.515051,0.856673,-0.993848,0.106467,0.030496
14.170000,0.584662,-0.394583,-0.662624,-0.002074,0.003494,-0.004530,-2.877779,1.459893,1.291752,0.002673,-0.006760,-0.001014,-0.622425,2.377356,-0.159895,-1.561877,0.424928,0.749688,0.301797,-0.016420,-0.000348,0.021130,0.012398,-0.007539,0.018457,-0.002874,0.002699,-0.001133,-0.014063,-0.030040,0.001344,-0.034888,0.017733,-0.010143,64.810334,3.641859,-17.290005,1.673752,-0.982588,-0.000120,-0.106847,-0.850534,-0.514952,-0.028860,-0.515045,0.856677,-0.993857,0.106395,0.030484
14.180000,0.584642,-0.394548,-0.662669,-0.002025,0.003411,-0.004423,-2.877862,1.459965,1.291679,0.002608,-0.006600,-0.000990,-0.622589,2.377352,-0.159685,-1.561756,0.424853,0.749869,0.301770,-0.016393,-0.000360,0.020990,0.012101,-0.007525,0.018112,-0.002699,0.002747,-0.001114,-0.013978,-0.029699,0.001361,-0.034520,0.017506,-0.009893,64.807481,3.646229,-17.287712,1.674074,-0.982560,-0.000120,-0.106781,-0.850547,-0.514945,-0.028833,-0.515039,0.856681,-0.993864,0.106324,0.030472
14.190000,0.584622,-0.394514,-0.662713,-0.001976,0.003329,-0.004317,-2.877942,1.460034,1.291608,0.002545,-0.006442,-0.000966,-0.622752,2.377348,-0.159477,-1.561638,0.424778,0.750046,0.301745,-0.016365,-0.000371,0.020851,0.011807,-0.007511,0.017771,-0.002527,0.002794,-0.001095,-0.013894,-0.029358,0.001378,-0.034152,0.017278,-0.009643,64.804679,3.650578,-17.285459,1.674402,-0.982537,-0.000120,-0.106716,-0.850559,-0.514939,-0.028806,-0.515034,0.856686,-0.993872,0.106256,0.030461
14.200000,0.584602,-0.394482,-0.662755,-0.001928,0.003248,-0.004212,-2.878021,1.460102,1.291538,0.002482,-0.006286,-0.000942,-0.622916,2.377344,-0.159270,-1.561523,0.424703,0.750221,0.301721,-0.016336,-0.000381,0.020713,0.011517,-0.007497,0.017433,-0.002356,0.002842,-0.001077,-0.013809,-0.029015,0.001395,-0.033782,0.017051,-0.009393,64.801928,3.654905,-17.283246,1.674735,-0.982519,-0.000120,-0.106653,-0.850570,-0.514932,-0.028780,-0.515028,0.856690,-0.993880,0.106188,0.030450
14.210000,0.584583,-0.394449,-0.662797,-0.001881,0.003168,-0.004108,-2.878098,1.460169,1.291470,0.002420,-0.006132,-0.000919,-0.623079,2.377341,-0.159064,-1.561411,0.424628,0.750392,0.301699,-0.016307,-0.000392,0.020576,0.011230,-0.007483,0.017099,-0.002188,0.002890,-0.001058,-0.013725,-0.028672,0.001413,-0.033411,0.016823,-0.009142,64.799227,3.659210,-17.281072,1.675073,-0.982506,-0.000120,-0.106592,-0.850582,-0.514926,-0.028755,-0.515023,0.856694,-0.993887,0.106123,0.030439
14.220000,0.584564,-0.394418,-0.662837,-0.001834,0.003089,-0.004006,-2.878172,1.460233,1.291404,0.002359,-0.005979,-0.000896,-0.623242,2.377337,-0.158860,-1.561301,0.424553,0.750559,0.301679,-0.016278,-0.000402,0.020440,0.010947,-0.007469,0.016768,-0.002022,0.002938,-0.001040,-0.013639,-0.028328,0.001430,-0.033038,0.016594,-0.008891,64.796575,3.663493,-17.278937,1.675417,-0.982499,-0.000120,-0.106532,-0.850593,-0.514920,-0.028730,-0.515018,0.856698,-0.993894,0.106059,0.030428
14.230000,0.584546,-0.394388,-0.662877,-0.001787,0.003011,-0.003905,-2.878245,1.460297,1.291340,0.002298,-0.005828,-0.000874,-0.623404,2.377332,-0.158656,-1.561195,0.424479,0.750724,0.301660,-0.016248,-0.000413,0.020304,0.010667,-0.007454,0.016442,-0.001858,0.002986,-0.001021,-0.013554,-0.027984,0.001448,-0.032665,0.016366,-0.008639,64.793972,3.667755,-17.276841,1.675765,-0.982497,-0.000120,-0.106473,-0.850604,-0.514915,-0.028706,-0.515013,0.856702,-0.993901,0.105997,0.030418
14.240000,0.584529,-0.394358,-0.662915,-0.001742,0.002934,-0.003805,-2.878316,1.460358,1.291277,0.002239,-0.005679,-0.000851,-0.623566,2.377328,-0.158455,-1.561091,0.424404,0.750885,0.301644,-0.016218,-0.000423,0.020169,0.010391,-0.007440,0.016119,-0.001697,0.003034,-0.001003,-0.013469,-0.027639,0.001466,-0.032291,0.016137,-0.008387,64.791416,3.671996,-17.274782,1.676119,-0.982500,-0.000120,-0.106416,-0.850614,-0.514909,-0.028683,-0.515008,0.856705,-0.993908,0.105936,0.030407
14.250000,0.584511,-0.394329,-0.662953,-0.001697,0.002858,-0.003706,-2.878386,1.460418,1.291216,0.002180,-0.005532,-0.000829,-0.623728,2.377324,-0.158254,-1.560990,0.424330,0.751043,0.301628,-0.016187,-0.000432,0.020035,0.010118,-0.007425,0.015800,-0.001538,0.003082,-0.000985,-0.013383,-0.027293,0.001484,-0.031915,0.015908,-0.008134,64.788909,3.676215,-17.272761,1.676477,-0.982509,-0.000121,-0.106361,-0.850624,-0.514904,-0.028660,-0.515003,0.856709,-0.993914,0.105877,0.030397
14.260000,0.584495,-0.394301,-0.662990,-0.001652,0.002783,-0.003609,-2.878453,1.460476,1.291156,0.002122,-0.005387,-0.000807,-0.623890,2.377319,-0.158055,-1.560891,0.424256,0.751198,0.301614,-0.016156,-0.000442,0.019902,0.009848,-0.007410,0.015484,-0.001381,0.003130,-0.000966,-0.013297,-0.026947,0.001502,-0.031539,0.015678,-0.007881,64.786448,3.680413,-17.270777,1.676841,-0.982522,-0.000121,-0.106307,-0.850634,-0.514898,-0.028638,-0.514998,0.856713,-0.993921,0.105820,0.030388
14.270000,0.584478,-0.394273,-0.663025,-0.001608,0.002709,-0.003513,-2.878519,1.460533,1.291098,0.002065,-0.005244,-0.000786,-0.624051,2.377315,-0.157858,-1.560795,0.424182,0.751350,0.301602,-0.016124,-0.000452,0.019770,0.009582,-0.007395,0.015173,-0.001227,0.003178,-0.000948,-0.013211,-0.026600,0.001520,-0.031161,0.015449,-0.007627,64.784034,3.684590,-17.268829,1.677208,-0.982540,-0.000121,-0.106254,-0.850644,-0.514893,-0.028616,-0.514994,0.856716,-0.993927,0.105764,0.030378
14.280000,0.584463,-0.394247,-0.663060,-0.001565,0.002636,-0.003418,-2.878583,1.460588,1.291041,0.002009,-0.005103,-0.000764,-0.624212,2.377310,-0.157661,-1.560702,0.424108,0.751498,0.301591,-0.016092,-0.000461,0.019639,0.009320,-0.007379,0.014865,-0.001074,0.003226,-0.000930,-0.013125,-0.026252,0.001539,-0.030783,0.015219,-0.007374,64.781666,3.688746,-17.266918,1.677581,-0.982564,-0.000121,-0.106203,-0.850653,-0.514888,-0.028595,-0.514989,0.856719,-0.993933,0.105709,0.030369
14.290000,0.584447,-0.394221,-0.663094,-0.001522,0.002563,-0.003324,-2.878645,1.460642,1.290986,0.001953,-0.004963,-0.000743,-0.624372,2.377306,-0.157466,-1.560611,0.424035,0.751644,0.301582,-0.016059,-0.000470,0.019509,0.009061,-0.007364,0.014561,-0.000925,0.003274,-0.000912,-0.013039,-0.025903,0.001557,-0.030403,0.014988,-0.007120,64.779343,3.692881,-17.265042,1.677958,-0.982592,-0.000121,-0.106153,-0.850663,-0.514883,-0.028574,-0.514985,0.856723,-0.993939,0.105656,0.030360
14.300000,0.584432,-0.394195,-0.663126,-0.001479,0.002492,-0.003232,-2.878705,1.460694,1.290933,0.001898,-0.004825,-0.000723,-0.624533,2.377301,-0.157272,-1.560523,0.423961,0.751786,0.301574,-0.016026,-0.000479,0.019379,0.008805,-0.007348,0.014261,-0.000777,0.003321,-0.000894,-0.012952,-0.025554,0.001576,-0.030022,0.014758,-0.006865,64.777064,3.696995,-17.263201,1.678340,-0.982625,-0.000121,-0.106105,-0.850672,-0.514878,-0.028554,-0.514981,0.856726,-0.993945,0.105605,0.030351
14.310000,0.584418,-0.394171,-0.663158,-0.001438,0.002422,-0.003141,-2.878764,1.460745,1.290881,0.001844,-0.004690,-0.000702,-0.624693,2.377296,-0.157080,-1.560438,0.423888,0.751926,0.301568,-0.015992,-0.000488,0.019251,0.008553,-0.007332,0.013964,-0.000632,0.003369,-0.000876,-0.012865,-0.025205,0.001595,-0.029641,0.014527,-0.006610,64.774830,3.701089,-17.261395,1.678726,-0.982663,-0.000121,-0.106058,-0.850680,-0.514874,-0.028535,-0.514977,0.856729,-0.993950,0.105555,0.030343
14.320000,0.584403,-0.394147,-0.663189,-0.001397,0.002353,-0.003051,-2.878821,1.460794,1.290831,0.001791,-0.004556,-0.000682,-0.624852,2.377291,-0.156889,-1.560355,0.423815,0.752063,0.301563,-0.015958,-0.000496,0.019123,0.008305,-0.007316,0.013672,-0.000489,0.003417,-0.000859,-0.012778,-0.024855,0.001614,-0.029258,0.014296,-0.006355,64.772638,3.705161,-17.259624,1.679116,-0.982705,-0.000121,-0.106012,-0.850689,-0.514869,-0.028516,-0.514973,0.856732,-0.993956,0.105506,0.030335
14.330000,0.584390,-0.394124,-0.663219,-0.001356,0.002285,-0.002963,-2.878877,1.460842,1.290782,0.001739,-0.004424,-0.000662,-0.625011,2.377286,-0.156699,-1.560274,0.423742,0.752197,0.301560,-0.015923,-0.000505,0.018996,0.008060,-0.007299,0.013383,-0.000348,0.003465,-0.000841,-0.012691,-0.024504,0.001633,-0.028875,0.014065,-0.006100,64.770490,3.709213,-17.257886,1.679510,-0.982752,-0.000121,-0.105967,-0.850697,-0.514865,-0.028498,-0.514969,0.856735,-0.993961,0.105459,0.030327
14.340000,0.584376,-0.394101,-0.663248,-0.001316,0.002217,-0.002875,-2.878930,1.460889,1.290734,0.001687,-0.004294,-0.000643,-0.625170,2.377281,-0.156510,-1.560196,0.423669,0.752328,0.301558,-0.015888,-0.000513,0.018870,0.007818,-0.007283,0.013098,-0.000210,0.003512,-0.000823,-0.012603,-0.024152,0.001652,-0.028490,0.013834,-0.005844,64.768384,3.713245,-17.256181,1.679909,-0.982804,-0.000122,-0.105924,-0.850705,-0.514860,-0.028480,-0.514965,0.856738,-0.993966,0.105413,0.030319
14.350000,0.584363,-0.394079,-0.663277,-0.001277,0.002151,-0.002789,-2.878983,1.460934,1.290688,0.001636,-0.004166,-0.000624,-0.625329,2.377276,-0.156323,-1.560120,0.423596,0.752456,0.301557,-0.015852,-0.000521,0.018745,0.007580,-0.007266,0.012817,-0.000074,0.003560,-0.000806,-0.012516,-0.023800,0.001671,-0.028105,0.013602,-0.005589,64.766320,3.717256,-17.254509,1.680312,-0.982860,-0.000122,-0.105882,-0.850713,-0.514856,-0.028463,-0.514962,0.856741,-0.993971,0.105368,0.030311
14.360000,0.584351,-0.394058,-0.663304,-0.001238,0.002086,-0.002705,-2.879033,1.460978,1.290643,0.001586,-0.004039,-0.000605,-0.625487,2.377270,-0.156136,-1.560047,0.423524,0.752581,0.301557,-0.015816,-0.000529,0.018620,0.007346,-0.007249,0.012540,0.000060,0.003607,-0.000788,-0.012428,-0.023448,0.001690,-0.027719,0.013370,-0.005332,64.764296,3.721246,-17.252870,1.680718,-0.982921,-0.000122,-0.105842,-0.850720,-0.514852,-0.028446,-0.514958,0.856743,-0.993976,0.105325,0.030304
14.370000,0.584339,-0.394038,-0.663331,-0.001200,0.002021,-0.002621,-2.879082,1.461020,1.290600,0.001537,-0.003915,-0.000586,-0.625645,2.377265,-0.155951,-1.559976,0.423451,0.752704,0.301559,-0.015780,-0.000537,0.018497,0.007115,-0.007232,0.012267,0.000191,0.003655,-0.000771,-0.012340,-0.023095,0.001709,-0.027331,0.013138,-0.005076,64.762313,3.725217,-17.251263,1.681128,-0.982986,-0.000122,-0.105803,-0.850727,-0.514848,-0.028430,-0.514955,0.856746,-0.993981,0.105283,0.030297
14.380000,0.584327,-0.394018,-0.663357,-0.001162,0.001958,-0.002539,-2.879130,1.461061,1.290558,0.001488,-0.003792,-0.000568,-0.625802,2.377260,-0.155768,-1.559907,0.423379,0.752824,0.301563,-0.015743,-0.000544,0.018374,0.006887,-0.007215,0.011997,0.000320,0.003702,-0.000753,-0.012252,-0.022741,0.001729,-0.026943,0.012905,-0.004820,64.760370,3.729167,-17.249687,1.681543,-0.983056,-0.000122,-0.105764,-0.850734,-0.514844,-0.028415,-0.514951,0.856748,-0.993985,0.105243,0.030290
14.390000,0.584315,-0.393998,-0.663382,-0.001125,0.001896,-0.002458,-2.879176,1.461101,1.290517,0.001441,-0.003672,-0.000550,-0.625959,2.377254,-0.155585,-1.559840,0.423307,0.752941,0.301567,-0.015705,-0.000551,0.018253,0.006663,-0.007197,0.011732,0.000447,0.003749,-0.000736,-0.012164,-0.022387,0.001748,-0.026555,0.012673,-0.004563,64.758467,3.733097,-17.248141,1.681960,-0.983129,-0.000122,-0.105727,-0.850741,-0.514841,-0.028400,-0.514948,0.856751,-0.993990,0.105203,0.030284
14.400000,0.584304,-0.393980,-0.663406,-0.001089,0.001835,-0.002379,-2.879221,1.461140,1.290477,0.001394,-0.003553,-0.000532,-0.626116,2.377248,-0.155404,-1.559776,0.423236,0.753056,0.301573,-0.015667,-0.000559,0.018132,0.006443,-0.007180,0.011470,0.000572,0.003797,-0.000718,-0.012075,-0.022032,0.001768,-0.026165,0.012440,-0.004306,64.756601,3.737008,-17.246627,1.682382,-0.983207,-0.000122,-0.105692,-0.850748,-0.514837,-0.028385,-0.514945,0.856753,-0.993994,0.105165,0.030277
14.410000,0.584293,-0.393962,-0.663429,-0.001053,0.001774,-0.002301,-2.879264,1.461177,1.290439,0.001348,-0.003436,-0.000514,-0.626272,2.377243,-0.155224,-1.559713,0.423164,0.753168,0.301580,-0.015629,-0.000566,0.018012,0.006226,-0.007162,0.011212,0.000694,0.003844,-0.000701,-0.011986,-0.021677,0.001787,-0.025775,0.012207,-0.004049,64.754774,3.740898,-17.245142,1.682806,-0.983289,-0.000122,-0.105657,-0.850754,-0.514834,-0.028371,-0.514942,0.856755,-0.993998,0.105128,0.030271
14.420000,0.584283,-0.393944,-0.663452,-0.001018,0.001715,-0.002224,-2.879306,1.461213,1.290402,0.001302,-0.003322,-0.000497,-0.626428,2.377237,-0.155045,-1.559653,0.423092,0.753277,0.301588,-0.015590,-0.000572,0.017893,0.006013,-0.007144,0.010958,0.000813,0.003891,-0.000684,-0.011897,-0.021321,0.001807,-0.025383,0.011974,-0.003791,64.752985,3.744769,-17.243687,1.683235,-0.983376,-0.000122,-0.105624,-0.850760,-0.514831,-0.028357,-0.514939,0.856758,-0.994002,0.105093,0.030265
14.430000,0.584273,-0.393927,-0.663474,-0.000983,0.001656,-0.002148,-2.879346,1.461248,1.290367,0.001258,-0.003209,-0.000480,-0.626584,2.377231,-0.154867,-1.559595,0.423021,0.753385,0.301597,-0.015551,-0.000579,0.017775,0.005804,-0.007126,0.010708,0.000931,0.003938,-0.000667,-0.011808,-0.020965,0.001826,-0.024991,0.011740,-0.003534,64.751232,3.748619,-17.242261,1.683666,-0.983466,-0.000122,-0.105591,-0.850766,-0.514827,-0.028344,-0.514936,0.856760,-0.994006,0.105059,0.030259
14.440000,0.584263,-0.393911,-0.663495,-0.000949,0.001599,-0.002074,-2.879385,1.461282,1.290332,0.001214,-0.003098,-0.000464,-0.626739,2.377225,-0.154690,-1.559539,0.422950,0.753489,0.301608,-0.015511,-0.000586,0.017658,0.005597,-0.007107,0.010462,0.001046,0.003985,-0.000650,-0.011719,-0.020609,0.001846,-0.024599,0.011507,-0.003276,64.749515,3.752451,-17.240863,1.684101,-0.983560,-0.000123,-0.105560,-0.850772,-0.514824,-0.028331,-0.514934,0.856762,-0.994009,0.105025,0.030253
14.450000,0.584254,-0.393895,-0.663515,-0.000916,0.001543,-0.002001,-2.879422,1.461314,1.290299,0.001171,-0.002989,-0.000447,-0.626893,2.377219,-0.154515,-1.559485,0.422879,0.753591,0.301619,-0.015470,-0.000592,0.017542,0.005395,-0.007088,0.010220,0.001159,0.004031,-0.000633,-0.011630,-0.020251,0.001866,-0.024205,0.011273,-0.003019,64.747834,3.756263,-17.239494,1.684538,-0.983658,-0.000123,-0.105530,-0.850778,-0.514821,-0.028319,-0.514931,0.856764,-0.994013,0.104993,0.030248
14.460000,0.584245,-0.393880,-0.663535,-0.000883,0.001487,-0.001929,-2.879459,1.461345,1.290267,0.001129,-0.002881,-0.000431,-0.627048,2.377213,-0.154341,-1.559433,0.422809,0.753691,0.301632,-0.015430,-0.000598,0.017426,0.005196,-0.007070,0.009982,0.001269,0.004078,-0.000616,-0.011540,-0.019894,0.001886,-0.023811,0.011039,-0.002761,64.746188,3.760055,-17.238152,1.684979,-0.983760,-0.000123,-0.105501,-0.850783,-0.514818,-0.028307,-0.514928,0.856766,-0.994016,0.104962,0.030243
14.470000,0.584236,-0.393866,-0.663554,-0.000851,0.001433,-0.001858,-2.879494,1.461376,1.290236,0.001087,-0.002776,-0.000415,-0.627202,2.377207,-0.154168,-1.559383,0.422738,0.753789,0.301646,-0.015388,-0.000604,0.017312,0.005001,-0.007051,0.009748,0.001377,0.004125,-0.000599,-0.011450,-0.019536,0.001905,-0.023416,0.010805,-0.002503,64.744576,3.763828,-17.236837,1.685423,-0.983866,-0.000123,-0.105473,-0.850788,-0.514816,-0.028295,-0.514926,0.856767,-0.994020,0.104933,0.030237
14.480000,0.584228,-0.393852,-0.663572,-0.000819,0.001380,-0.001789,-2.879527,1.461405,1.290206,0.001047,-0.002673,-0.000400,-0.627355,2.377201,-0.153996,-1.559335,0.422668,0.753884,0.301660,-0.015347,-0.000610,0.017198,0.004809,-0.007031,0.009518,0.001483,0.004171,-0.000582,-0.011360,-0.019177,0.001925,-0.023021,0.010570,-0.002245,64.742998,3.767582,-17.235549,1.685869,-0.983976,-0.000123,-0.105446,-0.850793,-0.514813,-0.028284,-0.514924,0.856769,-0.994023,0.104904,0.030233
14.490000,0.584220,-0.393838,-0.663589,-0.000788,0.001327,-0.001721,-2.879560,1.461433,1.290178,0.001007,-0.002571,-0.000385,-0.627508,2.377195,-0.153825,-1.559289,0.422598,0.753977,0.301676,-0.015304,-0.000616,0.017085,0.004621,-0.007012,0.009292,0.001586,0.004218,-0.000565,-0.011270,-0.018818,0.001945,-0.022624,0.010336,-0.001987,64.741454,3.771316,-17.234287,1.686319,-0.984089,-0.000123,-0.105420,-0.850798,-0.514810,-0.028274,-0.514921,0.856771,-0.994026,0.104876,0.030228
14.500000,0.584212,-0.393825,-0.663606,-0.000757,0.001276,-0.001655,-2.879591,1.461460,1.290150,0.000968,-0.002472,-0.000370,-0.627661,2.377189,-0.153655,-1.559245,0.422528,0.754067,0.301693,-0.015262,-0.000621,0.016974,0.004436,-0.006992,0.009069,0.001687,0.004264,-0.000548,-0.011180,-0.018459,0.001965,-0.022227,0.010101,-0.001729,64.739942,3.775032,-17.233050,1.686771,-0.984206,-0.000123,-0.105395,-0.850802,-0.514808,-0.028263,-0.514919,0.856773,-0.994029,0.104850,0.030223
14.510000,0.584205,-0.393813,-0.663623,-0.000728,0.001226,-0.001589,-2.879621,1.461485,1.290124,0.000929,-0.002375,-0.000355,-0.627813,2.377183,-0.153486,-1.559202,0.422458,0.754156,0.301711,-0.015219,-0.000626,0.016863,0.004255,-0.006972,0.008851,0.001786,0.004310,-0.000532,-0.011089,-0.018099,0.001985,-0.021830,0.009866,-0.001470,64.738462,3.778729,-17.231839,1.687225,-0.984326,-0.000123,-0.105371,-0.850807,-0.514806,-0.028254,-0.514917,0.856774,-0.994032,0.104824,0.030219
14.520000,0.584198,-0.393801,-0.663638,-0.000698,0.001176,-0.001525,-2.879649,1.461510,1.290098,0.000892,-0.002279,-0.000341,-0.627965,2.377176,-0.153319,-1.559161,0.422388,0.754242,0.301730,-0.015175,-0.000632,0.016753,0.004078,-0.006952,0.008637,0.001882,0.004356,-0.000515,-0.010999,-0.017739,0.002005,-0.021432,0.009631,-0.001212,64.737013,3.782407,-17.230652,1.687682,-0.984450,-0.000123,-0.105348,-0.850811,-0.514803,-0.028244,-0.514915,0.856776,-0.994034,0.104800,0.030215
14.530000,0.584191,-0.393789,-0.663653,-0.000670,0.001128,-0.001463,-2.879677,1.461534,1.290074,0.000855,-0.002185,-0.000327,-0.628116,2.377170,-0.153152,-1.559122,0.422319,0.754327,0.301750,-0.015131,-0.000637,0.016644,0.003904,-0.006932,0.008426,0.001976,0.004402,-0.000498,-0.010908,-0.017379,0.002024,-0.021033,0.009395,-0.000954,64.735595,3.786066,-17.229490,1.688141,-0.984577,-0.000124,-0.105326,-0.850815,-0.514801,-0.028235,-0.514913,0.856777,-0.994037,0.104776,0.030211
14.540000,0.584184,-0.393778,-0.663667,-0.000641,0.001081,-0.001401,-2.879703,1.461557,1.290051,0.000819,-0.002094,-0.000313,-0.628267,2.377164,-0.152987,-1.559085,0.422250,0.754409,0.301770,-0.015087,-0.000641,0.016536,0.003734,-0.006912,0.008220,0.002068,0.004448,-0.000482,-0.010817,-0.017018,0.002044,-0.020634,0.009160,-0.000696,64.734207,3.789706,-17.228351,1.688603,-0.984707,-0.000124,-0.105305,-0.850819,-0.514799,-0.028227,-0.514911,0.856779,-0.994039,0.104754,0.030207
14.550000,0.584178,-0.393767,-0.663681,-0.000614,0.001034,-0.001341,-2.879729,1.461579,1.290028,0.000784,-0.002004,-0.000300,-0.628417,2.377157,-0.152823,-1.559049,0.422181,0.754489,0.301792,-0.015042,-0.000646,0.016428,0.003567,-0.006891,0.008018,0.002157,0.004494,-0.000465,-0.010726,-0.016656,0.002064,-0.020234,0.008924,-0.000437,64.732849,3.793328,-17.227235,1.689066,-0.984841,-0.000124,-0.105285,-0.850823,-0.514797,-0.028218,-0.514910,0.856780,-0.994042,0.104732,0.030203
14.560000,0.584172,-0.393757,-0.663694,-0.000587,0.000989,-0.001282,-2.879753,1.461600,1.290007,0.000749,-0.001916,-0.000287,-0.628567,2.377151,-0.152660,-1.559015,0.422112,0.754567,0.301814,-0.014996,-0.000650,0.016322,0.003404,-0.006870,0.007819,0.002244,0.004539,-0.000449,-0.010635,-0.016295,0.002084,-0.019833,0.008689,-0.000179,64.731519,3.796931,-17.226143,1.689532,-0.984978,-0.000124,-0.105265,-0.850826,-0.514795,-0.028210,-0.514908,0.856781,-0.994044,0.104712,0.030200
14.570000,0.584166,-0.393748,-0.663707,-0.000561,0.000945,-0.001225,-2.879776,1.461620,1.289987,0.000716,-0.001830,-0.000274,-0.628717,2.377144,-0.152497,-1.558983,0.422044,0.754643,0.301838,-0.014951,-0.000655,0.016217,0.003245,-0.006849,0.007625,0.002328,0.004585,-0.000432,-0.010543,-0.015932,0.002104,-0.019432,0.008453,0.000079,64.730218,3.800516,-17.225072,1.690000,-0.985118,-0.000124,-0.105247,-0.850830,-0.514793,-0.028203,-0.514906,0.856782,-0.994046,0.104692,0.030196
14.580000,0.584161,-0.393738,-0.663719,-0.000535,0.000901,-0.001169,-2.879798,1.461639,1.289967,0.000683,-0.001746,-0.000261,-0.628866,2.377138,-0.152336,-1.558952,0.421976,0.754718,0.301862,-0.014904,-0.000659,0.016112,0.003089,-0.006828,0.007435,0.002410,0.004630,-0.000416,-0.010452,-0.015570,0.002124,-0.019030,0.008217,0.000338,64.728944,3.804083,-17.224023,1.690469,-0.985261,-0.000124,-0.105229,-0.850833,-0.514792,-0.028195,-0.514905,0.856784,-0.994048,0.104673,0.030193
14.590000,0.584156,-0.393730,-0.663730,-0.000510,0.000859,-0.001114,-2.879819,1.461657,1.289948,0.000651,-0.001664,-0.000249,-0.629014,2.377131,-0.152176,-1.558923,0.421908,0.754790,0.301887,-0.014857,-0.000663,0.016008,0.002937,-0.006806,0.007248,0.002490,0.004675,-0.000400,-0.010360,-0.015207,0.002143,-0.018628,0.007981,0.000596,64.727698,3.807632,-17.222995,1.690941,-0.985407,-0.000124,-0.105212,-0.850836,-0.514790,-0.028189,-0.514903,0.856785,-0.994050,0.104655,0.030190
14.600000,0.584151,-0.393721,-0.663741,-0.000485,0.000818,-0.001060,-2.879839,1.461674,1.289931,0.000619,-0.001584,-0.000237,-0.629162,2.377124,-0.152017,-1.558895,0.421840,0.754861,0.301912,-0.014810,-0.000667,0.015906,0.002789,-0.006785,0.007066,0.002568,0.004720,-0.000383,-0.010268,-0.014844,0.002163,-0.018226,0.007744,0.000854,64.726478,3.811162,-17.221988,1.691414,-0.985556,-0.000124,-0.105196,-0.850839,-0.514788,-0.028182,-0.514902,0.856786,-0.994052,0.104638,0.030187
14.610000,0.584146,-0.393713,-0.663751,-0.000462,0.000777,-0.001008,-2.879858,1.461691,1.289914,0.000589,-0.001506,-0.000225,-0.629310,2.377118,-0.151859,-1.558868,0.421772,0.754930,0.301939,-0.014763,-0.000670,0.015804,0.002644,-0.006763,0.006888,0.002643,0.004765,-0.000367,-0.010176,-0.014481,0.002183,-0.017822,0.007508,0.001112,64.725283,3.814675,-17.221001,1.691888,-0.985707,-0.000124,-0.105181,-0.850842,-0.514787,-0.028176,-0.514901,0.856787,-0.994054,0.104622,0.030184
14.620000,0.584141,-0.393706,-0.663761,-0.000438,0.000738,-0.000957,-2.879876,1.461707,1.289898,0.000559,-0.001430,-0.000214,-0.629457,2.377111,-0.151702,-1.558843,0.421705,0.754997,0.301966,-0.014715,-0.000674,0.015703,0.002503,-0.006741,0.006714,0.002715,0.004810,-0.000351,-0.010084,-0.014117,0.002203,-0.017419,0.007271,0.001371,64.724114,3.818170,-17.220034,1.692365,-0.985862,-0.000125,-0.105166,-0.850844,-0.514785,-0.028170,-0.514899,0.856788,-0.994056,0.104606,0.030182
14.630000,0.584137,-0.393699,-0.663771,-0.000415,0.000700,-0.000908,-2.879893,1.461721,1.289883,0.000530,-0.001356,-0.000203,-0.629604,2.377104,-0.151546,-1.558820,0.421638,0.755062,0.301994,-0.014666,-0.000677,0.015603,0.002365,-0.006719,0.006544,0.002786,0.004854,-0.000335,-0.009991,-0.013753,0.002222,-0.017015,0.007035,0.001629,64.722970,3.821646,-17.219086,1.692842,-0.986019,-0.000125,-0.105152,-0.850847,-0.514784,-0.028164,-0.514898,0.856789,-0.994057,0.104592,0.030179
14.640000,0.584133,-0.393692,-0.663779,-0.000393,0.000663,-0.000859,-2.879910,1.461735,1.289868,0.000502,-0.001284,-0.000192,-0.629750,2.377097,-0.151391,-1.558797,0.421571,0.755126,0.302022,-0.014617,-0.000681,0.015504,0.002231,-0.006696,0.006378,0.002854,0.004899,-0.000319,-0.009899,-0.013389,0.002242,-0.016610,0.006798,0.001887,64.721849,3.825106,-17.218157,1.693321,-0.986179,-0.000125,-0.105139,-0.850849,-0.514783,-0.028159,-0.514897,0.856789,-0.994059,0.104578,0.030177
14.650000,0.584129,-0.393685,-0.663788,-0.000372,0.000626,-0.000812,-2.879925,1.461749,1.289855,0.000474,-0.001214,-0.000182,-0.629896,2.377090,-0.151237,-1.558776,0.421504,0.755188,0.302051,-0.014568,-0.000684,0.015406,0.002101,-0.006674,0.006216,0.002919,0.004943,-0.000302,-0.009806,-0.013024,0.002262,-0.016205,0.006561,0.002145,64.720752,3.828547,-17.217246,1.693801,-0.986342,-0.000125,-0.105127,-0.850852,-0.514781,-0.028154,-0.514896,0.856790,-0.994060,0.104565,0.030175
14.660000,0.584126,-0.393679,-0.663796,-0.000351,0.000591,-0.000767,-2.879940,1.461761,1.289842,0.000448,-0.001146,-0.000171,-0.630041,2.377084,-0.151084,-1.558757,0.421437,0.755249,0.302081,-0.014518,-0.000686,0.015309,0.001974,-0.006651,0.006058,0.002983,0.004987,-0.000286,-0.009713,-0.012659,0.002281,-0.015800,0.006324,0.002402,64.719677,3.831971,-17.216353,1.694282,-0.986507,-0.000125,-0.105115,-0.850854,-0.514780,-0.028149,-0.514895,0.856791,-0.994062,0.104552,0.030173
14.670000,0.584122,-0.393673,-0.663803,-0.000331,0.000557,-0.000722,-2.879953,1.461773,1.289830,0.000422,-0.001079,-0.000161,-0.630186,2.377077,-0.150932,-1.558738,0.421371,0.755308,0.302112,-0.014467,-0.000689,0.015213,0.001852,-0.006628,0.005904,0.003044,0.005031,-0.000270,-0.009620,-0.012294,0.002301,-0.015394,0.006087,0.002660,64.718625,3.835378,-17.215477,1.694764,-0.986674,-0.000125,-0.105104,-0.850856,-0.514779,-0.028145,-0.514894,0.856792,-0.994063,0.104541,0.030171
14.680000,0.584119,-0.393668,-0.663810,-0.000311,0.000524,-0.000679,-2.879966,1.461784,1.289818,0.000397,-0.001015,-0.000152,-0.630330,2.377070,-0.150781,-1.558721,0.421305,0.755365,0.302143,-0.014417,-0.000692,0.015118,0.001732,-0.006605,0.005754,0.003102,0.005075,-0.000254,-0.009527,-0.011928,0.002320,-0.014988,0.005850,0.002918,64.717594,3.838768,-17.214618,1.695247,-0.986844,-0.000125,-0.105094,-0.850858,-0.514778,-0.028140,-0.514893,0.856792,-0.994064,0.104530,0.030169
14.690000,0.584116,-0.393663,-0.663817,-0.000292,0.000492,-0.000637,-2.879978,1.461795,1.289807,0.000372,-0.000953,-0.000142,-0.630473,2.377063,-0.150630,-1.558704,0.421239,0.755422,0.302174,-0.014365,-0.000694,0.015023,0.001617,-0.006581,0.005608,0.003158,0.005119,-0.000238,-0.009434,-0.011563,0.002340,-0.014581,0.005612,0.003175,64.716584,3.842140,-17.213775,1.695731,-0.987016,-0.000125,-0.105084,-0.850859,-0.514777,-0.028136,-0.514892,0.856793,-0.994065,0.104519,0.030167
14.700000,0.584113,-0.393658,-0.663823,-0.000273,0.000460,-0.000597,-2.879990,1.461805,1.289797,0.000349,-0.000892,-0.000133,-0.630617,2.377056,-0.150481,-1.558689,0.421174,0.755476,0.302206,-0.014314,-0.000696,0.014930,0.001505,-0.006558,0.005466,0.003212,0.005162,-0.000223,-0.009341,-0.011197,0.002359,-0.014174,0.005375,0.003433,64.715594,3.845495,-17.212947,1.696216,-0.987191,-0.000125,-0.105075,-0.850861,-0.514776,-0.028133,-0.514891,0.856794,-0.994066,0.104510,0.030165
14.710000,0.584111,-0.393654,-0.663829,-0.000255,0.000430,-0.000558,-2.880000,1.461814,1.289788,0.000326,-0.000834,-0.000125,-0.630759,2.377049,-0.150333,-1.558675,0.421108,0.755529,0.302239,-0.014262,-0.000698,0.014837,0.001396,-0.006534,0.005328,0.003263,0.005205,-0.000207,-0.009247,-0.010830,0.002378,-0.013767,0.005137,0.003690,64.714623,3.848834,-17.212135,1.696701,-0.987367,-0.000126,-0.105066,-0.850863,-0.514775,-0.028129,-0.514891,0.856794,-0.994067,0.104501,0.030164
14.720000,0.584108,-0.393650,-0.663834,-0.000238,0.000401,-0.000520,-2.880010,1.461823,1.289779,0.000304,-0.000777,-0.000116,-0.630901,2.377042,-0.150185,-1.558663,0.421043,0.755581,0.302272,-0.014209,-0.000700,0.014746,0.001292,-0.006510,0.005195,0.003312,0.005249,-0.000191,-0.009153,-0.010464,0.002397,-0.013359,0.004900,0.003947,64.713672,3.852155,-17.211338,1.697187,-0.987546,-0.000126,-0.105058,-0.850864,-0.514775,-0.028126,-0.514890,0.856795,-0.994068,0.104492,0.030162
14.730000,0.584106,-0.393646,-0.663839,-0.000221,0.000373,-0.000484,-2.880020,1.461831,1.289771,0.000282,-0.000723,-0.000108,-0.631043,2.377035,-0.150039,-1.558651,0.420978,0.755632,0.302306,-0.014156,-0.000702,0.014655,0.001191,-0.006486,0.005065,0.003359,0.005292,-0.000175,-0.009060,-0.010097,0.002417,-0.012951,0.004662,0.004204,64.712739,3.855460,-17.210555,1.697673,-0.987726,-0.000126,-0.105051,-0.850866,-0.514774,-0.028123,-0.514889,0.856795,-0.994069,0.104484,0.030161
14.740000,0.584104,-0.393642,-0.663844,-0.000205,0.000346,-0.000449,-2.880028,1.461838,1.289763,0.000262,-0.000670,-0.000100,-0.631184,2.377028,-0.149893,-1.558640,0.420914,0.755681,0.302340,-0.014103,-0.000704,0.014566,0.001093,-0.006461,0.004940,0.003403,0.005334,-0.000159,-0.008966,-0.009730,0.002436,-0.012543,0.004424,0.004460,64.711824,3.858748,-17.209785,1.698159,-0.987909,-0.000126,-0.105044,-0.850867,-0.514773,-0.028120,-0.514889,0.856796,-0.994070,0.104477,0.030160
14.750000,0.584102,-0.393639,-0.663848,-0.000190,0.000320,-0.000415,-2.880036,1.461845,1.289756,0.000242,-0.000620,-0.000093,-0.631324,2.377021,-0.149748,-1.558630,0.420849,0.755730,0.302374,-0.014049,-0.000705,0.014477,0.001000,-0.006437,0.004819,0.003445,0.005377,-0.000143,-0.008872,-0.009363,0.002455,-0.012134,0.004186,0.004717,64.710925,3.862019,-17.209029,1.698646,-0.988094,-0.000126,-0.105038,-0.850868,-0.514773,-0.028117,-0.514888,0.856796,-0.994071,0.104470,0.030158
14.760000,0.584100,-0.393636,-0.663852,-0.000175,0.000295,-0.000382,-2.880044,1.461851,1.289750,0.000223,-0.000571,-0.000085,-0.631464,2.377014,-0.149604,-1.558621,0.420785,0.755777,0.302409,-0.013995,-0.000706,0.014389,0.000910,-0.006412,0.004701,0.003484,0.005420,-0.000128,-0.008777,-0.008996,0.002474,-0.011725,0.003948,0.004973,64.710044,3.865274,-17.208286,1.699133,-0.988280,-0.000126,-0.105032,-0.850869,-0.514772,-0.028115,-0.514888,0.856797,-0.994071,0.104464,0.030157
14.770000,0.584098,-0.393633,-0.663856,-0.000161,0.000271,-0.000351,-2.880050,1.461857,1.289744,0.000205,-0.000525,-0.000078,-0.631604,2.377007,-0.149461,-1.558612,0.420721,0.755823,0.302444,-0.013940,-0.000707,0.014302,0.000824,-0.006387,0.004588,0.003522,0.005462,-0.000112,-0.008683,-0.008628,0.002493,-0.011316,0.003710,0.005230,64.709178,3.868512,-17.207554,1.699620,-0.988468,-0.000126,-0.105026,-0.850870,-0.514771,-0.028113,-0.514887,0.856797,-0.994072,0.104458,0.030156
14.780000,0.584097,-0.393630,-0.663859,-0.000147,0.000248,-0.000321,-2.880057,1.461862,1.289738,0.000187,-0.000480,-0.000072,-0.631743,2.376999,-0.149319,-1.558605,0.420658,0.755867,0.302480,-0.013885,-0.000708,0.014216,0.000741,-0.006362,0.004479,0.003556,0.005504,-0.000096,-0.008589,-0.008261,0.002512,-0.010907,0.003472,0.005486,64.708327,3.871735,-17.206835,1.700106,-0.988658,-0.000126,-0.105021,-0.850871,-0.514771,-0.028111,-0.514887,0.856797,-0.994073,0.104453,0.030156
14.790000,0.584095,-0.393628,-0.663862,-0.000134,0.000226,-0.000293,-2.880062,1.461867,1.289733,0.000171,-0.000438,-0.000065,-0.631881,2.376992,-0.149178,-1.558598,0.420594,0.755911,0.302516,-0.013830,-0.000709,0.014131,0.000662,-0.006337,0.004374,0.003589,0.005546,-0.000081,-0.008494,-0.007893,0.002530,-0.010497,0.003234,0.005742,64.707491,3.874941,-17.206126,1.700593,-0.988849,-0.000126,-0.105017,-0.850872,-0.514771,-0.028109,-0.514886,0.856798,-0.994073,0.104448,0.030155
14.800000,0.584094,-0.393626,-0.663865,-0.000122,0.000205,-0.000266,-2.880067,1.461872,1.289729,0.000155,-0.000397,-0.000059,-0.632019,2.376985,-0.149037,-1.558593,0.420531,0.755954,0.302552,-0.013774,-0.000710,0.014047,0.000587,-0.006311,0.004273,0.003619,0.005588,-0.000065,-0.008399,-0.007525,0.002549,-0.010087,0.002996,0.005997,64.706669,3.878131,-17.205428,1.701079,-0.989042,-0.000126,-0.105013,-0.850873,-0.514770,-0.028107,-0.514886,0.856798,-0.994074,0.104444,0.030154
14.810000,0.584093,-0.393624,-0.663867,-0.000110,0.000185,-0.000240,-2.880072,1.461876,1.289725,0.000140,-0.000358,-0.000054,-0.632156,2.376978,-0.148898,-1.558587,0.420468,0.755996,0.302588,-0.013718,-0.000710,0.013964,0.000515,-0.006286,0.004177,0.003646,0.005630,-0.000050,-0.008305,-0.007157,0.002568,-0.009677,0.002758,0.006253,64.705860,3.881305,-17.204741,1.701565,-0.989236,-0.000127,-0.105009,-0.850873,-0.514770,-0.028106,-0.514886,0.856798,-0.994074,0.104440,0.030153
14.820000,0.584092,-0.393622,-0.663870,-0.000098,0.000166,-0.000215,-2.880076,1.461879,1.289721,0.000126,-0.000321,-0.000048,-0.632292,2.376971,-0.148759,-1.558583,0.420406,0.756036,0.302625,-0.013661,-0.000711,0.013882,0.000447,-0.006260,0.004084,0.003671,0.005671,-0.000034,-0.008210,-0.006788,0.002586,-0.009266,0.002519,0.006508,64.705064,3.884464,-17.204063,1.702051,-0.989432,-0.000127,-0.105006,-0.850874,-0.514769,-0.028104,-0.514885,0.856798,-0.994074,0.104436,0.030153
14.830000,0.584091,-0.393621,-0.663872,-0.000088,0.000148,-0.000192,-2.880080,1.461883,1.289718,0.000112,-0.000287,-0.000043,-0.632428,2.376964,-0.148621,-1.558579,0.420343,0.756076,0.302662,-0.013604,-0.000711,0.013801,0.000383,-0.006234,0.003995,0.003694,0.005712,-0.000019,-0.008114,-0.006420,0.002605,-0.008855,0.002281,0.006763,64.704280,3.887606,-17.203394,1.702536,-0.989629,-0.000127,-0.105003,-0.850874,-0.514769,-0.028103,-0.514885,0.856798,-0.994075,0.104433,0.030152
14.840000,0.584090,-0.393619,-0.663873,-0.000078,0.000131,-0.000170,-2.880083,1.461886,1.289715,0.000099,-0.000254,-0.000038,-0.632564,2.376957,-0.148484,-1.558576,0.420281,0.756116,0.302699,-0.013546,-0.000711,0.013721,0.000323,-0.006207,0.003911,0.003715,0.005754,-0.000003,-0.008019,-0.006051,0.002623,-0.008445,0.002043,0.007018,64.703507,3.890733,-17.202734,1.703020,-0.989827,-0.000127,-0.105000,-0.850875,-0.514769,-0.028102,-0.514885,0.856799,-0.994075,0.104430,0.030152
14.850000,0.584089,-0.393618,-0.663875,-0.000068,0.000115,-0.000149,-2.880086,1.461888,1.289712,0.000087,-0.000223,-0.000033,-0.632699,2.376950,-0.148347,-1.558573,0.420220,0.756154,0.302736,-0.013488,-0.000711,0.013642,0.000266,-0.006181,0.003831,0.003733,0.005795,0.000012,-0.007924,-0.005682,0.002641,-0.008033,0.001804,0.007272,64.702745,3.893845,-17.202082,1.703503,-0.990027,-0.000127,-0.104998,-0.850875,-0.514769,-0.028101,-0.514885,0.856799,-0.994075,0.104427,0.030151
14.860000,0.584089,-0.393617,-0.663876,-0.000060,0.000100,-0.000130,-2.880089,1.461890,1.289710,0.000076,-0.000195,-0.000029,-0.632833,2.376943,-0.148212,-1.558571,0.420158,0.756191,0.302774,-0.013430,-0.000710,0.013563,0.000213,-0.006154,0.003754,0.003748,0.005835,0.000028,-0.007829,-0.005314,0.002660,-0.007622,0.001566,0.007526,64.701994,3.896941,-17.201437,1.703986,-0.990227,-0.000127,-0.104996,-0.850876,-0.514768,-0.028100,-0.514884,0.856799,-0.994076,0.104425,0.030151
14.870000,0.584088,-0.393616,-0.663878,-0.000051,0.000087,-0.000112,-2.880091,1.461892,1.289708,0.000065,-0.000168,-0.000025,-0.632967,2.376936,-0.148077,-1.558569,0.420097,0.756228,0.302812,-0.013371,-0.000710,0.013486,0.000163,-0.006128,0.003682,0.003762,0.005876,0.000043,-0.007733,-0.004945,0.002678,-0.007211,0.001327,0.007780,64.701252,3.900021,-17.200800,1.704468,-0.990429,-0.000127,-0.104994,-0.850876,-0.514768,-0.028100,-0.514884,0.856799,-0.994076,0.104423,0.030150
14.880000,0.584088,-0.393615,-0.663879,-0.000044,0.000074,-0.000096,-2.880093,1.461894,1.289706,0.000056,-0.000143,-0.000021,-0.633100,2.376928,-0.147943,-1.558568,0.420036,0.756264,0.302849,-0.013312,-0.000709,0.013410,0.000117,-0.006101,0.003614,0.003772,0.005916,0.000058,-0.007637,-0.004576,0.002696,-0.006799,0.001089,0.008034,64.700518,3.903087,-17.200169,1.704948,-0.990631,-0.000127,-0.104992,-0.850876,-0.514768,-0.028099,-0.514884,0.856799,-0.994076,0.104422,0.030150
14.890000,0.584087,-0.393614,-0.663880,-0.000037,0.000062,-0.000080,-2.880095,1.461895,1.289705,0.000047,-0.000120,-0.000018,-0.633232,2.376921,-0.147809,-1.558567,0.419975,0.756300,0.302887,-0.013253,-0.000709,0.013334,0.000075,-0.006074,0.003550,0.003781,0.005957,0.000074,-0.007542,-0.004206,0.002714,-0.006387,0.000850,0.008288,64.699794,3.906137,-17.199545,1.705428,-0.990835,-0.000127,-0.104991,-0.850877,-0.514768,-0.028098,-0.514884,0.856799,-0.994076,0.104420,0.030150
14.900000,0.584087,-0.393614,-0.663880,-0.000030,0.000051,-0.000066,-2.880096,1.461896,1.289704,0.000039,-0.000099,-0.000015,-0.633364,2.376914,-0.147677,-1.558567,0.419915,0.756335,0.302925,-0.013193,-0.000708,0.013260,0.000037,-0.006046,0.003491,0.003787,0.005997,0.000089,-0.007446,-0.003837,0.002732,-0.005975,0.000612,0.008541,64.699076,3.909173,-17.198926,1.705906,-0.991039,-0.000128,-0.104990,-0.850877,-0.514768,-0.028098,-0.514884,0.856799,-0.994076,0.104419,0.030150
14.910000,0.584087,-0.393613,-0.663881,-0.000025,0.000041,-0.000054,-2.880097,1.461897,1.289703,0.000031,-0.000080,-0.000012,-0.633496,2.376907,-0.147545,-1.558567,0.419854,0.756369,0.302963,-0.013132,-0.000707,0.013186,0.000002,-0.006019,0.003435,0.003791,0.006036,0.000104,-0.007350,-0.003468,0.002749,-0.005563,0.000373,0.008794,64.698366,3.912193,-17.198312,1.706382,-0.991244,-0.000128,-0.104989,-0.850877,-0.514768,-0.028098,-0.514884,0.856799,-0.994076,0.104418,0.030150
14.920000,0.584086,-0.393613,-0.663881,-0.000019,0.000033,-0.000043,-2.880098,1.461898,1.289702,0.000025,-0.000064,-0.000009,-0.633626,2.376900,-0.147414,-1.558567,0.419794,0.756403,0.303001,-0.013072,-0.000706,0.013114,-0.000029,-0.005991,0.003383,0.003792,0.006076,0.000119,-0.007254,-0.003098,0.002767,-0.005151,0.000135,0.009047,64.697663,3.915199,-17.197702,1.706858,-0.991450,-0.000128,-0.104988,-0.850877,-0.514768,-0.028097,-0.514884,0.856799,-0.994076,0.104417,0.030149
14.930000,0.584086,-0.393613,-0.663882,-0.000015,0.000025,-0.000033,-2.880099,1.461899,1.289701,0.000019,-0.000049,-0.000007,-0.633756,2.376893,-0.147283,-1.558568,0.419735,0.756436,0.303039,-0.013010,-0.000704,0.013042,-0.000056,-0.005963,0.003336,0.003791,0.006116,0.000134,-0.007157,-0.002729,0.002785,-0.004739,-0.000104,0.009299,64.696965,3.918190,-17.197097,1.707331,-0.991657,-0.000128,-0.104988,-0.850877,-0.514768,-0.028097,-0.514884,0.856799,-0.994077,0.104417,0.030149
14.940000,0.584086,-0.393612,-0.663882,-0.000011,0.000018,-0.000024,-2.880099,1.461899,1.289701,0.000014,-0.000036,-0.000005,-0.633886,2.376886,-0.147154,-1.558569,0.419675,0.756469,0.303077,-0.012949,-0.000703,0.012972,-0.000080,-0.005935,0.003293,0.003788,0.006155,0.000150,-0.007061,-0.002359,0.002802,-0.004326,-0.000342,0.009551,64.696272,3.921167,-17.196495,1.707803,-0.991864,-0.000128,-0.104987,-0.850877,-0.514768,-0.028097,-0.514884,0.856799,-0.994077,0.104416,0.030149
14.950000,0.584086,-0.393612,-0.663882,-0.000008,0.000013,-0.000017,-2.880099,1.461900,1.289700,0.000010,-0.000025,-0.000004,-0.634015,2.376879,-0.147025,-1.558570,0.419616,0.756502,0.303114,-0.012887,-0.000701,0.012902,-0.000099,-0.005907,0.003254,0.003782,0.006194,0.000165,-0.006965,-0.001989,0.002820,-0.003914,-0.000581,0.009803,64.695583,3.924129,-17.195896,1.708274,-0.992071,-0.000128,-0.104987,-0.850877,-0.514768,-0.028097,-0.514884,0.856799,-0.994077,0.104416,0.030149
14.960000,0.584086,-0.393612,-0.663882,-0.000005,0.000008,-0.000011,-2.880100,1.461900,1.289700,0.000006,-0.000016,-0.000002,-0.634143,2.376872,-0.146896,-1.558571,0.419558,0.756534,0.303152,-0.012825,-0.000699,0.012833,-0.000116,-0.005879,0.003219,0.003774,0.006233,0.000180,-0.006868,-0.001620,0.002837,-0.003501,-0.000819,0.010055,64.694899,3.927077,-17.195300,1.708742,-0.992279,-0.000128,-0.104987,-0.850877,-0.514768,-0.028097,-0.514884,0.856800,-0.994077,0.104416,0.030149
14.970000,0.584086,-0.393612,-0.663882,-0.000003,0.000005,-0.000006,-2.880100,1.461900,1.289700,0.000003,-0.000009,-0.000001,-0.634271,2.376865,-0.146769,-1.558572,0.419499,0.756566,0.303190,-0.012762,-0.000697,0.012766,-0.000128,-0.005850,0.003188,0.003763,0.006272,0.000195,-0.006772,-0.001250,0.002854,-0.003088,-0.001058,0.010306,64.694218,3.930010,-17.194706,1.709208,-0.992487,-0.000128,-0.104987,-0.850877,-0.514768,-0.028097,-0.514884,0.856800,-0.994077,0.104416,0.030149
14.980000,0.584086,-0.393612,-0.663883,-0.000001,0.000002,-0.000003,-2.880100,1.461900,1.289700,0.000002,-0.000004,-0.000001,-0.634398,2.376858,-0.146642,-1.558574,0.419441,0.756597,0.303227,-0.012699,-0.000695,0.012699,-0.000137,-0.005821,0.003161,0.003750,0.006310,0.000210,-0.006675,-0.000880,0.002871,-0.002675,-0.001296,0.010557,64.693539,3.932930,-17.194113,1.709673,-0.992695,-0.000128,-0.104987,-0.850877,-0.514768,-0.028097,-0.514884,0.856800,-0.994077,0.104416,0.030149
14.990000,0.584086,-0.393612,-0.663883,-0.000000,0.000001,-0.000001,-2.880100,1.461900,1.289700,0.000000,-0.000001,-0.000000,-0.634524,2.376851,-0.146515,-1.558575,0.419383,0.756629,0.303265,-0.012635,-0.000693,0.012633,-0.000142,-0.005793,0.003138,0.003735,0.006349,0.000225,-0.006578,-0.000511,0.002888,-0.002263,-0.001535,0.010807,64.692863,3.935835,-17.193521,1.710135,-0.992904,-0.000129,-0.104987,-0.850877,-0.514768,-0.028097,-0.514884,0.856800,-0.994077,0.104416,0.030149
15.000000,0.584086,-0.393612,-0.663883,-0.000000,0.000000,-0.000000,-2.880100,1.461900,1.289700,0.000000,0.000000,0.000000,-0.634650,2.376844,-0.146390,-1.558576,0.419325,0.756660,0.303302,-0.012571,-0.000691,0.012568,-0.000143,-0.005763,0.003120,0.003717,0.006387,0.000240,-0.006481,-0.000141,0.002905,-0.001850,-0.001773,0.011058,64.692188,3.938727,-17.192930,1.710595,-0.993113,-0.000129,-0.104987,-0.850877,-0.514768,-0.028097,-0.514884,0.856800,-0.994077,0.104416,0.030149
